Text,Views,Replies,Reposts,Likes,Bookmarks,Note Published?,Tweet ID:
DivN/A,divN/A,divN/A,divN/A,divN/A,divN/A,False,1853138571705688576
DivN/A,divN/A,divN/A,divN/A,divN/A,divN/A,False,1854944598059294720
DivN/A,divN/A,divN/A,divN/A,divN/A,divN/A,False,1856862014074757120
DivN/A,divN/A,divN/A,divN/A,divN/A,divN/A,False,1866019377788711424
DivN/A,divN/A,divN/A,divN/A,divN/A,divN/A,False,1871241801065013248
DivN/A,divN/A,divN/A,divN/A,divN/A,divN/A,False,1873917603019722752
DivN/A,divN/A,divN/A,divN/A,divN/A,divN/A,False,1875934590755553280
DivN/A,divN/A,divN/A,divN/A,divN/A,divN/A,False,1876513306439262464
DivN/A,divN/A,divN/A,divN/A,divN/A,divN/A,False,1876585832292987136
DivN/A,divN/A,divN/A,divN/A,divN/A,divN/A,False,1876586176519536640
DivN/A,divN/A,divN/A,divN/A,divN/A,divN/A,False,1840622115285881344
DivN/A,divN/A,divN/A,divN/A,divN/A,divN/A,False,1790713878248038400
DivN/A,divN/A,divN/A,divN/A,divN/A,divN/A,False,1821962477824884736
DivN/A,divN/A,divN/A,divN/A,divN/A,divN/A,False,1833693219252507136
DivN/A,divN/A,divN/A,divN/A,divN/A,divN/A,False,1835451362458685696
DivN/A,divN/A,divN/A,divN/A,divN/A,divN/A,False,1850692684152721408
DivN/A,divN/A,divN/A,divN/A,divN/A,divN/A,False,1879226367847608576
DivN/A,divN/A,divN/A,divN/A,divN/A,divN/A,False,1753906750833786880
DivN/A,divN/A,divN/A,divN/A,divN/A,divN/A,False,1807175732520509440
DivN/A,divN/A,divN/A,divN/A,divN/A,divN/A,False,1843309335155196160
DivN/A,divN/A,divN/A,divN/A,divN/A,divN/A,False,1851914071924510720
DivN/A,divN/A,divN/A,divN/A,divN/A,divN/A,False,1851975451968672000
DivN/A,divN/A,divN/A,divN/A,divN/A,divN/A,False,1787864325258162176
DivN/A,divN/A,divN/A,divN/A,divN/A,divN/A,False,1810081845645643776
DivN/A,divN/A,divN/A,divN/A,divN/A,divN/A,False,1830319463884890624
DivN/A,divN/A,divN/A,divN/A,divN/A,divN/A,False,1831703950564672000
DivN/A,divN/A,divN/A,divN/A,divN/A,divN/A,False,1840779255786955264
DivN/A,divN/A,divN/A,divN/A,divN/A,divN/A,False,1840845084780011520
DivN/A,divN/A,divN/A,divN/A,divN/A,divN/A,False,1839188976864797184
DivN/A,divN/A,divN/A,divN/A,divN/A,divN/A,False,1853660633528459264
DivN/A,divN/A,divN/A,divN/A,divN/A,divN/A,False,1847084404377534720
DivN/A,divN/A,divN/A,divN/A,divN/A,divN/A,False,1731327339550674944
So nyc is full on 3rd world now huh?,22.1M,1.9K,6.7K,6.6K,1K,False,1688931917792702464
DivN/A,divN/A,divN/A,divN/A,divN/A,divN/A,False,1.820450068522e+18
DivN/A,divN/A,divN/A,divN/A,divN/A,divN/A,False,1789744977553059840
DivN/A,divN/A,divN/A,divN/A,divN/A,divN/A,False,1824913358526833152
DivN/A,divN/A,divN/A,divN/A,divN/A,divN/A,False,1823166605393625344
DivN/A,divN/A,divN/A,divN/A,divN/A,divN/A,False,1769346786408497152
DivN/A,divN/A,divN/A,divN/A,divN/A,divN/A,False,1846581269938713088
DivN/A,divN/A,divN/A,divN/A,divN/A,divN/A,False,1847045850997886976
DivN/A,divN/A,divN/A,divN/A,divN/A,divN/A,False,1874924594467131904
DivN/A,divN/A,divN/A,divN/A,divN/A,divN/A,False,1836475329604440064
DivN/A,divN/A,divN/A,divN/A,divN/A,divN/A,False,1799920767624446464
DivN/A,divN/A,divN/A,divN/A,divN/A,divN/A,False,1808087327920496896
DivN/A,divN/A,divN/A,divN/A,divN/A,divN/A,False,1863828735839072768
DivN/A,divN/A,divN/A,divN/A,divN/A,divN/A,False,1864409389521613312
DivN/A,divN/A,divN/A,divN/A,divN/A,divN/A,False,1756072228620251648
DivN/A,divN/A,divN/A,divN/A,divN/A,divN/A,False,1826949717265101056
DivN/A,divN/A,divN/A,divN/A,divN/A,divN/A,False,1817749752345158144
DivN/A,divN/A,divN/A,divN/A,divN/A,divN/A,False,1820582219028615424
DivN/A,divN/A,divN/A,divN/A,divN/A,divN/A,False,1848428842811088896
DivN/A,divN/A,divN/A,divN/A,divN/A,divN/A,False,1820838134470328576
DivN/A,divN/A,divN/A,divN/A,divN/A,divN/A,False,1783053802033332480
DivN/A,divN/A,divN/A,divN/A,divN/A,divN/A,False,1732777176775147776
"Stevie, Ale and Mark Ogden are answering your questions on tonight’s edition of Extra Time on ",86.5K,51,5,124,4,False,1882540327350989254
"on runway, flight delayed, taking nap",viewsN/A,7,26,18,5,False,1882
can we swim,viewsN/A,replyN/A,27,9,bookmarksN/A,False,1494
wondering if tonights lost is all new.,viewsN/A,2,32,4,bookmarksN/A,False,1993
not yet soon,viewsN/A,1,15,12,bookmarksN/A,False,1929
riding the 45.,viewsN/A,6,476,880,bookmarksN/A,False,1200
DivN/A,divN/A,divN/A,divN/A,divN/A,divN/A,False,1835873305670128128
DivN/A,divN/A,divN/A,divN/A,divN/A,divN/A,False,1835753162424135936
DivN/A,divN/A,divN/A,divN/A,divN/A,divN/A,False,1848465510062489600
DivN/A,divN/A,divN/A,divN/A,divN/A,divN/A,False,1848855489276150016
DivN/A,divN/A,divN/A,divN/A,divN/A,divN/A,False,1849217132183060736
DivN/A,divN/A,divN/A,divN/A,divN/A,divN/A,False,1850260831755452928
DivN/A,divN/A,divN/A,divN/A,divN/A,divN/A,False,1850534471147094528
DivN/A,divN/A,divN/A,divN/A,divN/A,divN/A,False,1851080997414277376
DivN/A,divN/A,divN/A,divN/A,divN/A,divN/A,False,1850945107047936256
DivN/A,divN/A,divN/A,divN/A,divN/A,divN/A,False,1851481562744840704
DivN/A,divN/A,divN/A,divN/A,divN/A,divN/A,False,1771414274524537344
DivN/A,divN/A,divN/A,divN/A,divN/A,divN/A,False,1773094797676253440
DivN/A,divN/A,divN/A,divN/A,divN/A,divN/A,False,1775925886551736576
DivN/A,divN/A,divN/A,divN/A,divN/A,divN/A,False,1780313481926864896
DivN/A,divN/A,divN/A,divN/A,divN/A,divN/A,False,1780284204024029440
DivN/A,divN/A,divN/A,divN/A,divN/A,divN/A,False,1780308682221461504
DivN/A,divN/A,divN/A,divN/A,divN/A,divN/A,False,1796440638617244160
DivN/A,divN/A,divN/A,divN/A,divN/A,divN/A,False,1809374976845156864
DivN/A,divN/A,divN/A,divN/A,divN/A,divN/A,False,1809318048945566208
DivN/A,divN/A,divN/A,divN/A,divN/A,divN/A,False,1810362613747864064
DivN/A,divN/A,divN/A,divN/A,divN/A,divN/A,False,1795061646529802496
DivN/A,divN/A,divN/A,divN/A,divN/A,divN/A,False,1753813669945774336
DivN/A,divN/A,divN/A,divN/A,divN/A,divN/A,False,1701014340307161600
DivN/A,divN/A,divN/A,divN/A,divN/A,divN/A,False,1782505482751488512
DivN/A,divN/A,divN/A,divN/A,divN/A,divN/A,False,1785386376755900416
DivN/A,divN/A,divN/A,divN/A,divN/A,divN/A,False,1861611617311695104
DivN/A,divN/A,divN/A,divN/A,divN/A,divN/A,False,1796290793956688384
DivN/A,divN/A,divN/A,divN/A,divN/A,divN/A,False,1881397640849678336
DivN/A,divN/A,divN/A,divN/A,divN/A,divN/A,False,1761503802673316096
DivN/A,divN/A,divN/A,divN/A,divN/A,divN/A,False,1819856970108584448
DivN/A,divN/A,divN/A,divN/A,divN/A,divN/A,False,1858766986508927488
DivN/A,divN/A,divN/A,divN/A,divN/A,divN/A,False,1866499341868990720
DivN/A,divN/A,divN/A,divN/A,divN/A,divN/A,False,1815592210764886528
DivN/A,divN/A,divN/A,divN/A,divN/A,divN/A,False,1860639682381709824
DivN/A,divN/A,divN/A,divN/A,divN/A,divN/A,False,1733238459408802304
DivN/A,divN/A,divN/A,divN/A,divN/A,divN/A,False,1772443545648976384
DivN/A,divN/A,divN/A,divN/A,divN/A,divN/A,False,1848867373740396800
DivN/A,divN/A,divN/A,divN/A,divN/A,divN/A,False,1762129191019991296
DivN/A,divN/A,divN/A,divN/A,divN/A,divN/A,False,1856172877688570368
DivN/A,divN/A,divN/A,divN/A,divN/A,divN/A,False,1774648379429044736
DivN/A,divN/A,divN/A,divN/A,divN/A,divN/A,False,1830651452861358336
DivN/A,divN/A,divN/A,divN/A,divN/A,divN/A,False,1852745164873183744
DivN/A,divN/A,divN/A,divN/A,divN/A,divN/A,False,1855972406143115520
DivN/A,divN/A,divN/A,divN/A,divN/A,divN/A,False,1856343280344010752
DivN/A,divN/A,divN/A,divN/A,divN/A,divN/A,False,1722432060554666240
DivN/A,divN/A,divN/A,divN/A,divN/A,divN/A,False,1791174327108501760
DivN/A,divN/A,divN/A,divN/A,divN/A,divN/A,False,1824561418957668864
DivN/A,divN/A,divN/A,divN/A,divN/A,divN/A,False,1820838625245880576
DivN/A,divN/A,divN/A,divN/A,divN/A,divN/A,False,1773477116979646720
DivN/A,divN/A,divN/A,divN/A,divN/A,divN/A,False,1702674138995778048
DivN/A,divN/A,divN/A,divN/A,divN/A,divN/A,False,1858186830509699072
DivN/A,divN/A,divN/A,divN/A,divN/A,divN/A,False,1860892910079619072
DivN/A,divN/A,divN/A,divN/A,divN/A,divN/A,False,1882220751945900032
DivN/A,divN/A,divN/A,divN/A,divN/A,divN/A,False,1882127205863682560
DivN/A,divN/A,divN/A,divN/A,divN/A,divN/A,False,1769245792831700992
DivN/A,divN/A,divN/A,divN/A,divN/A,divN/A,False,1797551032366735360
DivN/A,divN/A,divN/A,divN/A,divN/A,divN/A,False,1803394207622512640
DivN/A,divN/A,divN/A,divN/A,divN/A,divN/A,False,1811805084981834240
DivN/A,divN/A,divN/A,divN/A,divN/A,divN/A,False,1852750451483017216
DivN/A,divN/A,divN/A,divN/A,divN/A,divN/A,False,1.852809089732e+18
DivN/A,divN/A,divN/A,divN/A,divN/A,divN/A,False,1810344653972988416
DivN/A,divN/A,divN/A,divN/A,divN/A,divN/A,False,1811329608995746304
DivN/A,divN/A,divN/A,divN/A,divN/A,divN/A,False,1815122486645924096
DivN/A,divN/A,divN/A,divN/A,divN/A,divN/A,False,1816809459341054464
DivN/A,divN/A,divN/A,divN/A,divN/A,divN/A,False,1817998293848183040
DivN/A,divN/A,divN/A,divN/A,divN/A,divN/A,False,1818712710755824128
DivN/A,divN/A,divN/A,divN/A,divN/A,divN/A,False,1819067000343134720
DivN/A,divN/A,divN/A,divN/A,divN/A,divN/A,False,1830309413179306240
DivN/A,divN/A,divN/A,divN/A,divN/A,divN/A,False,1831735103082410240
DivN/A,divN/A,divN/A,divN/A,divN/A,divN/A,False,1833692671065640960
DivN/A,divN/A,divN/A,divN/A,divN/A,divN/A,False,1732792927380815872
DivN/A,divN/A,divN/A,divN/A,divN/A,divN/A,False,1740766873229434880
DivN/A,divN/A,divN/A,divN/A,divN/A,divN/A,False,1740534267711496192
DivN/A,divN/A,divN/A,divN/A,divN/A,divN/A,False,1740779894538457344
DivN/A,divN/A,divN/A,divN/A,divN/A,divN/A,False,1743028102446407936
DivN/A,divN/A,divN/A,divN/A,divN/A,divN/A,False,1765771338457719296
DivN/A,divN/A,divN/A,divN/A,divN/A,divN/A,False,1798401666267357696
DivN/A,divN/A,divN/A,divN/A,divN/A,divN/A,False,1827923952317960192
DivN/A,divN/A,divN/A,divN/A,divN/A,divN/A,False,1710557783471304960
DivN/A,divN/A,divN/A,divN/A,divN/A,divN/A,False,1859483544612913152
DivN/A,divN/A,divN/A,divN/A,divN/A,divN/A,False,1808168603721650176
DivN/A,divN/A,divN/A,divN/A,divN/A,divN/A,False,1820783473021391104
DivN/A,divN/A,divN/A,divN/A,divN/A,divN/A,False,1823144316014911744
DivN/A,divN/A,divN/A,divN/A,divN/A,divN/A,False,1834985052209352960
DivN/A,divN/A,divN/A,divN/A,divN/A,divN/A,False,1852811837433159680
DivN/A,divN/A,divN/A,divN/A,divN/A,divN/A,False,1857631486188392704
DivN/A,divN/A,divN/A,divN/A,divN/A,divN/A,False,1842605338560025088
DivN/A,divN/A,divN/A,divN/A,divN/A,divN/A,False,1784273641657491968
DivN/A,22.7M,15K,8K,31K,559,False,1646138100035272704
DivN/A,divN/A,divN/A,divN/A,divN/A,divN/A,False,1616179085507702784
"Wishing I were amish. I bet amish people have really genuine friends. And they spend all day doing usefull things(quiltmaking, cow milking) instead of talkin...",viewsN/A,2,7,47,bookmarksN/A,False,1299
She brought the stadium down ,4.2M,737,9.9K,69K,12K,False,1883877302477763055
"➜ 2014 pro ana websites with tips & tricks that i have hoarded on my notes app (｡•ㅅ•｡)♡

",133.2K,10,375,4.4K,5.4K,False,1838070243672932575
DivN/A,divN/A,divN/A,divN/A,divN/A,divN/A,False,1881431018017554944
DivN/A,divN/A,divN/A,divN/A,divN/A,divN/A,False,1874479443663815168
DivN/A,divN/A,divN/A,divN/A,divN/A,divN/A,False,1801334730882957312
DivN/A,divN/A,divN/A,divN/A,divN/A,divN/A,False,1842035686620144128
DivN/A,divN/A,divN/A,divN/A,divN/A,divN/A,False,1822583178424434944
DivN/A,divN/A,divN/A,divN/A,divN/A,divN/A,False,1710392906245124608
I just mustered up every ounce of courage to interrupt White House Press Secretary ,11M,10K,11K,54K,2.3K,False,1684725645496958976
DivN/A,divN/A,divN/A,divN/A,divN/A,divN/A,False,1783171851818021120
DivN/A,divN/A,divN/A,divN/A,divN/A,divN/A,False,1817349837936799744
DivN/A,divN/A,divN/A,divN/A,divN/A,divN/A,False,1797057146254725632
DivN/A,divN/A,divN/A,divN/A,divN/A,divN/A,False,1823129984489369856
DivN/A,divN/A,divN/A,divN/A,divN/A,divN/A,False,1866285011541926144
DivN/A,divN/A,divN/A,divN/A,divN/A,divN/A,False,1871951556431774208
DivN/A,divN/A,divN/A,divN/A,divN/A,divN/A,False,1853479670911586560
DivN/A,divN/A,divN/A,divN/A,divN/A,divN/A,False,1873056970493837312
DivN/A,divN/A,divN/A,divN/A,divN/A,divN/A,False,1526997132858822656
DivN/A,divN/A,divN/A,divN/A,divN/A,divN/A,False,1725771191644758016
DivN/A,divN/A,divN/A,divN/A,divN/A,divN/A,False,1745161772057649664
DivN/A,divN/A,divN/A,divN/A,divN/A,divN/A,False,1745294979403014400
DivN/A,divN/A,divN/A,divN/A,divN/A,divN/A,False,1749509703577530624
DivN/A,divN/A,divN/A,divN/A,divN/A,divN/A,False,1753852898323132928
DivN/A,divN/A,divN/A,divN/A,divN/A,divN/A,False,1754999578619707392
DivN/A,divN/A,divN/A,divN/A,divN/A,divN/A,False,1761835728000954624
DivN/A,divN/A,divN/A,divN/A,divN/A,divN/A,False,1767079531108532480
DivN/A,divN/A,divN/A,divN/A,divN/A,divN/A,False,1766828487350886400
DivN/A,divN/A,divN/A,divN/A,divN/A,divN/A,False,1767540823720165888
DivN/A,divN/A,divN/A,divN/A,divN/A,divN/A,False,1770772378106147328
DivN/A,divN/A,divN/A,divN/A,divN/A,divN/A,False,1634336094664916992
DivN/A,divN/A,divN/A,divN/A,divN/A,divN/A,False,1699479766309515520
DivN/A,divN/A,divN/A,divN/A,divN/A,divN/A,False,1703378200754368512
DivN/A,divN/A,divN/A,divN/A,divN/A,divN/A,False,1726350631181717760
DivN/A,divN/A,divN/A,divN/A,divN/A,divN/A,False,1742666641798779136
DivN/A,divN/A,divN/A,divN/A,divN/A,divN/A,False,1742993319683301376
DivN/A,divN/A,divN/A,divN/A,divN/A,divN/A,False,1743742140553875456
DivN/A,divN/A,divN/A,divN/A,divN/A,divN/A,False,1743737589645947136
DivN/A,divN/A,divN/A,divN/A,divN/A,divN/A,False,1745337694295662592
DivN/A,divN/A,divN/A,divN/A,divN/A,divN/A,False,1745335790513631232
DivN/A,divN/A,divN/A,divN/A,divN/A,divN/A,False,1865422880806174720
DivN/A,divN/A,divN/A,divN/A,divN/A,divN/A,False,1782153871030096384
DivN/A,divN/A,divN/A,divN/A,divN/A,divN/A,False,1782752013777842176
DivN/A,divN/A,divN/A,divN/A,divN/A,divN/A,False,1849263135280201984
DivN/A,divN/A,divN/A,divN/A,divN/A,divN/A,False,1753908640489058560
DivN/A,divN/A,divN/A,divN/A,divN/A,divN/A,False,1775926842257813760
DivN/A,divN/A,divN/A,divN/A,divN/A,divN/A,False,1825739604198351104
DivN/A,divN/A,divN/A,divN/A,divN/A,divN/A,False,1849883361898053632
DivN/A,divN/A,divN/A,divN/A,divN/A,divN/A,False,1881752507166421504
DivN/A,divN/A,divN/A,divN/A,divN/A,divN/A,False,1847270549380349952
DivN/A,divN/A,divN/A,divN/A,divN/A,divN/A,False,1803099118354539008
DivN/A,divN/A,divN/A,divN/A,divN/A,divN/A,False,1834717560224596480
DivN/A,divN/A,divN/A,divN/A,divN/A,divN/A,False,1752967434439664128
DivN/A,divN/A,divN/A,divN/A,divN/A,divN/A,False,1876934450157650176
DivN/A,divN/A,divN/A,divN/A,divN/A,divN/A,False,1841300689613418496
DivN/A,divN/A,divN/A,divN/A,divN/A,divN/A,False,1842673150053523456
DivN/A,divN/A,divN/A,divN/A,divN/A,divN/A,False,1819678472614137856
DivN/A,divN/A,divN/A,divN/A,divN/A,divN/A,False,1817184820151070976
DivN/A,divN/A,divN/A,divN/A,divN/A,divN/A,False,1753269554816372736
DivN/A,divN/A,divN/A,divN/A,divN/A,divN/A,False,1704547438780936192
DivN/A,divN/A,divN/A,divN/A,divN/A,divN/A,False,1848358982324257024
DivN/A,divN/A,divN/A,divN/A,divN/A,divN/A,False,1856225403649606144
DivN/A,divN/A,divN/A,divN/A,divN/A,divN/A,False,1772724958801649664
DivN/A,divN/A,divN/A,divN/A,divN/A,divN/A,False,1812333459127578880
DivN/A,divN/A,divN/A,divN/A,divN/A,divN/A,False,1777390873518489600
DivN/A,divN/A,divN/A,divN/A,divN/A,divN/A,False,1844751647672513024
DivN/A,divN/A,divN/A,divN/A,divN/A,divN/A,False,1873168865200619520
DivN/A,divN/A,divN/A,divN/A,divN/A,divN/A,False,1845854625414762496
DivN/A,divN/A,divN/A,divN/A,divN/A,divN/A,False,1862652124565233920
DivN/A,divN/A,divN/A,divN/A,divN/A,divN/A,False,1632912031882805248
DivN/A,divN/A,divN/A,divN/A,divN/A,divN/A,False,1851398773609812224
DivN/A,divN/A,divN/A,divN/A,divN/A,divN/A,False,1835493397093814784
DivN/A,divN/A,divN/A,divN/A,divN/A,divN/A,False,1655985855079514112
DivN/A,divN/A,divN/A,divN/A,divN/A,divN/A,False,1828356353288491264
DivN/A,divN/A,divN/A,divN/A,divN/A,divN/A,False,1870214617156464896
DivN/A,divN/A,divN/A,divN/A,divN/A,divN/A,False,1753124078502785024
DivN/A,divN/A,divN/A,divN/A,divN/A,divN/A,False,1842710797241434112
DivN/A,divN/A,divN/A,divN/A,divN/A,divN/A,False,1810025157156638720
DivN/A,divN/A,divN/A,divN/A,divN/A,divN/A,False,1835624167187636736
DivN/A,divN/A,divN/A,divN/A,divN/A,divN/A,False,1758465887181459456
DivN/A,divN/A,divN/A,divN/A,divN/A,divN/A,False,1773321781140488192
DivN/A,divN/A,divN/A,divN/A,divN/A,divN/A,False,1854939848496603136
DivN/A,divN/A,divN/A,divN/A,divN/A,divN/A,False,1856862556628951296
DivN/A,divN/A,divN/A,divN/A,divN/A,divN/A,False,1817251165656006656
DivN/A,divN/A,divN/A,divN/A,divN/A,divN/A,False,1820799076310351872
DivN/A,divN/A,divN/A,divN/A,divN/A,divN/A,False,1818108158016962560
DivN/A,divN/A,divN/A,divN/A,divN/A,divN/A,False,1823024691189104896
DivN/A,divN/A,divN/A,divN/A,divN/A,divN/A,False,1823409351874236928
DivN/A,divN/A,divN/A,divN/A,divN/A,divN/A,False,1846586452647215104
DivN/A,divN/A,divN/A,divN/A,divN/A,divN/A,False,1873568404000714752
DivN/A,divN/A,divN/A,divN/A,divN/A,divN/A,False,1846054604556866048
DivN/A,divN/A,divN/A,divN/A,divN/A,divN/A,False,1829984944321360384
DivN/A,divN/A,divN/A,divN/A,divN/A,divN/A,False,1831805651166838784
DivN/A,divN/A,divN/A,divN/A,divN/A,divN/A,False,1834624996620038400
DivN/A,divN/A,divN/A,divN/A,divN/A,divN/A,False,1807074986647331328
DivN/A,divN/A,divN/A,divN/A,divN/A,divN/A,False,1822167293293740544
DivN/A,divN/A,divN/A,divN/A,divN/A,divN/A,False,1851407148535750656
DivN/A,divN/A,divN/A,divN/A,divN/A,divN/A,False,1.720900936091e+18
DivN/A,divN/A,divN/A,divN/A,divN/A,divN/A,False,1808217785753128960
DivN/A,divN/A,divN/A,divN/A,divN/A,divN/A,False,1811151391500693760
DivN/A,divN/A,divN/A,divN/A,divN/A,divN/A,False,1875653372172202240
DivN/A,divN/A,divN/A,divN/A,divN/A,divN/A,False,1879529363038728192
DivN/A,divN/A,divN/A,divN/A,divN/A,divN/A,False,1875050089305252096
DivN/A,divN/A,divN/A,divN/A,divN/A,divN/A,False,1867912636563910656
DivN/A,divN/A,divN/A,divN/A,divN/A,divN/A,False,1841821726230888704
DivN/A,divN/A,divN/A,divN/A,divN/A,divN/A,False,1716884494131868160
DivN/A,divN/A,divN/A,divN/A,divN/A,divN/A,False,1760332592136483328
DivN/A,divN/A,divN/A,divN/A,divN/A,divN/A,False,1864336425828646912
DivN/A,divN/A,divN/A,divN/A,divN/A,divN/A,False,1874155590127411456
DivN/A,divN/A,divN/A,divN/A,divN/A,divN/A,False,1745863377493144064
DivN/A,divN/A,divN/A,divN/A,divN/A,divN/A,False,1822062058873204736
DivN/A,divN/A,divN/A,divN/A,divN/A,divN/A,False,1856796371048960256
DivN/A,divN/A,divN/A,divN/A,divN/A,divN/A,False,1733529033575465216
DivN/A,divN/A,divN/A,divN/A,divN/A,divN/A,False,1779941345471189504
DivN/A,divN/A,divN/A,divN/A,divN/A,divN/A,False,1831346487969698304
DivN/A,divN/A,divN/A,divN/A,divN/A,divN/A,False,1881445430057116160
DivN/A,divN/A,divN/A,divN/A,divN/A,divN/A,False,1817695721086214400
DivN/A,divN/A,divN/A,divN/A,divN/A,divN/A,False,1737801138336890880
DivN/A,divN/A,divN/A,divN/A,divN/A,divN/A,False,1837023463430574080
DivN/A,divN/A,divN/A,divN/A,divN/A,divN/A,False,1815170761361125376
DivN/A,divN/A,divN/A,divN/A,divN/A,divN/A,False,1769883941878571520
DivN/A,divN/A,divN/A,divN/A,divN/A,divN/A,False,1801327678349558016
DivN/A,divN/A,divN/A,divN/A,divN/A,divN/A,False,1818732213669884160
DivN/A,divN/A,divN/A,divN/A,divN/A,divN/A,False,1821902144733327616
DivN/A,divN/A,divN/A,divN/A,divN/A,divN/A,False,1859318501120344064
DivN/A,divN/A,divN/A,divN/A,divN/A,divN/A,False,1869922489406480640
DivN/A,divN/A,divN/A,divN/A,divN/A,divN/A,False,1870186633749754368
DivN/A,divN/A,divN/A,divN/A,divN/A,divN/A,False,1881030712188346624
DivN/A,divN/A,divN/A,divN/A,divN/A,divN/A,False,1831873439134839040
DivN/A,divN/A,divN/A,divN/A,divN/A,divN/A,False,1754939251257475584
DivN/A,divN/A,divN/A,divN/A,divN/A,divN/A,False,1866159486978637824
DivN/A,divN/A,divN/A,divN/A,divN/A,divN/A,False,1850220453190934784
DivN/A,divN/A,divN/A,divN/A,divN/A,divN/A,False,1874355285059658240
DivN/A,divN/A,divN/A,divN/A,divN/A,divN/A,False,1720992936052305920
DivN/A,divN/A,divN/A,divN/A,divN/A,divN/A,False,1857785345225474304
DivN/A,divN/A,divN/A,divN/A,divN/A,divN/A,False,1868945446875676672
DivN/A,divN/A,divN/A,divN/A,divN/A,divN/A,False,1803453396382581248
DivN/A,divN/A,divN/A,divN/A,divN/A,divN/A,False,1826202683612545280
DivN/A,divN/A,divN/A,divN/A,divN/A,divN/A,False,1868812727701192960
DivN/A,divN/A,divN/A,divN/A,divN/A,divN/A,False,1872013696077308160
DivN/A,divN/A,divN/A,divN/A,divN/A,divN/A,False,1844093204599357440
DivN/A,divN/A,divN/A,divN/A,divN/A,divN/A,False,1853179172870320640
DivN/A,divN/A,divN/A,divN/A,divN/A,divN/A,False,1834262479792210176
DivN/A,divN/A,divN/A,divN/A,divN/A,divN/A,False,1853315410344501504
DivN/A,divN/A,divN/A,divN/A,divN/A,divN/A,False,1777378067528438016
DivN/A,divN/A,divN/A,divN/A,divN/A,divN/A,False,1814355170412634112
DivN/A,divN/A,divN/A,divN/A,divN/A,divN/A,False,1800878947825328384
DivN/A,divN/A,divN/A,divN/A,divN/A,divN/A,False,1846271538871652864
DivN/A,divN/A,divN/A,divN/A,divN/A,divN/A,False,1877088087332757504
DivN/A,divN/A,divN/A,divN/A,divN/A,divN/A,False,1706676593261785344
DivN/A,divN/A,divN/A,divN/A,divN/A,divN/A,False,1.812946097285e+18
DivN/A,divN/A,divN/A,divN/A,divN/A,divN/A,False,1864747031815704576
DivN/A,divN/A,divN/A,divN/A,divN/A,divN/A,False,1856807436457579008
DivN/A,divN/A,divN/A,divN/A,divN/A,divN/A,False,1876767198514982912
DivN/A,divN/A,divN/A,divN/A,divN/A,divN/A,False,1878289425211265280
DivN/A,divN/A,divN/A,divN/A,divN/A,divN/A,False,1881746484229763584
DivN/A,divN/A,divN/A,divN/A,divN/A,divN/A,False,1836066911722799360
DivN/A,divN/A,divN/A,divN/A,divN/A,divN/A,False,1879027709361492480
DivN/A,divN/A,divN/A,divN/A,divN/A,divN/A,False,1754953564173041920
DivN/A,divN/A,divN/A,divN/A,divN/A,divN/A,False,1831831211603587072
DivN/A,divN/A,divN/A,divN/A,divN/A,divN/A,False,1767912990366388736
DivN/A,divN/A,divN/A,divN/A,divN/A,divN/A,False,1779878392805945344
DivN/A,divN/A,divN/A,divN/A,divN/A,divN/A,False,1856703588531044352
DivN/A,divN/A,divN/A,divN/A,divN/A,divN/A,False,1821105690603115008
DivN/A,divN/A,divN/A,divN/A,divN/A,divN/A,False,1826452452251427328
DivN/A,divN/A,divN/A,divN/A,divN/A,divN/A,False,1808138877082751488
DivN/A,divN/A,divN/A,divN/A,divN/A,divN/A,False,1871028442008875520
DivN/A,divN/A,divN/A,divN/A,divN/A,divN/A,False,1882176131820028160
DivN/A,divN/A,divN/A,divN/A,divN/A,divN/A,False,1833683260540395776
DivN/A,divN/A,divN/A,divN/A,divN/A,divN/A,False,1881846680766816256
DivN/A,divN/A,divN/A,divN/A,divN/A,divN/A,False,1841995925348352256
DivN/A,divN/A,divN/A,divN/A,divN/A,divN/A,False,1850944345022873856
DivN/A,divN/A,divN/A,divN/A,divN/A,divN/A,False,1821792597985136896
DivN/A,divN/A,divN/A,divN/A,divN/A,divN/A,False,1822252793320685824
DivN/A,divN/A,divN/A,divN/A,divN/A,divN/A,False,1857547140010225920
DivN/A,divN/A,divN/A,divN/A,divN/A,divN/A,False,1878471970716561920
DivN/A,divN/A,divN/A,divN/A,divN/A,divN/A,False,1861047551736332800
DivN/A,divN/A,divN/A,divN/A,divN/A,divN/A,False,1.827092129946e+18
DivN/A,divN/A,divN/A,divN/A,divN/A,divN/A,False,1863812016672264704
DivN/A,divN/A,divN/A,divN/A,divN/A,divN/A,False,1757053334781890560
DivN/A,divN/A,divN/A,divN/A,divN/A,divN/A,False,1835391015181545984
DivN/A,divN/A,divN/A,divN/A,divN/A,divN/A,False,1708629197617336320
DivN/A,divN/A,divN/A,divN/A,divN/A,divN/A,False,1837084250866065920
DivN/A,divN/A,divN/A,divN/A,divN/A,divN/A,False,1841451827620975104
DivN/A,divN/A,divN/A,divN/A,divN/A,divN/A,False,1857547112713482496
DivN/A,divN/A,divN/A,divN/A,divN/A,divN/A,False,1877476581905400064
DivN/A,divN/A,divN/A,divN/A,divN/A,divN/A,False,1881466449736478976
DivN/A,divN/A,divN/A,divN/A,divN/A,divN/A,False,1816925819077296384
DivN/A,divN/A,divN/A,divN/A,divN/A,divN/A,False,1830856758505402368
DivN/A,divN/A,divN/A,divN/A,divN/A,divN/A,False,1835782658091102720
DivN/A,divN/A,divN/A,divN/A,divN/A,divN/A,False,1834785910635794944
DivN/A,divN/A,divN/A,divN/A,divN/A,divN/A,False,1811018855147331840
DivN/A,divN/A,divN/A,divN/A,divN/A,divN/A,False,1851741739029295360
DivN/A,divN/A,divN/A,divN/A,divN/A,divN/A,False,1854953886328799744
DivN/A,divN/A,divN/A,divN/A,divN/A,divN/A,False,1758766671458882048
DivN/A,divN/A,divN/A,divN/A,divN/A,divN/A,False,1661201155127492608
DivN/A,divN/A,divN/A,divN/A,divN/A,divN/A,False,1744493070052216832
DivN/A,divN/A,divN/A,divN/A,divN/A,divN/A,False,1782821751568646144
DivN/A,divN/A,divN/A,divN/A,divN/A,divN/A,False,1864417384171241984
DivN/A,divN/A,divN/A,divN/A,divN/A,divN/A,False,1757159485162799360
DivN/A,divN/A,divN/A,divN/A,divN/A,divN/A,False,1816663117994311680
DivN/A,divN/A,divN/A,divN/A,divN/A,divN/A,False,1870204764408955392
DivN/A,divN/A,divN/A,divN/A,divN/A,divN/A,False,1823246862264242688
DivN/A,divN/A,divN/A,divN/A,divN/A,divN/A,False,1854270470130143744
DivN/A,divN/A,divN/A,divN/A,divN/A,divN/A,False,1754291866588090624
DivN/A,divN/A,divN/A,divN/A,divN/A,divN/A,False,1855622481450512640
DivN/A,divN/A,divN/A,divN/A,divN/A,divN/A,False,1833728804579111424
DivN/A,divN/A,divN/A,divN/A,divN/A,divN/A,False,1851409121385594880
DivN/A,divN/A,divN/A,divN/A,divN/A,divN/A,False,1697145283472245248
DivN/A,divN/A,divN/A,divN/A,divN/A,divN/A,False,1753894000510341376
DivN/A,divN/A,divN/A,divN/A,divN/A,divN/A,False,1829544169469038592
DivN/A,divN/A,divN/A,divN/A,divN/A,divN/A,False,1831408430776775168
DivN/A,divN/A,divN/A,divN/A,divN/A,divN/A,False,1836267345926558208
DivN/A,divN/A,divN/A,divN/A,divN/A,divN/A,False,1820849358402670592
DivN/A,divN/A,divN/A,divN/A,divN/A,divN/A,False,1854272123826528256
DivN/A,divN/A,divN/A,divN/A,divN/A,divN/A,False,1814930962393731584
DivN/A,divN/A,divN/A,divN/A,divN/A,divN/A,False,1847748635590602752
DivN/A,divN/A,divN/A,divN/A,divN/A,divN/A,False,1823078830250315776
DivN/A,divN/A,divN/A,divN/A,divN/A,divN/A,False,1872721434935795712
DivN/A,divN/A,divN/A,divN/A,divN/A,divN/A,False,1818289917421629696
DivN/A,divN/A,divN/A,divN/A,divN/A,divN/A,False,1857937698742284544
DivN/A,divN/A,divN/A,divN/A,divN/A,divN/A,False,1824840348008391168
DivN/A,divN/A,divN/A,divN/A,divN/A,divN/A,False,1881763493940236288
DivN/A,divN/A,divN/A,divN/A,divN/A,divN/A,False,1827820758287933696
DivN/A,divN/A,divN/A,divN/A,divN/A,divN/A,False,1828040369931485440
DivN/A,divN/A,divN/A,divN/A,divN/A,divN/A,False,1755734526678925824
DivN/A,divN/A,divN/A,divN/A,divN/A,divN/A,False,1861630502387540224
DivN/A,divN/A,divN/A,divN/A,divN/A,divN/A,False,1808662029202264064
DivN/A,divN/A,divN/A,divN/A,divN/A,divN/A,False,1820474741008056832
DivN/A,divN/A,divN/A,divN/A,divN/A,divN/A,False,1839542378819907840
DivN/A,divN/A,divN/A,divN/A,divN/A,divN/A,False,1872774494101880832
DivN/A,divN/A,divN/A,divN/A,divN/A,divN/A,False,1835717973069197312
DivN/A,divN/A,divN/A,divN/A,divN/A,divN/A,False,1835493731639636480
DivN/A,divN/A,divN/A,divN/A,divN/A,divN/A,False,1861399547391426560
DivN/A,divN/A,divN/A,divN/A,divN/A,divN/A,False,1820203128912060416
DivN/A,divN/A,divN/A,divN/A,divN/A,divN/A,False,1806497811497652480
DivN/A,divN/A,divN/A,divN/A,divN/A,divN/A,False,1848061684583125504
DivN/A,divN/A,divN/A,divN/A,divN/A,divN/A,False,1720473721083716096
DivN/A,divN/A,divN/A,divN/A,divN/A,divN/A,False,1854716187512651776
DivN/A,divN/A,divN/A,divN/A,divN/A,divN/A,False,1868681237251973632
DivN/A,divN/A,divN/A,divN/A,divN/A,divN/A,False,1869900295712407552
DivN/A,divN/A,divN/A,divN/A,divN/A,divN/A,False,1796572286025097728
DivN/A,divN/A,divN/A,divN/A,divN/A,divN/A,False,1822890929855811840
DivN/A,divN/A,divN/A,divN/A,divN/A,divN/A,False,1833148904864464896
DivN/A,divN/A,divN/A,divN/A,divN/A,divN/A,False,1842271678274928896
DivN/A,divN/A,divN/A,divN/A,divN/A,divN/A,False,1823793304296935680
DivN/A,divN/A,divN/A,divN/A,divN/A,divN/A,False,1877581125608153344
DivN/A,divN/A,divN/A,divN/A,divN/A,divN/A,False,1763569770127912960
DivN/A,divN/A,divN/A,divN/A,divN/A,divN/A,False,1810397469001322496
DivN/A,divN/A,divN/A,divN/A,divN/A,divN/A,False,1769086432071594240
DivN/A,divN/A,divN/A,divN/A,divN/A,divN/A,False,1856502912551158016
DivN/A,divN/A,divN/A,divN/A,divN/A,divN/A,False,1805195530621882624
DivN/A,divN/A,divN/A,divN/A,divN/A,divN/A,False,1816451871092965376
DivN/A,divN/A,divN/A,divN/A,divN/A,divN/A,False,1881800472081891840
"DISCRIMINATION: A Citizen Journalist has revealed Best Buy is partnering with McKinsey & Company on a Management Training Program.

The program is not open to white applicants.  “Candidates must meet the [racial] requirements below”

Any comment ",3.6M,4K,14K,24K,967,False,1688983783620718592
DivN/A,divN/A,divN/A,divN/A,divN/A,divN/A,False,1829646019413622784
"A Spanish minister flies on a private jet to attend a climate conference. She then drives on a motorcade, and a 100 meters before the venue she gets off and takes a bicycle, as her two security cars follow her ",11.5M,2.6K,14K,44K,1K,False,1678732262219628544
DivN/A,divN/A,divN/A,divN/A,divN/A,divN/A,False,1865093853256015872
DivN/A,divN/A,divN/A,divN/A,divN/A,divN/A,False,1793296042890309632
DivN/A,divN/A,divN/A,divN/A,divN/A,divN/A,False,1845836334465761536
DivN/A,divN/A,divN/A,divN/A,divN/A,divN/A,False,1878852622234595584
DivN/A,divN/A,divN/A,divN/A,divN/A,divN/A,False,1823535197599769088
DivN/A,divN/A,divN/A,divN/A,divN/A,divN/A,False,1880602719754293248
DivN/A,divN/A,divN/A,divN/A,divN/A,divN/A,False,1773835017170375168
DivN/A,divN/A,divN/A,divN/A,divN/A,divN/A,False,1827859473735827968
DivN/A,divN/A,divN/A,divN/A,divN/A,divN/A,False,1876997175625851136
DivN/A,divN/A,divN/A,divN/A,divN/A,divN/A,False,1840721451550204160
DivN/A,divN/A,divN/A,divN/A,divN/A,divN/A,False,1851122935165304832
DivN/A,divN/A,divN/A,divN/A,divN/A,divN/A,False,1841322737760944384
DivN/A,divN/A,divN/A,divN/A,divN/A,divN/A,False,1775184743270682880
DivN/A,divN/A,divN/A,divN/A,divN/A,divN/A,False,1752745118430359552
DivN/A,divN/A,divN/A,divN/A,divN/A,divN/A,False,1708632465282150656
DivN/A,divN/A,divN/A,divN/A,divN/A,divN/A,False,1762758752472891904
DivN/A,divN/A,divN/A,divN/A,divN/A,divN/A,False,1774071708615332096
DivN/A,divN/A,divN/A,divN/A,divN/A,divN/A,False,1840173434367598592
DivN/A,divN/A,divN/A,divN/A,divN/A,divN/A,False,1877851867017015296
DivN/A,divN/A,divN/A,divN/A,divN/A,divN/A,False,1747388354587463680
DivN/A,divN/A,divN/A,divN/A,divN/A,divN/A,False,1766322848556081152
DivN/A,divN/A,divN/A,divN/A,divN/A,divN/A,False,1795041573224206336
DivN/A,divN/A,divN/A,divN/A,divN/A,divN/A,False,1842982387744956928
DivN/A,divN/A,divN/A,divN/A,divN/A,divN/A,False,1839311406174502912
DivN/A,divN/A,divN/A,divN/A,divN/A,divN/A,False,1852562566603821568
DivN/A,divN/A,divN/A,divN/A,divN/A,divN/A,False,1714342122185191680
DivN/A,divN/A,divN/A,divN/A,divN/A,divN/A,False,1813601633172877824
DivN/A,divN/A,divN/A,divN/A,divN/A,divN/A,False,1815815812143538688
DivN/A,divN/A,divN/A,divN/A,divN/A,divN/A,False,1787591856542667264
DivN/A,divN/A,divN/A,divN/A,divN/A,divN/A,False,1829979981130416384
DivN/A,divN/A,divN/A,divN/A,divN/A,divN/A,False,1876385025748291840
DivN/A,divN/A,divN/A,divN/A,divN/A,divN/A,False,1874217478500606464
"What!!?? Explain yourself, Gordon Brown.",12.1M,3.8K,34K,107K,4.3K,False,1876132941186961408
DivN/A,divN/A,divN/A,divN/A,divN/A,divN/A,False,1821589896773128704
DivN/A,divN/A,divN/A,divN/A,divN/A,divN/A,False,1836124205362090240
DivN/A,divN/A,divN/A,divN/A,divN/A,divN/A,False,1871520121212346624
DivN/A,divN/A,divN/A,divN/A,divN/A,divN/A,False,1812251989759418624
DivN/A,divN/A,divN/A,divN/A,divN/A,divN/A,False,1779379046448595200
DivN/A,divN/A,divN/A,divN/A,divN/A,divN/A,False,1830144156099826176
DivN/A,divN/A,divN/A,divN/A,divN/A,divN/A,False,1881460628164120576
DivN/A,divN/A,divN/A,divN/A,divN/A,divN/A,False,1829915590468731136
DivN/A,divN/A,divN/A,divN/A,divN/A,divN/A,False,1812256998588662016
DivN/A,divN/A,divN/A,divN/A,divN/A,divN/A,False,1761472747249840640
DivN/A,divN/A,divN/A,divN/A,divN/A,divN/A,False,1839307182720037120
DivN/A,divN/A,divN/A,divN/A,divN/A,divN/A,False,1798702436225544192
DivN/A,divN/A,divN/A,divN/A,divN/A,divN/A,False,1802778352534827520
DivN/A,divN/A,divN/A,divN/A,divN/A,divN/A,False,1827372324913361408
DivN/A,divN/A,divN/A,divN/A,divN/A,divN/A,False,1832221767038910464
DivN/A,divN/A,divN/A,divN/A,divN/A,divN/A,False,1843374379373306368
DivN/A,divN/A,divN/A,divN/A,divN/A,divN/A,False,1846556814084849920
DivN/A,divN/A,divN/A,divN/A,divN/A,divN/A,False,1825649373427986944
DivN/A,divN/A,divN/A,divN/A,divN/A,divN/A,False,1851159079991066880
DivN/A,divN/A,divN/A,divN/A,divN/A,divN/A,False,1804740603848073216
DivN/A,divN/A,divN/A,divN/A,divN/A,divN/A,False,1673053159172833280
DivN/A,divN/A,divN/A,divN/A,divN/A,divN/A,False,1755266935703617536
DivN/A,divN/A,divN/A,divN/A,divN/A,divN/A,False,1711459419177791744
DivN/A,divN/A,divN/A,divN/A,divN/A,divN/A,False,1838249720826987008
DivN/A,divN/A,divN/A,divN/A,divN/A,divN/A,False,1870565269019508736
DivN/A,divN/A,divN/A,divN/A,divN/A,divN/A,False,1877768626125603328
DivN/A,divN/A,divN/A,divN/A,divN/A,divN/A,False,1825025772341334528
"An 18-year-old boy died when doctors tried to create a vagina for him using part of his colon.

His colon was used because puberty blockers stopped growth of his genitals, which meant there wasn’t enough tissue to do the penile inversion surgery.",19.9M,7.4K,33K,57K,6.3K,False,1650679308921208832
DivN/A,divN/A,divN/A,divN/A,divN/A,divN/A,False,1788575316761362944
DivN/A,divN/A,divN/A,divN/A,divN/A,divN/A,False,1841291195919606016
DivN/A,divN/A,divN/A,divN/A,divN/A,divN/A,False,1830745926861758720
DivN/A,divN/A,divN/A,divN/A,divN/A,divN/A,False,1833675903001395456
DivN/A,divN/A,divN/A,divN/A,divN/A,divN/A,False,1816826660089733376
DivN/A,divN/A,divN/A,divN/A,divN/A,divN/A,False,1838295015388586240
DivN/A,divN/A,divN/A,divN/A,divN/A,divN/A,False,1838290693866790912
DivN/A,divN/A,divN/A,divN/A,divN/A,divN/A,False,1840054794620416256
DivN/A,divN/A,divN/A,divN/A,divN/A,divN/A,False,1840190011901186304
DivN/A,divN/A,divN/A,divN/A,divN/A,divN/A,False,1842864381236838400
DivN/A,divN/A,divN/A,divN/A,divN/A,divN/A,False,1879637753375146496
DivN/A,divN/A,divN/A,divN/A,divN/A,divN/A,False,1862884956071940608
DivN/A,divN/A,divN/A,divN/A,divN/A,divN/A,False,1847050623138795776
DivN/A,divN/A,divN/A,divN/A,divN/A,divN/A,False,1878449933671420160
DivN/A,divN/A,divN/A,divN/A,divN/A,divN/A,False,1698750300474016256
DivN/A,divN/A,divN/A,divN/A,divN/A,divN/A,False,1699472464076526080
DivN/A,divN/A,divN/A,divN/A,divN/A,divN/A,False,1803050532988219392
DivN/A,divN/A,divN/A,divN/A,divN/A,divN/A,False,1864289115149127936
DivN/A,divN/A,divN/A,divN/A,divN/A,divN/A,False,1829625536777277696
DivN/A,divN/A,divN/A,divN/A,divN/A,divN/A,False,1786809682574586368
DivN/A,divN/A,divN/A,divN/A,divN/A,divN/A,False,1869446782574645504
DivN/A,divN/A,divN/A,divN/A,divN/A,divN/A,False,1849614959807795456
DivN/A,divN/A,divN/A,divN/A,divN/A,divN/A,False,1875150508660322560
DivN/A,divN/A,divN/A,divN/A,divN/A,divN/A,False,1835363440774504704
DivN/A,divN/A,divN/A,divN/A,divN/A,divN/A,False,1802335744754647296
DivN/A,divN/A,divN/A,divN/A,divN/A,divN/A,False,1877435581250121984
DivN/A,divN/A,divN/A,divN/A,divN/A,divN/A,False,1877803883990221056
DivN/A,divN/A,divN/A,divN/A,divN/A,divN/A,False,1744344100797628416
DivN/A,divN/A,divN/A,divN/A,divN/A,divN/A,False,1857163273965130240
DivN/A,divN/A,divN/A,divN/A,divN/A,divN/A,False,1854542240334410240
DivN/A,divN/A,divN/A,divN/A,divN/A,divN/A,False,1853184364458492160
DivN/A,divN/A,divN/A,divN/A,divN/A,divN/A,False,1743279608248836608
DivN/A,divN/A,divN/A,divN/A,divN/A,divN/A,False,1846406372918702336
DivN/A,divN/A,divN/A,divN/A,divN/A,divN/A,False,1851343061344801024
DivN/A,divN/A,divN/A,divN/A,divN/A,divN/A,False,1858696427456618496
DivN/A,divN/A,divN/A,divN/A,divN/A,divN/A,False,1711282728438780160
DivN/A,divN/A,divN/A,divN/A,divN/A,divN/A,False,1777338185745395712
DivN/A,divN/A,divN/A,divN/A,divN/A,divN/A,False,1780254518879416576
DivN/A,divN/A,divN/A,divN/A,divN/A,divN/A,False,1798457753779991040
DivN/A,divN/A,divN/A,divN/A,divN/A,divN/A,False,1807761917274214912
DivN/A,divN/A,divN/A,divN/A,divN/A,divN/A,False,1816637489349574656
DivN/A,divN/A,divN/A,divN/A,divN/A,divN/A,False,1830148811898908672
DivN/A,divN/A,divN/A,divN/A,divN/A,divN/A,False,1860000732730347520
DivN/A,divN/A,divN/A,divN/A,divN/A,divN/A,False,1744498282141786624
DivN/A,divN/A,divN/A,divN/A,divN/A,divN/A,False,1810581873703194880
DivN/A,divN/A,divN/A,divN/A,divN/A,divN/A,False,1851437047145468160
DivN/A,divN/A,divN/A,divN/A,divN/A,divN/A,False,1816814086149005312
DivN/A,divN/A,divN/A,divN/A,divN/A,divN/A,False,1870185714295472384
DivN/A,divN/A,divN/A,divN/A,divN/A,divN/A,False,1.838318484474e+18
DivN/A,divN/A,divN/A,divN/A,divN/A,divN/A,False,1702784480543756800
DivN/A,divN/A,divN/A,divN/A,divN/A,divN/A,False,1716887852792020992
DivN/A,divN/A,divN/A,divN/A,divN/A,divN/A,False,1839648995200705024
DivN/A,divN/A,divN/A,divN/A,divN/A,divN/A,False,1810394458334310656
DivN/A,divN/A,divN/A,divN/A,divN/A,divN/A,False,1795851071010611456
DivN/A,divN/A,divN/A,divN/A,divN/A,divN/A,False,1838237893988360192
DivN/A,divN/A,divN/A,divN/A,divN/A,divN/A,False,1852998350095675904
DivN/A,divN/A,divN/A,divN/A,divN/A,divN/A,False,1847805659456159744
DivN/A,divN/A,divN/A,divN/A,divN/A,divN/A,False,1854782516990988544
DivN/A,divN/A,divN/A,divN/A,divN/A,divN/A,False,1833743479773818880
DivN/A,divN/A,divN/A,divN/A,divN/A,divN/A,False,1848870835454677504
DivN/A,divN/A,divN/A,divN/A,divN/A,divN/A,False,1852786914166006016
DivN/A,divN/A,divN/A,divN/A,divN/A,divN/A,False,1814338027738608128
DivN/A,divN/A,divN/A,divN/A,divN/A,divN/A,False,1792954738365116928
DivN/A,divN/A,divN/A,divN/A,divN/A,divN/A,False,1794261421834031104
DivN/A,divN/A,divN/A,divN/A,divN/A,divN/A,False,1833700517853233152
DivN/A,divN/A,divN/A,divN/A,divN/A,divN/A,False,1839978929282589184
DivN/A,divN/A,divN/A,divN/A,divN/A,divN/A,False,1843122584940069376
DivN/A,divN/A,divN/A,divN/A,divN/A,divN/A,False,1845882741113737728
DivN/A,divN/A,divN/A,divN/A,divN/A,divN/A,False,1847384481319313920
DivN/A,divN/A,divN/A,divN/A,divN/A,divN/A,False,1850956970922045696
DivN/A,divN/A,divN/A,divN/A,divN/A,divN/A,False,1851095711942623744
DivN/A,divN/A,divN/A,divN/A,divN/A,divN/A,False,1851061826815213824
DivN/A,divN/A,divN/A,divN/A,divN/A,divN/A,False,1786816692611592192
DivN/A,divN/A,divN/A,divN/A,divN/A,divN/A,False,1825138139502878720
DivN/A,divN/A,divN/A,divN/A,divN/A,divN/A,False,1841742540774768896
DivN/A,divN/A,divN/A,divN/A,divN/A,divN/A,False,1854925721443127808
DivN/A,divN/A,divN/A,divN/A,divN/A,divN/A,False,1668679055980240896
DivN/A,divN/A,divN/A,divN/A,divN/A,divN/A,False,1779819005295178240
DivN/A,divN/A,divN/A,divN/A,divN/A,divN/A,False,1657918241614774272
DivN/A,divN/A,divN/A,divN/A,divN/A,divN/A,False,1770852780615356416
DivN/A,divN/A,divN/A,divN/A,divN/A,divN/A,False,1819423883998457856
DivN/A,divN/A,divN/A,divN/A,divN/A,divN/A,False,1833902617258270976
DivN/A,divN/A,divN/A,divN/A,divN/A,divN/A,False,1740992630358708480
DivN/A,divN/A,divN/A,divN/A,divN/A,divN/A,False,1776571903743836160
DivN/A,divN/A,divN/A,divN/A,divN/A,divN/A,False,1605736689090977792
DivN/A,divN/A,divN/A,divN/A,divN/A,divN/A,False,1860489782775939584
DivN/A,divN/A,divN/A,divN/A,divN/A,divN/A,False,1805484264386916864
DivN/A,divN/A,divN/A,divN/A,divN/A,divN/A,False,1794173286395543552
DivN/A,divN/A,divN/A,divN/A,divN/A,divN/A,False,1764687273033896448
DivN/A,divN/A,divN/A,divN/A,divN/A,divN/A,False,1845620224290086912
DivN/A,divN/A,divN/A,divN/A,divN/A,divN/A,False,1833821974528757760
DivN/A,divN/A,divN/A,divN/A,divN/A,divN/A,False,1865928061704872448
DivN/A,divN/A,divN/A,divN/A,divN/A,divN/A,False,1851309196827828480
DivN/A,divN/A,divN/A,divN/A,divN/A,divN/A,False,1851436110804553984
DivN/A,divN/A,divN/A,divN/A,divN/A,divN/A,False,1851430593080541440
DivN/A,divN/A,divN/A,divN/A,divN/A,divN/A,False,1851422555153822208
DivN/A,divN/A,divN/A,divN/A,divN/A,divN/A,False,1851646107882811904
DivN/A,divN/A,divN/A,divN/A,divN/A,divN/A,False,1854144250562429184
DivN/A,divN/A,divN/A,divN/A,divN/A,divN/A,False,1854168438186373376
DivN/A,divN/A,divN/A,divN/A,divN/A,divN/A,False,1854084840099860480
DivN/A,divN/A,divN/A,divN/A,divN/A,divN/A,False,1856590629792366592
"They spent $43B of our tax dollars on rural broadband. 3 years later nobody has been connected. 

Why?

Because to qualify to build networks you have to *prioritize hiring people with criminal records.*

And “account for” how bad weather events are the result of climate change.",22.2M,785,2.8K,7.9K,1K,False,1852713074320445952
DivN/A,divN/A,divN/A,divN/A,divN/A,divN/A,False,1837604129507574016
DivN/A,divN/A,divN/A,divN/A,divN/A,divN/A,False,1765812912525127936
DivN/A,divN/A,divN/A,divN/A,divN/A,divN/A,False,1769317896172282368
DivN/A,divN/A,divN/A,divN/A,divN/A,divN/A,False,1769766191772389888
DivN/A,divN/A,divN/A,divN/A,divN/A,divN/A,False,1871604522797486336
DivN/A,divN/A,divN/A,divN/A,divN/A,divN/A,False,1809619314451910656
DivN/A,divN/A,divN/A,divN/A,divN/A,divN/A,False,1823415550372143104
DivN/A,divN/A,divN/A,divN/A,divN/A,divN/A,False,1837174096263794944
DivN/A,divN/A,divN/A,divN/A,divN/A,divN/A,False,1815136459671626240
DivN/A,divN/A,divN/A,divN/A,divN/A,divN/A,False,1723057416873680896
DivN/A,divN/A,divN/A,divN/A,divN/A,divN/A,False,1821063167877009664
DivN/A,divN/A,divN/A,divN/A,divN/A,divN/A,False,1834501617049370624
DivN/A,divN/A,divN/A,divN/A,divN/A,divN/A,False,1733229965251150080
DivN/A,divN/A,divN/A,divN/A,divN/A,divN/A,False,1786425578683298304
DivN/A,divN/A,divN/A,divN/A,divN/A,divN/A,False,1827551238893776896
DivN/A,divN/A,divN/A,divN/A,divN/A,divN/A,False,1839741316068192768
DivN/A,divN/A,divN/A,divN/A,divN/A,divN/A,False,1829920065417785600
DivN/A,divN/A,divN/A,divN/A,divN/A,divN/A,False,1815415066508071424
DivN/A,divN/A,divN/A,divN/A,divN/A,divN/A,False,1818985674436968960
DivN/A,divN/A,divN/A,divN/A,divN/A,divN/A,False,1840409051357696256
DivN/A,divN/A,divN/A,divN/A,divN/A,divN/A,False,1769102618213638400
DivN/A,divN/A,divN/A,divN/A,divN/A,divN/A,False,1785798055645639168
DivN/A,divN/A,divN/A,divN/A,divN/A,divN/A,False,1696388770847973376
DivN/A,divN/A,divN/A,divN/A,divN/A,divN/A,False,1761870498760167424
DivN/A,divN/A,divN/A,divN/A,divN/A,divN/A,False,1683923720908201984
DivN/A,divN/A,divN/A,divN/A,divN/A,divN/A,False,1852734722062852608
DivN/A,divN/A,divN/A,divN/A,divN/A,divN/A,False,1870495918375735808
DivN/A,divN/A,divN/A,divN/A,divN/A,divN/A,False,1714335831375102464
DivN/A,divN/A,divN/A,divN/A,divN/A,divN/A,False,1826008006167085056
DivN/A,divN/A,divN/A,divN/A,divN/A,divN/A,False,1761320315324359168
DivN/A,divN/A,divN/A,divN/A,divN/A,divN/A,False,1858919314490798080
DivN/A,divN/A,divN/A,divN/A,divN/A,divN/A,False,1694886846050771200
DivN/A,divN/A,divN/A,divN/A,divN/A,divN/A,False,1699142858844865024
DivN/A,divN/A,divN/A,divN/A,divN/A,divN/A,False,1842939559036018944
DivN/A,divN/A,divN/A,divN/A,divN/A,divN/A,False,1818970744316899584
DivN/A,divN/A,divN/A,divN/A,divN/A,divN/A,False,1859573052108861440
DivN/A,divN/A,divN/A,divN/A,divN/A,divN/A,False,1875549435926581504
DivN/A,divN/A,divN/A,divN/A,divN/A,divN/A,False,1779150476212101376
DivN/A,divN/A,divN/A,divN/A,divN/A,divN/A,False,1870205041417535744
DivN/A,divN/A,divN/A,divN/A,divN/A,divN/A,False,1870962656959692800
DivN/A,divN/A,divN/A,divN/A,divN/A,divN/A,False,1.81230017613e+18
DivN/A,divN/A,divN/A,divN/A,divN/A,divN/A,False,1823742501884453376
DivN/A,divN/A,divN/A,divN/A,divN/A,divN/A,False,1787540072096522496
DivN/A,divN/A,divN/A,divN/A,divN/A,divN/A,False,1819656419592770048
DivN/A,divN/A,divN/A,divN/A,divN/A,divN/A,False,1821961409413947392
DivN/A,divN/A,divN/A,divN/A,divN/A,divN/A,False,1874629776234971136
DivN/A,divN/A,divN/A,divN/A,divN/A,divN/A,False,1867941005594411264
DivN/A,divN/A,divN/A,divN/A,divN/A,divN/A,False,1818666012952478208
DivN/A,divN/A,divN/A,divN/A,divN/A,divN/A,False,1838564897531011072
DivN/A,divN/A,divN/A,divN/A,divN/A,divN/A,False,1815236682549166336
DivN/A,divN/A,divN/A,divN/A,divN/A,divN/A,False,1779898432586395904
DivN/A,divN/A,divN/A,divN/A,divN/A,divN/A,False,1832203241309806592
DivN/A,divN/A,divN/A,divN/A,divN/A,divN/A,False,1881567286273990656
DivN/A,divN/A,divN/A,divN/A,divN/A,divN/A,False,1818381718492979200
DivN/A,divN/A,divN/A,divN/A,divN/A,divN/A,False,1823575322731610112
DivN/A,divN/A,divN/A,divN/A,divN/A,divN/A,False,1815483642753528064
DivN/A,divN/A,divN/A,divN/A,divN/A,divN/A,False,1815496170334204160
DivN/A,divN/A,divN/A,divN/A,divN/A,divN/A,False,1863120156907786496
DivN/A,divN/A,divN/A,divN/A,divN/A,divN/A,False,1866797787251347456
DivN/A,divN/A,divN/A,divN/A,divN/A,divN/A,False,1843133043961381120
DivN/A,divN/A,divN/A,divN/A,divN/A,divN/A,False,1849531763326095616
DivN/A,divN/A,divN/A,divN/A,divN/A,divN/A,False,1840229447812743424
DivN/A,divN/A,divN/A,divN/A,divN/A,divN/A,False,1823249070296797440
DivN/A,divN/A,divN/A,divN/A,divN/A,divN/A,False,1826464926111858944
DivN/A,divN/A,divN/A,divN/A,divN/A,divN/A,False,1826015426658415104
DivN/A,divN/A,divN/A,divN/A,divN/A,divN/A,False,1829215766765547520
DivN/A,divN/A,divN/A,divN/A,divN/A,divN/A,False,1829206740984111360
DivN/A,divN/A,divN/A,divN/A,divN/A,divN/A,False,1830091917654168064
DivN/A,divN/A,divN/A,divN/A,divN/A,divN/A,False,1830094248974184704
DivN/A,divN/A,divN/A,divN/A,divN/A,divN/A,False,1845847428207144960
DivN/A,divN/A,divN/A,divN/A,divN/A,divN/A,False,1858379684104356096
DivN/A,divN/A,divN/A,divN/A,divN/A,divN/A,False,1816127677541040384
DivN/A,divN/A,divN/A,divN/A,divN/A,divN/A,False,1874851766367641856
DivN/A,divN/A,divN/A,divN/A,divN/A,divN/A,False,1829214756995268864
DivN/A,divN/A,divN/A,divN/A,divN/A,divN/A,False,1754861562987196416
DivN/A,divN/A,divN/A,divN/A,divN/A,divN/A,False,1831891491708628992
DivN/A,divN/A,divN/A,divN/A,divN/A,divN/A,False,1834303917208842496
DivN/A,divN/A,divN/A,divN/A,divN/A,divN/A,False,1846179573093859840
DivN/A,divN/A,divN/A,divN/A,divN/A,divN/A,False,1835602829865792000
DivN/A,divN/A,divN/A,divN/A,divN/A,divN/A,False,1718192456838107136
DivN/A,divN/A,divN/A,divN/A,divN/A,divN/A,False,1725645884409401344
DivN/A,divN/A,divN/A,divN/A,divN/A,divN/A,False,1852914164093550592
DivN/A,divN/A,divN/A,divN/A,divN/A,divN/A,False,1852806290151526656
DivN/A,divN/A,divN/A,divN/A,divN/A,divN/A,False,1852796618158055680
DivN/A,divN/A,divN/A,divN/A,divN/A,divN/A,False,1852764723072422400
DivN/A,divN/A,divN/A,divN/A,divN/A,divN/A,False,1809342357348782592
DivN/A,divN/A,divN/A,divN/A,divN/A,divN/A,False,1872276431084134912
DivN/A,divN/A,divN/A,divN/A,divN/A,divN/A,False,1847715781582160384
DivN/A,divN/A,divN/A,divN/A,divN/A,divN/A,False,1852796163331948800
DivN/A,divN/A,divN/A,divN/A,divN/A,divN/A,False,1732179418787783168
DivN/A,divN/A,divN/A,divN/A,divN/A,divN/A,False,1803278114698449408
DivN/A,divN/A,divN/A,divN/A,divN/A,divN/A,False,1817249885432750080
DivN/A,divN/A,divN/A,divN/A,divN/A,divN/A,False,1821434412937986560
DivN/A,divN/A,divN/A,divN/A,divN/A,divN/A,False,1873746072461603328
DivN/A,divN/A,divN/A,divN/A,divN/A,divN/A,False,1727564703440797696
DivN/A,divN/A,divN/A,divN/A,divN/A,divN/A,False,1753894223831793920
DivN/A,divN/A,divN/A,divN/A,divN/A,divN/A,False,1848134050570969600
DivN/A,divN/A,divN/A,divN/A,divN/A,divN/A,False,1848918876509086208
DivN/A,divN/A,divN/A,divN/A,divN/A,divN/A,False,1852944751370109184
DivN/A,divN/A,divN/A,divN/A,divN/A,divN/A,False,1864687176216195072
DivN/A,divN/A,divN/A,divN/A,divN/A,divN/A,False,1864702585313350144
DivN/A,divN/A,divN/A,divN/A,divN/A,divN/A,False,1799281058170405376
DivN/A,divN/A,divN/A,divN/A,divN/A,divN/A,False,1806501048724431104
DivN/A,divN/A,divN/A,divN/A,divN/A,divN/A,False,1807814421168710144
DivN/A,divN/A,divN/A,divN/A,divN/A,divN/A,False,1812290833649152256
DivN/A,divN/A,divN/A,divN/A,divN/A,divN/A,False,1814452459248800000
DivN/A,divN/A,divN/A,divN/A,divN/A,divN/A,False,1843974039934840832
DivN/A,divN/A,divN/A,divN/A,divN/A,divN/A,False,1785832474494279680
DivN/A,divN/A,divN/A,divN/A,divN/A,divN/A,False,1727377846652346368
DivN/A,divN/A,divN/A,divN/A,divN/A,divN/A,False,1732773421610606592
DivN/A,divN/A,divN/A,divN/A,divN/A,divN/A,False,1878203590197862400
DivN/A,divN/A,divN/A,divN/A,divN/A,divN/A,False,1809928552793444352
DivN/A,divN/A,divN/A,divN/A,divN/A,divN/A,False,1742526855939297280
DivN/A,divN/A,divN/A,divN/A,divN/A,divN/A,False,1765508537277444096
DivN/A,divN/A,divN/A,divN/A,divN/A,divN/A,False,1797619576739651840
DivN/A,divN/A,divN/A,divN/A,divN/A,divN/A,False,1806508890982375424
DivN/A,divN/A,divN/A,divN/A,divN/A,divN/A,False,1806808635374187008
DivN/A,divN/A,divN/A,divN/A,divN/A,divN/A,False,1788690414738051584
DivN/A,divN/A,divN/A,divN/A,divN/A,divN/A,False,1804873761486676224
DivN/A,divN/A,divN/A,divN/A,divN/A,divN/A,False,1850981627943399936
DivN/A,divN/A,divN/A,divN/A,divN/A,divN/A,False,1758373163660902656
DivN/A,divN/A,divN/A,divN/A,divN/A,divN/A,False,1868444718537007104
DivN/A,divN/A,divN/A,divN/A,divN/A,divN/A,False,1871783050696356352
DivN/A,divN/A,divN/A,divN/A,divN/A,divN/A,False,1860937593967583232
DivN/A,divN/A,divN/A,divN/A,divN/A,divN/A,False,1812275735039729920
DivN/A,divN/A,divN/A,divN/A,divN/A,divN/A,False,1836506424546898176
DivN/A,divN/A,divN/A,divN/A,divN/A,divN/A,False,1882255277551972352
DivN/A,divN/A,divN/A,divN/A,divN/A,divN/A,False,1849727660399936000
DivN/A,divN/A,divN/A,divN/A,divN/A,divN/A,False,1874625502323134720
DivN/A,divN/A,divN/A,divN/A,divN/A,divN/A,False,1872080985451598080
DivN/A,divN/A,divN/A,divN/A,divN/A,divN/A,False,1841305705795776512
DivN/A,divN/A,divN/A,divN/A,divN/A,divN/A,False,1852292100844622080
DivN/A,divN/A,divN/A,divN/A,divN/A,divN/A,False,1860924263047549184
DivN/A,divN/A,divN/A,divN/A,divN/A,divN/A,False,1872773695707726080
DivN/A,divN/A,divN/A,divN/A,divN/A,divN/A,False,1863940709180473600
DivN/A,divN/A,divN/A,divN/A,divN/A,divN/A,False,1771512584883015936
DivN/A,divN/A,divN/A,divN/A,divN/A,divN/A,False,1814452460632920320
DivN/A,divN/A,divN/A,divN/A,divN/A,divN/A,False,1864741469451419904
DivN/A,divN/A,divN/A,divN/A,divN/A,divN/A,False,1744866197571555840
DivN/A,divN/A,divN/A,divN/A,divN/A,divN/A,False,1764015082173026560
DivN/A,divN/A,divN/A,divN/A,divN/A,divN/A,False,1830161922945106176
DivN/A,divN/A,divN/A,divN/A,divN/A,divN/A,False,1840537119975973120
DivN/A,divN/A,divN/A,divN/A,divN/A,divN/A,False,1774998117374427136
DivN/A,divN/A,divN/A,divN/A,divN/A,divN/A,False,1821252923919364096
DivN/A,divN/A,divN/A,divN/A,divN/A,divN/A,False,1848181149840871936
DivN/A,divN/A,divN/A,divN/A,divN/A,divN/A,False,1852212132697214976
DivN/A,divN/A,divN/A,divN/A,divN/A,divN/A,False,1817722684089712896
DivN/A,divN/A,divN/A,divN/A,divN/A,divN/A,False,1849532812581359616
DivN/A,divN/A,divN/A,divN/A,divN/A,divN/A,False,1866412720850878464
DivN/A,divN/A,divN/A,divN/A,divN/A,divN/A,False,1766622741061345536
DivN/A,divN/A,divN/A,divN/A,divN/A,divN/A,False,1764024323755462656
DivN/A,divN/A,divN/A,divN/A,divN/A,divN/A,False,1766314798088614400
DivN/A,divN/A,divN/A,divN/A,divN/A,divN/A,False,1768694436244922368
"This is a battle for the future of civilization. If free speech is lost even in America, tyranny is all that lies ahead.",viewsN/A,75K,162K,866K,3K,False,1597405399040217088
DivN/A,divN/A,divN/A,divN/A,divN/A,divN/A,False,1846162874680373504
DivN/A,divN/A,divN/A,divN/A,divN/A,divN/A,False,1852871456683630592
DivN/A,divN/A,divN/A,divN/A,divN/A,divN/A,False,1780660716229554176
DivN/A,divN/A,divN/A,divN/A,divN/A,divN/A,False,1782441020036145152
DivN/A,divN/A,divN/A,divN/A,divN/A,divN/A,False,1791134072695083264
DivN/A,divN/A,divN/A,divN/A,divN/A,divN/A,False,1796288179944685824
DivN/A,divN/A,divN/A,divN/A,divN/A,divN/A,False,1854856450645901312
DivN/A,divN/A,divN/A,divN/A,divN/A,divN/A,False,1832961221038940160
DivN/A,divN/A,divN/A,divN/A,divN/A,divN/A,False,1836445017822437376
DivN/A,divN/A,divN/A,divN/A,divN/A,divN/A,False,1806503124649038080
DivN/A,divN/A,divN/A,divN/A,divN/A,divN/A,False,1860055349103067136
DivN/A,divN/A,divN/A,divN/A,divN/A,divN/A,False,1796856740069114368
DivN/A,divN/A,divN/A,divN/A,divN/A,divN/A,False,1841533475414749440
DivN/A,divN/A,divN/A,divN/A,divN/A,divN/A,False,1840577643839955200
DivN/A,divN/A,divN/A,divN/A,divN/A,divN/A,False,1776736700468989952
DivN/A,divN/A,divN/A,divN/A,divN/A,divN/A,False,1807090969533161472
DivN/A,divN/A,divN/A,divN/A,divN/A,divN/A,False,1869068935426953216
DivN/A,divN/A,divN/A,divN/A,divN/A,divN/A,False,1792647374122176512
DivN/A,divN/A,divN/A,divN/A,divN/A,divN/A,False,1879187884907122944
DivN/A,divN/A,divN/A,divN/A,divN/A,divN/A,False,1853862341533949952
DivN/A,divN/A,divN/A,divN/A,divN/A,divN/A,False,1857204011553669376
DivN/A,divN/A,divN/A,divN/A,divN/A,divN/A,False,1812273630702952704
DivN/A,divN/A,divN/A,divN/A,divN/A,divN/A,False,1717528795123429376
DivN/A,divN/A,divN/A,divN/A,divN/A,divN/A,False,1876303554438447360
DivN/A,divN/A,divN/A,divN/A,divN/A,divN/A,False,1845571771522494464
DivN/A,divN/A,divN/A,divN/A,divN/A,divN/A,False,1824069681868669184
DivN/A,divN/A,divN/A,divN/A,divN/A,divN/A,False,1840251926488715264
DivN/A,divN/A,divN/A,divN/A,divN/A,divN/A,False,1874050330889249280
DivN/A,divN/A,divN/A,divN/A,divN/A,divN/A,False,1819365033207324672
DivN/A,divN/A,divN/A,divN/A,divN/A,divN/A,False,1856636704410501376
DivN/A,divN/A,divN/A,divN/A,divN/A,divN/A,False,1787888914641879040
DivN/A,divN/A,divN/A,divN/A,divN/A,divN/A,False,1852209432878342400
DivN/A,divN/A,divN/A,divN/A,divN/A,divN/A,False,1878965068471107840
DivN/A,divN/A,divN/A,divN/A,divN/A,divN/A,False,1842978982444322816
DivN/A,divN/A,divN/A,divN/A,divN/A,divN/A,False,1768148265235575040
DivN/A,divN/A,divN/A,divN/A,divN/A,divN/A,False,1787852468828643584
DivN/A,divN/A,divN/A,divN/A,divN/A,divN/A,False,1648135878454177792
DivN/A,divN/A,divN/A,divN/A,divN/A,divN/A,False,1841012892960796672
DivN/A,divN/A,divN/A,divN/A,divN/A,divN/A,False,1729917797981929472
DivN/A,divN/A,divN/A,divN/A,divN/A,divN/A,False,1734941398669869568
DivN/A,divN/A,divN/A,divN/A,divN/A,divN/A,False,1735838575013273856
DivN/A,divN/A,divN/A,divN/A,divN/A,divN/A,False,1747816886765490688
DivN/A,divN/A,divN/A,divN/A,divN/A,divN/A,False,1760739222498234624
DivN/A,divN/A,divN/A,divN/A,divN/A,divN/A,False,1818782118987657728
DivN/A,divN/A,divN/A,divN/A,divN/A,divN/A,False,1820198979327623424
DivN/A,divN/A,divN/A,divN/A,divN/A,divN/A,False,1828558004301508864
DivN/A,divN/A,divN/A,divN/A,divN/A,divN/A,False,1793722503442944256
DivN/A,divN/A,divN/A,divN/A,divN/A,divN/A,False,1812862133287174656
DivN/A,divN/A,divN/A,divN/A,divN/A,divN/A,False,1813356138445893632
DivN/A,divN/A,divN/A,divN/A,divN/A,divN/A,False,1819567134864777216
DivN/A,divN/A,divN/A,divN/A,divN/A,divN/A,False,1822033613707526656
DivN/A,divN/A,divN/A,divN/A,divN/A,divN/A,False,1821390891422187520
DivN/A,divN/A,divN/A,divN/A,divN/A,divN/A,False,1862763336519082240
DivN/A,divN/A,divN/A,divN/A,divN/A,divN/A,False,1872801018184122880
DivN/A,divN/A,divN/A,divN/A,divN/A,divN/A,False,1874635969665830912
DivN/A,divN/A,divN/A,divN/A,divN/A,divN/A,False,1801977467218854144
DivN/A,divN/A,divN/A,divN/A,divN/A,divN/A,False,1877814829592769024
DivN/A,divN/A,divN/A,divN/A,divN/A,divN/A,False,1693219734001500416
DivN/A,divN/A,divN/A,divN/A,divN/A,divN/A,False,1800063692228251904
DivN/A,divN/A,divN/A,divN/A,divN/A,divN/A,False,1800260809425293824
DivN/A,divN/A,divN/A,divN/A,divN/A,divN/A,False,1835513373577929216
DivN/A,divN/A,divN/A,divN/A,divN/A,divN/A,False,1835292186818056704
DivN/A,divN/A,divN/A,divN/A,divN/A,divN/A,False,1838335787873771776
DivN/A,divN/A,divN/A,divN/A,divN/A,divN/A,False,1864500350041850368
DivN/A,divN/A,divN/A,divN/A,divN/A,divN/A,False,1806519198543237376
DivN/A,divN/A,divN/A,divN/A,divN/A,divN/A,False,1838289910446592256
DivN/A,divN/A,divN/A,divN/A,divN/A,divN/A,False,1848072222575051264
DivN/A,divN/A,divN/A,divN/A,divN/A,divN/A,False,1877356087944315136
DivN/A,divN/A,divN/A,divN/A,divN/A,divN/A,False,1848095964763984384
DivN/A,divN/A,divN/A,divN/A,divN/A,divN/A,False,1810657183920427264
DivN/A,divN/A,divN/A,divN/A,divN/A,divN/A,False,1815498419374547456
DivN/A,divN/A,divN/A,divN/A,divN/A,divN/A,False,1874550613830520832
DivN/A,divN/A,divN/A,divN/A,divN/A,divN/A,False,1825977695361994752
DivN/A,divN/A,divN/A,divN/A,divN/A,divN/A,False,1839871547290308864
DivN/A,divN/A,divN/A,divN/A,divN/A,divN/A,False,1840621953008168960
DivN/A,divN/A,divN/A,divN/A,divN/A,divN/A,False,1839656658932306176
DivN/A,divN/A,divN/A,divN/A,divN/A,divN/A,False,1796576375911927808
DivN/A,divN/A,divN/A,divN/A,divN/A,divN/A,False,1830925674292396544
DivN/A,divN/A,divN/A,divN/A,divN/A,divN/A,False,1751588182276059136
DivN/A,divN/A,divN/A,divN/A,divN/A,divN/A,False,1820165811031384320
DivN/A,divN/A,divN/A,divN/A,divN/A,divN/A,False,1842246865234128896
DivN/A,divN/A,divN/A,divN/A,divN/A,divN/A,False,1829522709623005184
DivN/A,divN/A,divN/A,divN/A,divN/A,divN/A,False,1819386433452528128
DivN/A,divN/A,divN/A,divN/A,divN/A,divN/A,False,1877003776202010624
DivN/A,divN/A,divN/A,divN/A,divN/A,divN/A,False,1807588014652338176
DivN/A,divN/A,divN/A,divN/A,divN/A,divN/A,False,1879928953286033664
DivN/A,divN/A,divN/A,divN/A,divN/A,divN/A,False,1874976464279326976
DivN/A,divN/A,divN/A,divN/A,divN/A,divN/A,False,1822218975998030080
DivN/A,divN/A,divN/A,divN/A,divN/A,divN/A,False,1849504618574671872
DivN/A,divN/A,divN/A,divN/A,divN/A,divN/A,False,1847842504923607040
DivN/A,divN/A,divN/A,divN/A,divN/A,divN/A,False,1837908034426749184
DivN/A,divN/A,divN/A,divN/A,divN/A,divN/A,False,1787910522547094016
DivN/A,divN/A,divN/A,divN/A,divN/A,divN/A,False,1849641137461395968
DivN/A,divN/A,divN/A,divN/A,divN/A,divN/A,False,1876993170224922880
DivN/A,divN/A,divN/A,divN/A,divN/A,divN/A,False,1761471966152888576
DivN/A,divN/A,divN/A,divN/A,divN/A,divN/A,False,1823430600872878336
DivN/A,divN/A,divN/A,divN/A,divN/A,divN/A,False,1850658307540705536
DivN/A,divN/A,divN/A,divN/A,divN/A,divN/A,False,1869848400973484032
DivN/A,divN/A,divN/A,divN/A,divN/A,divN/A,False,1869864877453447680
DivN/A,divN/A,divN/A,divN/A,divN/A,divN/A,False,1857235133054500864
DivN/A,divN/A,divN/A,divN/A,divN/A,divN/A,False,1811699711591489536
DivN/A,divN/A,divN/A,divN/A,divN/A,divN/A,False,1856541693836734720
DivN/A,divN/A,divN/A,divN/A,divN/A,divN/A,False,1828842655918571520
DivN/A,divN/A,divN/A,divN/A,divN/A,divN/A,False,1859457153162944512
DivN/A,divN/A,divN/A,divN/A,divN/A,divN/A,False,1.87667285307e+18
DivN/A,divN/A,divN/A,divN/A,divN/A,divN/A,False,1782279316497174784
DivN/A,divN/A,divN/A,divN/A,divN/A,divN/A,False,1882392668497756160
DivN/A,divN/A,divN/A,divN/A,divN/A,divN/A,False,1854279370862444800
DivN/A,divN/A,divN/A,divN/A,divN/A,divN/A,False,1724550109294105088
DivN/A,divN/A,divN/A,divN/A,divN/A,divN/A,False,1725302732981240064
DivN/A,divN/A,divN/A,divN/A,divN/A,divN/A,False,1720140432905056768
DivN/A,divN/A,divN/A,divN/A,divN/A,divN/A,False,1862640286423285760
DivN/A,divN/A,divN/A,divN/A,divN/A,divN/A,False,1870965016423256320
DivN/A,divN/A,divN/A,divN/A,divN/A,divN/A,False,1753853879282754048
DivN/A,divN/A,divN/A,divN/A,divN/A,divN/A,False,1692431667548528640
DivN/A,divN/A,divN/A,divN/A,divN/A,divN/A,False,1861122371093930240
DivN/A,divN/A,divN/A,divN/A,divN/A,divN/A,False,1873759961689542656
DivN/A,divN/A,divN/A,divN/A,divN/A,divN/A,False,1760536038173213184
DivN/A,divN/A,divN/A,divN/A,divN/A,divN/A,False,1790518441998254336
DivN/A,divN/A,divN/A,divN/A,divN/A,divN/A,False,1840063418520481792
DivN/A,divN/A,divN/A,divN/A,divN/A,divN/A,False,1851425978012291072
DivN/A,divN/A,divN/A,divN/A,divN/A,divN/A,False,1857131994758443264
DivN/A,divN/A,divN/A,divN/A,divN/A,divN/A,False,1861937635712700928
DivN/A,divN/A,divN/A,divN/A,divN/A,divN/A,False,1863722240660914176
DivN/A,divN/A,divN/A,divN/A,divN/A,divN/A,False,1815091075431677952
DivN/A,divN/A,divN/A,divN/A,divN/A,divN/A,False,1763687248304934912
DivN/A,divN/A,divN/A,divN/A,divN/A,divN/A,False,1817288993740096000
DivN/A,divN/A,divN/A,divN/A,divN/A,divN/A,False,1822397674554867712
DivN/A,divN/A,divN/A,divN/A,divN/A,divN/A,False,1868409140714012672
DivN/A,divN/A,divN/A,divN/A,divN/A,divN/A,False,1868723558907842816
DivN/A,divN/A,divN/A,divN/A,divN/A,divN/A,False,1876810255327179264
DivN/A,divN/A,divN/A,divN/A,divN/A,divN/A,False,1794010722029933056
DivN/A,divN/A,divN/A,divN/A,divN/A,divN/A,False,1843538784325083136
DivN/A,divN/A,divN/A,divN/A,divN/A,divN/A,False,1880120374702272512
DivN/A,divN/A,divN/A,divN/A,divN/A,divN/A,False,1666203439146172416
Ep. 3  America's principles are at stake,106.5M,36K,177K,616K,20K,False,1668747661028081664
DivN/A,divN/A,divN/A,divN/A,divN/A,divN/A,False,1847835520216252928
DivN/A,divN/A,divN/A,divN/A,divN/A,divN/A,False,1876179308521390336
DivN/A,divN/A,divN/A,divN/A,divN/A,divN/A,False,1851745648313602304
DivN/A,divN/A,divN/A,divN/A,divN/A,divN/A,False,1839848536617210368
DivN/A,divN/A,divN/A,divN/A,divN/A,divN/A,False,1841310573465633280
DivN/A,divN/A,divN/A,divN/A,divN/A,divN/A,False,1802835133591929344
"Right now, I'm about to try to get out of Ukraine, and seek political asylum in Hungary.

Either I'll cross the border and make it to safety, or I'll be disappeared by the Kiev regime.

This is what's happened to me over the past three months.

1/25",38.6M,5.6K,24K,53K,9.9K,False,1686140558803140608
DivN/A,divN/A,divN/A,divN/A,divN/A,divN/A,False,1767636879677985024
DivN/A,divN/A,divN/A,divN/A,divN/A,divN/A,False,1783154103947862528
DivN/A,divN/A,divN/A,divN/A,divN/A,divN/A,False,1796418355479638528
DivN/A,divN/A,divN/A,divN/A,divN/A,divN/A,False,1876825740039069696
DivN/A,divN/A,divN/A,divN/A,divN/A,divN/A,False,1878877630755471360
DivN/A,divN/A,divN/A,divN/A,divN/A,divN/A,False,1816155109883080960
DivN/A,divN/A,divN/A,divN/A,divN/A,divN/A,False,1822021699878990080
DivN/A,divN/A,divN/A,divN/A,divN/A,divN/A,False,1803490997457789184
DivN/A,divN/A,divN/A,divN/A,divN/A,divN/A,False,1765027342907261184
DivN/A,divN/A,divN/A,divN/A,divN/A,divN/A,False,1782413946110066944
DivN/A,divN/A,divN/A,divN/A,divN/A,divN/A,False,1822423841626272000
DivN/A,divN/A,divN/A,divN/A,divN/A,divN/A,False,1824077145943027712
DivN/A,divN/A,divN/A,divN/A,divN/A,divN/A,False,1710636448825688320
DivN/A,divN/A,divN/A,divN/A,divN/A,divN/A,False,1805617848942764544
DivN/A,divN/A,divN/A,divN/A,divN/A,divN/A,False,1829107418648773120
DivN/A,divN/A,divN/A,divN/A,divN/A,divN/A,False,1825940521082401280
DivN/A,divN/A,divN/A,divN/A,divN/A,divN/A,False,1812579675920867840
DivN/A,divN/A,divN/A,divN/A,divN/A,divN/A,False,1809612370760864000
DivN/A,divN/A,divN/A,divN/A,divN/A,divN/A,False,1873417470331224320
DivN/A,divN/A,divN/A,divN/A,divN/A,divN/A,False,1831338079766086144
DivN/A,divN/A,divN/A,divN/A,divN/A,divN/A,False,1779480889942032640
DivN/A,divN/A,divN/A,divN/A,divN/A,divN/A,False,1801377503459549184
DivN/A,divN/A,divN/A,divN/A,divN/A,divN/A,False,1877115308055392256
DivN/A,divN/A,divN/A,divN/A,divN/A,divN/A,False,1758913569490424320
DivN/A,divN/A,divN/A,divN/A,divN/A,divN/A,False,1811912830230102016
DivN/A,divN/A,divN/A,divN/A,divN/A,divN/A,False,1840461544179523584
DivN/A,divN/A,divN/A,divN/A,divN/A,divN/A,False,1846273291272544256
DivN/A,divN/A,divN/A,divN/A,divN/A,divN/A,False,1851092328796045824
DivN/A,divN/A,divN/A,divN/A,divN/A,divN/A,False,1854026432042676480
DivN/A,divN/A,divN/A,divN/A,divN/A,divN/A,False,1842986886878707712
DivN/A,divN/A,divN/A,divN/A,divN/A,divN/A,False,1804666521656115200
DivN/A,divN/A,divN/A,divN/A,divN/A,divN/A,False,1822025286780666368
DivN/A,divN/A,divN/A,divN/A,divN/A,divN/A,False,1730842412468117760
DivN/A,divN/A,divN/A,divN/A,divN/A,divN/A,False,1877036020081803520
DivN/A,divN/A,divN/A,divN/A,divN/A,divN/A,False,1822499598083981824
DivN/A,divN/A,divN/A,divN/A,divN/A,divN/A,False,1816113413694619904
DivN/A,divN/A,divN/A,divN/A,divN/A,divN/A,False,1851421311785959680
DivN/A,divN/A,divN/A,divN/A,divN/A,divN/A,False,1851436643498037760
DivN/A,divN/A,divN/A,divN/A,divN/A,divN/A,False,1877425139434029056
DivN/A,divN/A,divN/A,divN/A,divN/A,divN/A,False,1877434828053766400
DivN/A,divN/A,divN/A,divN/A,divN/A,divN/A,False,1833959989234262016
DivN/A,divN/A,divN/A,divN/A,divN/A,divN/A,False,1719357367022735616
DivN/A,divN/A,divN/A,divN/A,divN/A,divN/A,False,1799452273661079552
DivN/A,divN/A,divN/A,divN/A,divN/A,divN/A,False,1818728710780195328
DivN/A,divN/A,divN/A,divN/A,divN/A,divN/A,False,1811485917938397440
DivN/A,divN/A,divN/A,divN/A,divN/A,divN/A,False,1811546181446828544
DivN/A,divN/A,divN/A,divN/A,divN/A,divN/A,False,1815109953603911680
DivN/A,divN/A,divN/A,divN/A,divN/A,divN/A,False,1818216449296732416
DivN/A,divN/A,divN/A,divN/A,divN/A,divN/A,False,1792614454904898048
DivN/A,divN/A,divN/A,divN/A,divN/A,divN/A,False,1775350326738198528
DivN/A,divN/A,divN/A,divN/A,divN/A,divN/A,False,1637193767697408000
DivN/A,divN/A,divN/A,divN/A,divN/A,divN/A,False,1851206080564773376
DivN/A,divN/A,divN/A,divN/A,divN/A,divN/A,False,1882175553710825472
DivN/A,divN/A,divN/A,divN/A,divN/A,divN/A,False,1816238686595686400
DivN/A,divN/A,divN/A,divN/A,divN/A,divN/A,False,1841916442410942720
DivN/A,divN/A,divN/A,divN/A,divN/A,divN/A,False,1854167830758899712
DivN/A,divN/A,divN/A,divN/A,divN/A,divN/A,False,1827837505041048064
DivN/A,divN/A,divN/A,divN/A,divN/A,divN/A,False,1796320239736528896
DivN/A,divN/A,divN/A,divN/A,divN/A,divN/A,False,1792684452751290880
DivN/A,divN/A,divN/A,divN/A,divN/A,divN/A,False,1816321656517976320
DivN/A,divN/A,divN/A,divN/A,divN/A,divN/A,False,1817357502725406976
DivN/A,divN/A,divN/A,divN/A,divN/A,divN/A,False,1860053758161321984
DivN/A,divN/A,divN/A,divN/A,divN/A,divN/A,False,1836518555648692480
DivN/A,divN/A,divN/A,divN/A,divN/A,divN/A,False,1817999351869767936
DivN/A,divN/A,divN/A,divN/A,divN/A,divN/A,False,1818708870635946496
DivN/A,divN/A,divN/A,divN/A,divN/A,divN/A,False,1824410315422872064
DivN/A,divN/A,divN/A,divN/A,divN/A,divN/A,False,1825905977008533760
DivN/A,divN/A,divN/A,divN/A,divN/A,divN/A,False,1838246916301201664
DivN/A,divN/A,divN/A,divN/A,divN/A,divN/A,False,1836498836115640320
DivN/A,divN/A,divN/A,divN/A,divN/A,divN/A,False,1876260143509192960
DivN/A,divN/A,divN/A,divN/A,divN/A,divN/A,False,1754937349706752000
DivN/A,divN/A,divN/A,divN/A,divN/A,divN/A,False,1790169072682094592
DivN/A,divN/A,divN/A,divN/A,divN/A,divN/A,False,1835697030963892480
DivN/A,divN/A,divN/A,divN/A,divN/A,divN/A,False,1823367936909951488
DivN/A,divN/A,divN/A,divN/A,divN/A,divN/A,False,1664424891372941312
DivN/A,divN/A,divN/A,divN/A,divN/A,divN/A,False,1793052908113539072
DivN/A,divN/A,divN/A,divN/A,divN/A,divN/A,False,1796665674535710976
DivN/A,divN/A,divN/A,divN/A,divN/A,divN/A,False,1799282802103341568
DivN/A,divN/A,divN/A,divN/A,divN/A,divN/A,False,1838270121665794560
DivN/A,divN/A,divN/A,divN/A,divN/A,divN/A,False,1829185699184292096
DivN/A,divN/A,divN/A,divN/A,divN/A,divN/A,False,1844383579213791744
DivN/A,divN/A,divN/A,divN/A,divN/A,divN/A,False,1865103161502888448
DivN/A,divN/A,divN/A,divN/A,divN/A,divN/A,False,1870216680074289664
DivN/A,divN/A,divN/A,divN/A,divN/A,divN/A,False,1852775730322813184
DivN/A,divN/A,divN/A,divN/A,divN/A,divN/A,False,1854323792459235584
DivN/A,divN/A,divN/A,divN/A,divN/A,divN/A,False,1875050002046726400
DivN/A,divN/A,divN/A,divN/A,divN/A,divN/A,False,1776753649441538304
DivN/A,divN/A,divN/A,divN/A,divN/A,divN/A,False,1810699563210313984
DivN/A,divN/A,divN/A,divN/A,divN/A,divN/A,False,1867659813888635136
DivN/A,divN/A,divN/A,divN/A,divN/A,divN/A,False,1840392807237714176
DivN/A,divN/A,divN/A,divN/A,divN/A,divN/A,False,1757235134376382720
DivN/A,divN/A,divN/A,divN/A,divN/A,divN/A,False,1869493488460669184
DivN/A,divN/A,divN/A,divN/A,divN/A,divN/A,False,1714224854629834752
DivN/A,divN/A,divN/A,divN/A,divN/A,divN/A,False,1760800383566311680
DivN/A,divN/A,divN/A,divN/A,divN/A,divN/A,False,1762218781299122688
DivN/A,divN/A,divN/A,divN/A,divN/A,divN/A,False,1762502940961722624
DivN/A,divN/A,divN/A,divN/A,divN/A,divN/A,False,1788954532124455424
DivN/A,divN/A,divN/A,divN/A,divN/A,divN/A,False,1802034338394960384
DivN/A,divN/A,divN/A,divN/A,divN/A,divN/A,False,1813342677540253696
DivN/A,divN/A,divN/A,divN/A,divN/A,divN/A,False,1784264775574188544
DivN/A,divN/A,divN/A,divN/A,divN/A,divN/A,False,1821106660732989696
DivN/A,divN/A,divN/A,divN/A,divN/A,divN/A,False,1860002699456225536
DivN/A,divN/A,divN/A,divN/A,divN/A,divN/A,False,1738154745754264064
DivN/A,divN/A,divN/A,divN/A,divN/A,divN/A,False,1823016427680358656
DivN/A,divN/A,divN/A,divN/A,divN/A,divN/A,False,1736500782545985536
DivN/A,divN/A,divN/A,divN/A,divN/A,divN/A,False,1794238958030983424
DivN/A,divN/A,divN/A,divN/A,divN/A,divN/A,False,1840589803789934592
DivN/A,divN/A,divN/A,divN/A,divN/A,divN/A,False,1854892679831720448
DivN/A,divN/A,divN/A,divN/A,divN/A,divN/A,False,1791105069183599104
DivN/A,divN/A,divN/A,divN/A,divN/A,divN/A,False,1822283028770570496
DivN/A,divN/A,divN/A,divN/A,divN/A,divN/A,False,1824612435375878400
DivN/A,divN/A,divN/A,divN/A,divN/A,divN/A,False,1745632754371350784
DivN/A,divN/A,divN/A,divN/A,divN/A,divN/A,False,1881645479764615680
DivN/A,divN/A,divN/A,divN/A,divN/A,divN/A,False,1848631587736322560
DivN/A,divN/A,divN/A,divN/A,divN/A,divN/A,False,1748104481806647808
DivN/A,divN/A,divN/A,divN/A,divN/A,divN/A,False,1829005086606901504
DivN/A,divN/A,divN/A,divN/A,divN/A,divN/A,False,1758924884426547456
DivN/A,divN/A,divN/A,divN/A,divN/A,divN/A,False,1821459215007035392
DivN/A,divN/A,divN/A,divN/A,divN/A,divN/A,False,1825341093094855168
DivN/A,divN/A,divN/A,divN/A,divN/A,divN/A,False,1848157593220362496
DivN/A,divN/A,divN/A,divN/A,divN/A,divN/A,False,1806521190086742528
DivN/A,divN/A,divN/A,divN/A,divN/A,divN/A,False,1839828670682223104
DivN/A,divN/A,divN/A,divN/A,divN/A,divN/A,False,1874476621735821312
DivN/A,divN/A,divN/A,divN/A,divN/A,divN/A,False,1814272285844418816
DivN/A,divN/A,divN/A,divN/A,divN/A,divN/A,False,1815908940343042560
DivN/A,divN/A,divN/A,divN/A,divN/A,divN/A,False,1827784751312142336
DivN/A,divN/A,divN/A,divN/A,divN/A,divN/A,False,1832589096029450240
DivN/A,divN/A,divN/A,divN/A,divN/A,divN/A,False,1804159968108552704
DivN/A,divN/A,divN/A,divN/A,divN/A,divN/A,False,1805668256088572160
DivN/A,divN/A,divN/A,divN/A,divN/A,divN/A,False,1805862183626031360
DivN/A,divN/A,divN/A,divN/A,divN/A,divN/A,False,1817004055895384320
DivN/A,divN/A,divN/A,divN/A,divN/A,divN/A,False,1818979704319156480
DivN/A,divN/A,divN/A,divN/A,divN/A,divN/A,False,1819810036706853376
DivN/A,divN/A,divN/A,divN/A,divN/A,divN/A,False,1821178852397478144
DivN/A,divN/A,divN/A,divN/A,divN/A,divN/A,False,1833720371905798400
DivN/A,divN/A,divN/A,divN/A,divN/A,divN/A,False,1851934288544936448
DivN/A,divN/A,divN/A,divN/A,divN/A,divN/A,False,1799470226180043264
DivN/A,divN/A,divN/A,divN/A,divN/A,divN/A,False,1821578523167138304
DivN/A,divN/A,divN/A,divN/A,divN/A,divN/A,False,1764672353378652416
DivN/A,divN/A,divN/A,divN/A,divN/A,divN/A,False,1831443521603301376
DivN/A,divN/A,divN/A,divN/A,divN/A,divN/A,False,1774702734047883520
DivN/A,divN/A,divN/A,divN/A,divN/A,divN/A,False,1873703238245191936
DivN/A,divN/A,divN/A,divN/A,divN/A,divN/A,False,1791196687098425600
DivN/A,divN/A,divN/A,divN/A,divN/A,divN/A,False,1800671558027055360
DivN/A,divN/A,divN/A,divN/A,divN/A,divN/A,False,1732311528227909632
DivN/A,divN/A,divN/A,divN/A,divN/A,divN/A,False,1719146691629126144
DivN/A,divN/A,divN/A,divN/A,divN/A,divN/A,False,1878486757798220288
DivN/A,divN/A,divN/A,divN/A,divN/A,divN/A,False,1802751571786084352
DivN/A,divN/A,divN/A,divN/A,divN/A,divN/A,False,1849088220027580928
DivN/A,divN/A,divN/A,divN/A,divN/A,divN/A,False,1831411938976546816
DivN/A,divN/A,divN/A,divN/A,divN/A,divN/A,False,1817962512245211648
DivN/A,divN/A,divN/A,divN/A,divN/A,divN/A,False,1822021069475095040
DivN/A,divN/A,divN/A,divN/A,divN/A,divN/A,False,1833193521416733184
DivN/A,divN/A,divN/A,divN/A,divN/A,divN/A,False,1852812012478398976
DivN/A,divN/A,divN/A,divN/A,divN/A,divN/A,False,1872665139213918720
DivN/A,divN/A,divN/A,divN/A,divN/A,divN/A,False,1752259912472592640
DivN/A,divN/A,divN/A,divN/A,divN/A,divN/A,False,1777758051526648064
DivN/A,divN/A,divN/A,divN/A,divN/A,divN/A,False,1805759462583439616
DivN/A,divN/A,divN/A,divN/A,divN/A,divN/A,False,1827785056498171904
DivN/A,divN/A,divN/A,divN/A,divN/A,divN/A,False,1855119856649355776
DivN/A,divN/A,divN/A,divN/A,divN/A,divN/A,False,1847759379723956480
DivN/A,divN/A,divN/A,divN/A,divN/A,divN/A,False,1850161524809019904
DivN/A,divN/A,divN/A,divN/A,divN/A,divN/A,False,1812602944975782400
DivN/A,divN/A,divN/A,divN/A,divN/A,divN/A,False,1879579378004459776
DivN/A,divN/A,divN/A,divN/A,divN/A,divN/A,False,1879717433529057280
DivN/A,divN/A,divN/A,divN/A,divN/A,divN/A,False,1864294622333424128
DivN/A,divN/A,divN/A,divN/A,divN/A,divN/A,False,1841895298777350400
DivN/A,divN/A,divN/A,divN/A,divN/A,divN/A,False,1.788248211448e+18
DivN/A,divN/A,divN/A,divN/A,divN/A,divN/A,False,1829195323295838208
DivN/A,divN/A,divN/A,divN/A,divN/A,divN/A,False,1833189113631236096
DivN/A,divN/A,divN/A,divN/A,divN/A,divN/A,False,1701698497236320256
DivN/A,divN/A,divN/A,divN/A,divN/A,divN/A,False,1837777743464865792
DivN/A,divN/A,divN/A,divN/A,divN/A,divN/A,False,1851753453346783232
DivN/A,divN/A,divN/A,divN/A,divN/A,divN/A,False,1848811937284399360
DivN/A,divN/A,divN/A,divN/A,divN/A,divN/A,False,1862987290609377536
DivN/A,divN/A,divN/A,divN/A,divN/A,divN/A,False,1869461078180254208
DivN/A,divN/A,divN/A,divN/A,divN/A,divN/A,False,1711574037543940608
DivN/A,divN/A,divN/A,divN/A,divN/A,divN/A,False,1817998077774483968
DivN/A,divN/A,divN/A,divN/A,divN/A,divN/A,False,1826038018492477440
DivN/A,divN/A,divN/A,divN/A,divN/A,divN/A,False,1856523702600392960
DivN/A,divN/A,divN/A,divN/A,divN/A,divN/A,False,1872108599025299456
DivN/A,divN/A,divN/A,divN/A,divN/A,divN/A,False,1881707490762731776
DivN/A,divN/A,divN/A,divN/A,divN/A,divN/A,False,1881767482979131392
DivN/A,divN/A,divN/A,divN/A,divN/A,divN/A,False,1777401554930225664
DivN/A,divN/A,divN/A,divN/A,divN/A,divN/A,False,1801335247193154048
DivN/A,divN/A,divN/A,divN/A,divN/A,divN/A,False,1866123248900985344
DivN/A,divN/A,divN/A,divN/A,divN/A,divN/A,False,1837222865092948224
DivN/A,divN/A,divN/A,divN/A,divN/A,divN/A,False,1817576492936888576
DivN/A,divN/A,divN/A,divN/A,divN/A,divN/A,False,1872696223271981056
DivN/A,divN/A,divN/A,divN/A,divN/A,divN/A,False,1873447773187764480
DivN/A,divN/A,divN/A,divN/A,divN/A,divN/A,False,1853909012699619584
DivN/A,divN/A,divN/A,divN/A,divN/A,divN/A,False,1817931515625615616
DivN/A,divN/A,divN/A,divN/A,divN/A,divN/A,False,1833878836100182016
DivN/A,divN/A,divN/A,divN/A,divN/A,divN/A,False,1769777218828239104
DivN/A,divN/A,divN/A,divN/A,divN/A,divN/A,False,1540050987569881088
DivN/A,divN/A,divN/A,divN/A,divN/A,divN/A,False,1753855201834930176
DivN/A,divN/A,divN/A,divN/A,divN/A,divN/A,False,1842830656939741696
DivN/A,divN/A,divN/A,divN/A,divN/A,divN/A,False,1823109349058711552
DivN/A,divN/A,divN/A,divN/A,divN/A,divN/A,False,1856717554225487872
DivN/A,divN/A,divN/A,divN/A,divN/A,divN/A,False,1878116054523584512
DivN/A,divN/A,divN/A,divN/A,divN/A,divN/A,False,1877876559459033600
DivN/A,divN/A,divN/A,divN/A,divN/A,divN/A,False,1831030493414113536
DivN/A,divN/A,divN/A,divN/A,divN/A,divN/A,False,1747792804560994816
DivN/A,divN/A,divN/A,divN/A,divN/A,divN/A,False,1814038391446798336
DivN/A,divN/A,divN/A,divN/A,divN/A,divN/A,False,1821336207869047040
DivN/A,divN/A,divN/A,divN/A,divN/A,divN/A,False,1821059949042266624
DivN/A,divN/A,divN/A,divN/A,divN/A,divN/A,False,1836100511960817920
DivN/A,divN/A,divN/A,divN/A,divN/A,divN/A,False,1.850839930081e+18
DivN/A,divN/A,divN/A,divN/A,divN/A,divN/A,False,1815020646520230400
DivN/A,divN/A,divN/A,divN/A,divN/A,divN/A,False,1815153970924437760
DivN/A,divN/A,divN/A,divN/A,divN/A,divN/A,False,1881660978032792064
DivN/A,divN/A,divN/A,divN/A,divN/A,divN/A,False,1809603294269980672
DivN/A,divN/A,divN/A,divN/A,divN/A,divN/A,False,1815861901395382272
DivN/A,divN/A,divN/A,divN/A,divN/A,divN/A,False,1812260665106825216
DivN/A,divN/A,divN/A,divN/A,divN/A,divN/A,False,1878038752120959488
DivN/A,divN/A,divN/A,divN/A,divN/A,divN/A,False,1804971920913223936
DivN/A,divN/A,divN/A,divN/A,divN/A,divN/A,False,1873833388089766400
DivN/A,divN/A,divN/A,divN/A,divN/A,divN/A,False,1777800149818822656
DivN/A,divN/A,divN/A,divN/A,divN/A,divN/A,False,1818580215456505856
DivN/A,divN/A,divN/A,divN/A,divN/A,divN/A,False,1867520973966098432
DivN/A,divN/A,divN/A,divN/A,divN/A,divN/A,False,1804178518055751936
DivN/A,divN/A,divN/A,divN/A,divN/A,divN/A,False,1736928419424944640
DivN/A,divN/A,divN/A,divN/A,divN/A,divN/A,False,1799487341028942336
DivN/A,divN/A,divN/A,divN/A,divN/A,divN/A,False,1847674741970055424
DivN/A,divN/A,divN/A,divN/A,divN/A,divN/A,False,1795174701905354752
DivN/A,divN/A,divN/A,divN/A,divN/A,divN/A,False,1821408782712291840
DivN/A,divN/A,divN/A,divN/A,divN/A,divN/A,False,1816312833417609728
DivN/A,divN/A,divN/A,divN/A,divN/A,divN/A,False,1783727565989134336
DivN/A,divN/A,divN/A,divN/A,divN/A,divN/A,False,1874546280963379200
DivN/A,divN/A,divN/A,divN/A,divN/A,divN/A,False,1851743007575322880
DivN/A,divN/A,divN/A,divN/A,divN/A,divN/A,False,1851826897904374016
My pronouns are Prosecute/Fauci,viewsN/A,96K,208K,1.1M,5.4K,False,1601894132573605888
DivN/A,divN/A,divN/A,divN/A,divN/A,divN/A,False,1775229804356178432
DivN/A,divN/A,divN/A,divN/A,divN/A,divN/A,False,1875935051118203136
DivN/A,divN/A,divN/A,divN/A,divN/A,divN/A,False,1873855792883126272
DivN/A,divN/A,divN/A,divN/A,divN/A,divN/A,False,1830104647920496896
DivN/A,divN/A,divN/A,divN/A,divN/A,divN/A,False,1825555726489800960
DivN/A,divN/A,divN/A,divN/A,divN/A,divN/A,False,1811360296218341376
DivN/A,divN/A,divN/A,divN/A,divN/A,divN/A,False,1722453422866096640
DivN/A,divN/A,divN/A,divN/A,divN/A,divN/A,False,1816974609637416960
DivN/A,divN/A,divN/A,divN/A,divN/A,divN/A,False,1812280973628965120
DivN/A,divN/A,divN/A,divN/A,divN/A,divN/A,False,1756758674087825920
DivN/A,divN/A,divN/A,divN/A,divN/A,divN/A,False,1790767225185374720
DivN/A,divN/A,divN/A,divN/A,divN/A,divN/A,False,1861345529902370816
DivN/A,divN/A,divN/A,divN/A,divN/A,divN/A,False,1808095813874094336
DivN/A,divN/A,divN/A,divN/A,divN/A,divN/A,False,1820794018625683456
DivN/A,divN/A,divN/A,divN/A,divN/A,divN/A,False,1836058385461956864
DivN/A,divN/A,divN/A,divN/A,divN/A,divN/A,False,1786388309863756288
DivN/A,divN/A,divN/A,divN/A,divN/A,divN/A,False,1820804792240734720
DivN/A,divN/A,divN/A,divN/A,divN/A,divN/A,False,1859477251831533824
DivN/A,divN/A,divN/A,divN/A,divN/A,divN/A,False,1864104523566076160
DivN/A,divN/A,divN/A,divN/A,divN/A,divN/A,False,1853246284599050240
DivN/A,divN/A,divN/A,divN/A,divN/A,divN/A,False,1776994141789892608
DivN/A,divN/A,divN/A,divN/A,divN/A,divN/A,False,1809905930949030144
DivN/A,divN/A,divN/A,divN/A,divN/A,divN/A,False,1774423297603600640
DivN/A,divN/A,divN/A,divN/A,divN/A,divN/A,False,1864751985871741184
DivN/A,divN/A,divN/A,divN/A,divN/A,divN/A,False,1842815897582342400
DivN/A,divN/A,divN/A,divN/A,divN/A,divN/A,False,1862570951512400384
DivN/A,divN/A,divN/A,divN/A,divN/A,divN/A,False,1782045735736820224
DivN/A,divN/A,divN/A,divN/A,divN/A,divN/A,False,1841555440246636800
DivN/A,divN/A,divN/A,divN/A,divN/A,divN/A,False,1875295518278218240
DivN/A,divN/A,divN/A,divN/A,divN/A,divN/A,False,1807819502807404800
DivN/A,divN/A,divN/A,divN/A,divN/A,divN/A,False,1823034723867713536
DivN/A,divN/A,divN/A,divN/A,divN/A,divN/A,False,1867345942082387968
DivN/A,divN/A,divN/A,divN/A,divN/A,divN/A,False,1739021752036901120
DivN/A,divN/A,divN/A,divN/A,divN/A,divN/A,False,1795148896269713408
DivN/A,divN/A,divN/A,divN/A,divN/A,divN/A,False,1829198819650621440
DivN/A,divN/A,divN/A,divN/A,divN/A,divN/A,False,1790382311491445248
DivN/A,divN/A,divN/A,divN/A,divN/A,divN/A,False,1745338260660855040
DivN/A,divN/A,divN/A,divN/A,divN/A,divN/A,False,1813715902250017024
DivN/A,divN/A,divN/A,divN/A,divN/A,divN/A,False,1836034800135688192
DivN/A,divN/A,divN/A,divN/A,divN/A,divN/A,False,1848762278486938112
DivN/A,divN/A,divN/A,divN/A,divN/A,divN/A,False,1873292876223856896
DivN/A,divN/A,divN/A,divN/A,divN/A,divN/A,False,1851117181964046336
DivN/A,divN/A,divN/A,divN/A,divN/A,divN/A,False,1846317489279426816
DivN/A,divN/A,divN/A,divN/A,divN/A,divN/A,False,1868065610921550080
DivN/A,divN/A,divN/A,divN/A,divN/A,divN/A,False,1846055449063576064
DivN/A,divN/A,divN/A,divN/A,divN/A,divN/A,False,1876910538329936384
DivN/A,divN/A,divN/A,divN/A,divN/A,divN/A,False,1878471506230903040
DivN/A,divN/A,divN/A,divN/A,divN/A,divN/A,False,1733768479323377920
DivN/A,divN/A,divN/A,divN/A,divN/A,divN/A,False,1815842132269158656
DivN/A,divN/A,divN/A,divN/A,divN/A,divN/A,False,1854709725386121216
DivN/A,divN/A,divN/A,divN/A,divN/A,divN/A,False,1849500004806799360
DivN/A,divN/A,divN/A,divN/A,divN/A,divN/A,False,1.849808884745e+18
DivN/A,divN/A,divN/A,divN/A,divN/A,divN/A,False,1860291813191368960
DivN/A,divN/A,divN/A,divN/A,divN/A,divN/A,False,1680370423920222208
DivN/A,divN/A,divN/A,divN/A,divN/A,divN/A,False,1757461988588794368
DivN/A,divN/A,divN/A,divN/A,divN/A,divN/A,False,1840019659803746560
DivN/A,divN/A,divN/A,divN/A,divN/A,divN/A,False,1815507044411289856
DivN/A,divN/A,divN/A,divN/A,divN/A,divN/A,False,1817229481972473856
DivN/A,divN/A,divN/A,divN/A,divN/A,divN/A,False,1.847031158544e+18
DivN/A,divN/A,divN/A,divN/A,divN/A,divN/A,False,1869510057047801856
DivN/A,divN/A,divN/A,divN/A,divN/A,divN/A,False,1725261423037804800
DivN/A,divN/A,divN/A,divN/A,divN/A,divN/A,False,1804639275540963584
DivN/A,divN/A,divN/A,divN/A,divN/A,divN/A,False,1816601862654586880
DivN/A,divN/A,divN/A,divN/A,divN/A,divN/A,False,1856643166830546944
DivN/A,divN/A,divN/A,divN/A,divN/A,divN/A,False,1801045558318313472
DivN/A,divN/A,divN/A,divN/A,divN/A,divN/A,False,1800900481973383424
DivN/A,divN/A,divN/A,divN/A,divN/A,divN/A,False,1745481791438266880
DivN/A,divN/A,divN/A,divN/A,divN/A,divN/A,False,1777134235733651968
DivN/A,divN/A,divN/A,divN/A,divN/A,divN/A,False,1.777506475537e+18
DivN/A,divN/A,divN/A,divN/A,divN/A,divN/A,False,1867314158469099776
DivN/A,divN/A,divN/A,divN/A,divN/A,divN/A,False,1867662027851988992
DivN/A,divN/A,divN/A,divN/A,divN/A,divN/A,False,1829485522873623040
DivN/A,divN/A,divN/A,divN/A,divN/A,divN/A,False,1819335159591604480
DivN/A,divN/A,divN/A,divN/A,divN/A,divN/A,False,1830656672211103744
DivN/A,divN/A,divN/A,divN/A,divN/A,divN/A,False,1656103371202347008
DivN/A,divN/A,divN/A,divN/A,divN/A,divN/A,False,1876089056817455104
DivN/A,divN/A,divN/A,divN/A,divN/A,divN/A,False,1741463852288483584
DivN/A,divN/A,divN/A,divN/A,divN/A,divN/A,False,1718687573311393792
DivN/A,divN/A,divN/A,divN/A,divN/A,divN/A,False,1775664328001179904
DivN/A,divN/A,divN/A,divN/A,divN/A,divN/A,False,1833255490295631872
DivN/A,divN/A,divN/A,divN/A,divN/A,divN/A,False,1851401932230873344
DivN/A,divN/A,divN/A,divN/A,divN/A,divN/A,False,1747061371550814464
DivN/A,divN/A,divN/A,divN/A,divN/A,divN/A,False,1825891064839892992
DivN/A,divN/A,divN/A,divN/A,divN/A,divN/A,False,1846560735347757056
DivN/A,divN/A,divN/A,divN/A,divN/A,divN/A,False,1818986846870777856
DivN/A,divN/A,divN/A,divN/A,divN/A,divN/A,False,1662667558539886592
DivN/A,divN/A,divN/A,divN/A,divN/A,divN/A,False,1746964887949935104
DivN/A,divN/A,divN/A,divN/A,divN/A,divN/A,False,1813276031467593728
DivN/A,divN/A,divN/A,divN/A,divN/A,divN/A,False,1817316807960616960
DivN/A,divN/A,divN/A,divN/A,divN/A,divN/A,False,1826837513232621824
DivN/A,divN/A,divN/A,divN/A,divN/A,divN/A,False,1827784510249046528
DivN/A,divN/A,divN/A,divN/A,divN/A,divN/A,False,1801318618619105280
DivN/A,divN/A,divN/A,divN/A,divN/A,divN/A,False,1731994231370035456
DivN/A,divN/A,divN/A,divN/A,divN/A,divN/A,False,1732856685591457792
DivN/A,divN/A,divN/A,divN/A,divN/A,divN/A,False,1752411016787361792
DivN/A,divN/A,divN/A,divN/A,divN/A,divN/A,False,1769771195035983872
DivN/A,divN/A,divN/A,divN/A,divN/A,divN/A,False,1813588060149592064
DivN/A,divN/A,divN/A,divN/A,divN/A,divN/A,False,1823380547596362240
DivN/A,divN/A,divN/A,divN/A,divN/A,divN/A,False,1828919972166545664
DivN/A,divN/A,divN/A,divN/A,divN/A,divN/A,False,1829602166614737408
DivN/A,divN/A,divN/A,divN/A,divN/A,divN/A,False,1830654525625295104
DivN/A,divN/A,divN/A,divN/A,divN/A,divN/A,False,1831810356177686784
DivN/A,divN/A,divN/A,divN/A,divN/A,divN/A,False,1851270075728163328
DivN/A,divN/A,divN/A,divN/A,divN/A,divN/A,False,1810074183617159424
DivN/A,divN/A,divN/A,divN/A,divN/A,divN/A,False,1860008687122939904
DivN/A,divN/A,divN/A,divN/A,divN/A,divN/A,False,1831757685592625152
DivN/A,divN/A,divN/A,divN/A,divN/A,divN/A,False,1858336815343706112
DivN/A,divN/A,divN/A,divN/A,divN/A,divN/A,False,1758992429716291584
DivN/A,divN/A,divN/A,divN/A,divN/A,divN/A,False,1881445540031856896
DivN/A,divN/A,divN/A,divN/A,divN/A,divN/A,False,1881432971976339968
DivN/A,divN/A,divN/A,divN/A,divN/A,divN/A,False,1841023808053867008
DivN/A,divN/A,divN/A,divN/A,divN/A,divN/A,False,1874185079708397824
DivN/A,divN/A,divN/A,divN/A,divN/A,divN/A,False,1881258443669172480
DivN/A,divN/A,divN/A,divN/A,divN/A,divN/A,False,1823192953034027520
DivN/A,divN/A,divN/A,divN/A,divN/A,divN/A,False,1731850373281792000
DivN/A,divN/A,divN/A,divN/A,divN/A,divN/A,False,1800905349148664320
DivN/A,divN/A,divN/A,divN/A,divN/A,divN/A,False,1880271367569895680
DivN/A,divN/A,divN/A,divN/A,divN/A,divN/A,False,1821198032391827968
DivN/A,divN/A,divN/A,divN/A,divN/A,divN/A,False,1874238576151465984
DivN/A,divN/A,divN/A,divN/A,divN/A,divN/A,False,1848775715711324160
DivN/A,divN/A,divN/A,divN/A,divN/A,divN/A,False,1752709760351359488
DivN/A,divN/A,divN/A,divN/A,divN/A,divN/A,False,1823028663987671040
DivN/A,divN/A,divN/A,divN/A,divN/A,divN/A,False,1880334350044012800
DivN/A,divN/A,divN/A,divN/A,divN/A,divN/A,False,1857067633469726976
DivN/A,divN/A,divN/A,divN/A,divN/A,divN/A,False,1803757668781191168
DivN/A,divN/A,divN/A,divN/A,divN/A,divN/A,False,1841819478033645824
DivN/A,divN/A,divN/A,divN/A,divN/A,divN/A,False,1850959842002792704
DivN/A,divN/A,divN/A,divN/A,divN/A,divN/A,False,1737962298206023936
DivN/A,divN/A,divN/A,divN/A,divN/A,divN/A,False,1753590787130994944
DivN/A,divN/A,divN/A,divN/A,divN/A,divN/A,False,1816169208470028544
DivN/A,divN/A,divN/A,divN/A,divN/A,divN/A,False,1742912782037835776
DivN/A,divN/A,divN/A,divN/A,divN/A,divN/A,False,1853432497008234496
DivN/A,divN/A,divN/A,divN/A,divN/A,divN/A,False,1808893541038338304
DivN/A,divN/A,divN/A,divN/A,divN/A,divN/A,False,1740814224853815808
DivN/A,divN/A,divN/A,divN/A,divN/A,divN/A,False,1778113528831844352
DivN/A,divN/A,divN/A,divN/A,divN/A,divN/A,False,1859421998906024448
DivN/A,divN/A,divN/A,divN/A,divN/A,divN/A,False,1814234785226604800
DivN/A,divN/A,divN/A,divN/A,divN/A,divN/A,False,1867887347330621696
DivN/A,divN/A,divN/A,divN/A,divN/A,divN/A,False,1697100985976361216
DivN/A,divN/A,divN/A,divN/A,divN/A,divN/A,False,1851266908944809984
DivN/A,divN/A,divN/A,divN/A,divN/A,divN/A,False,1812931869023084800
DivN/A,divN/A,divN/A,divN/A,divN/A,divN/A,False,1816121795235438592
DivN/A,divN/A,divN/A,divN/A,divN/A,divN/A,False,1816526975714168832
DivN/A,divN/A,divN/A,divN/A,divN/A,divN/A,False,1840053735508054528
DivN/A,divN/A,divN/A,divN/A,divN/A,divN/A,False,1822079054515769600
DivN/A,divN/A,divN/A,divN/A,divN/A,divN/A,False,1770030227390914560
DivN/A,divN/A,divN/A,divN/A,divN/A,divN/A,False,1819007216214573056
DivN/A,divN/A,divN/A,divN/A,divN/A,divN/A,False,1831861963187519488
DivN/A,divN/A,divN/A,divN/A,divN/A,divN/A,False,1839715675063103744
DivN/A,divN/A,divN/A,divN/A,divN/A,divN/A,False,1807857710429307136
DivN/A,divN/A,divN/A,divN/A,divN/A,divN/A,False,1829998879573442816
DivN/A,divN/A,divN/A,divN/A,divN/A,divN/A,False,1767292817112756480
DivN/A,divN/A,divN/A,divN/A,divN/A,divN/A,False,1840868243755425792
DivN/A,divN/A,divN/A,divN/A,divN/A,divN/A,False,1798883245670707456
DivN/A,divN/A,divN/A,divN/A,divN/A,divN/A,False,1798620405101367808
DivN/A,divN/A,divN/A,divN/A,divN/A,divN/A,False,1851652442288464384
DivN/A,divN/A,divN/A,divN/A,divN/A,divN/A,False,1853651151180509440
DivN/A,divN/A,divN/A,divN/A,divN/A,divN/A,False,1810373775579558400
DivN/A,divN/A,divN/A,divN/A,divN/A,divN/A,False,1854583290465755648
DivN/A,divN/A,divN/A,divN/A,divN/A,divN/A,False,1857895303309123840
DivN/A,divN/A,divN/A,divN/A,divN/A,divN/A,False,1861804194476544000
DivN/A,divN/A,divN/A,divN/A,divN/A,divN/A,False,1866675822951641344
DivN/A,divN/A,divN/A,divN/A,divN/A,divN/A,False,1872066576750616576
DivN/A,divN/A,divN/A,divN/A,divN/A,divN/A,False,1877078760874299392
DivN/A,divN/A,divN/A,divN/A,divN/A,divN/A,False,1801323505876886016
DivN/A,divN/A,divN/A,divN/A,divN/A,divN/A,False,1807732807202181376
DivN/A,divN/A,divN/A,divN/A,divN/A,divN/A,False,1872672938027360768
DivN/A,divN/A,divN/A,divN/A,divN/A,divN/A,False,1810378225509618176
DivN/A,divN/A,divN/A,divN/A,divN/A,divN/A,False,1834926318883852544
DivN/A,divN/A,divN/A,divN/A,divN/A,divN/A,False,1820909111187288064
DivN/A,divN/A,divN/A,divN/A,divN/A,divN/A,False,1722297380522151936
DivN/A,divN/A,divN/A,divN/A,divN/A,divN/A,False,1837554098528260608
DivN/A,divN/A,divN/A,divN/A,divN/A,divN/A,False,1832953811222089984
DivN/A,divN/A,divN/A,divN/A,divN/A,divN/A,False,1797725488145715456
DivN/A,divN/A,divN/A,divN/A,divN/A,divN/A,False,1840720242193871360
DivN/A,divN/A,divN/A,divN/A,divN/A,divN/A,False,1867242100259201280
DivN/A,divN/A,divN/A,divN/A,divN/A,divN/A,False,1.869071208811e+18
DivN/A,divN/A,divN/A,divN/A,divN/A,divN/A,False,1877672941325889536
DivN/A,divN/A,divN/A,divN/A,divN/A,divN/A,False,1854925621425533184
DivN/A,divN/A,divN/A,divN/A,divN/A,divN/A,False,1767577050993324032
DivN/A,divN/A,divN/A,divN/A,divN/A,divN/A,False,1821863802163412992
DivN/A,divN/A,divN/A,divN/A,divN/A,divN/A,False,1851419418842034176
DivN/A,divN/A,divN/A,divN/A,divN/A,divN/A,False,1823413580038856960
DivN/A,divN/A,divN/A,divN/A,divN/A,divN/A,False,1764639416394379520
DivN/A,divN/A,divN/A,divN/A,divN/A,divN/A,False,1838917892747690496
DivN/A,divN/A,divN/A,divN/A,divN/A,divN/A,False,1815145902325006336
DivN/A,divN/A,divN/A,divN/A,divN/A,divN/A,False,1756888470599966976
DivN/A,divN/A,divN/A,divN/A,divN/A,divN/A,False,1881476245755777024
DivN/A,divN/A,divN/A,divN/A,divN/A,divN/A,False,1843330348438225408
DivN/A,divN/A,divN/A,divN/A,divN/A,divN/A,False,1878416900016706048
DivN/A,divN/A,divN/A,divN/A,divN/A,divN/A,False,1694525055663747072
DivN/A,divN/A,divN/A,divN/A,divN/A,divN/A,False,1770171578736627712
DivN/A,divN/A,divN/A,divN/A,divN/A,divN/A,False,1.875355425602e+18
DivN/A,divN/A,divN/A,divN/A,divN/A,divN/A,False,1831473189173731584
DivN/A,divN/A,divN/A,divN/A,divN/A,divN/A,False,1834130216903667712
DivN/A,divN/A,divN/A,divN/A,divN/A,divN/A,False,1841170697919287296
DivN/A,divN/A,divN/A,divN/A,divN/A,divN/A,False,1821999715837231360
DivN/A,divN/A,divN/A,divN/A,divN/A,divN/A,False,1807128423699038464
DivN/A,divN/A,divN/A,divN/A,divN/A,divN/A,False,1825724541844226304
DivN/A,divN/A,divN/A,divN/A,divN/A,divN/A,False,1859295903846207744
DivN/A,divN/A,divN/A,divN/A,divN/A,divN/A,False,1874630607835398656
DivN/A,divN/A,divN/A,divN/A,divN/A,divN/A,False,1858270333780049920
DivN/A,divN/A,divN/A,divN/A,divN/A,divN/A,False,1844763019298914560
DivN/A,divN/A,divN/A,divN/A,divN/A,divN/A,False,1869870016591503616
DivN/A,divN/A,divN/A,divN/A,divN/A,divN/A,False,1817920425151681024
DivN/A,divN/A,divN/A,divN/A,divN/A,divN/A,False,1822248012380254464
DivN/A,divN/A,divN/A,divN/A,divN/A,divN/A,False,1828741351791595776
DivN/A,divN/A,divN/A,divN/A,divN/A,divN/A,False,1859496426004217856
DivN/A,divN/A,divN/A,divN/A,divN/A,divN/A,False,1876891493014569216
DivN/A,divN/A,divN/A,divN/A,divN/A,divN/A,False,1824466456207094016
DivN/A,divN/A,divN/A,divN/A,divN/A,divN/A,False,1856304528825385216
DivN/A,divN/A,divN/A,divN/A,divN/A,divN/A,False,1847286343052784128
DivN/A,divN/A,divN/A,divN/A,divN/A,divN/A,False,1817007890496102400
DivN/A,divN/A,divN/A,divN/A,divN/A,divN/A,False,1818269133298950400
DivN/A,divN/A,divN/A,divN/A,divN/A,divN/A,False,1657422401754259456
DivN/A,divN/A,divN/A,divN/A,divN/A,divN/A,False,1840879010307346432
DivN/A,divN/A,divN/A,divN/A,divN/A,divN/A,False,1881751797993459712
DivN/A,divN/A,divN/A,divN/A,divN/A,divN/A,False,1852889624617865728
DivN/A,divN/A,divN/A,divN/A,divN/A,divN/A,False,1770968581410636288
DivN/A,divN/A,divN/A,divN/A,divN/A,divN/A,False,1841293212419310080
DivN/A,divN/A,divN/A,divN/A,divN/A,divN/A,False,1844429818554876160
DivN/A,divN/A,divN/A,divN/A,divN/A,divN/A,False,1829482476441629184
DivN/A,divN/A,divN/A,divN/A,divN/A,divN/A,False,1859420066284028160
DivN/A,divN/A,divN/A,divN/A,divN/A,divN/A,False,1712536996869190144
DivN/A,divN/A,divN/A,divN/A,divN/A,divN/A,False,1820500865385701888
DivN/A,divN/A,divN/A,divN/A,divN/A,divN/A,False,1817974361040748800
DivN/A,divN/A,divN/A,divN/A,divN/A,divN/A,False,1851081213412532480
DivN/A,divN/A,divN/A,divN/A,divN/A,divN/A,False,1819482234065150464
DivN/A,divN/A,divN/A,divN/A,divN/A,divN/A,False,1719631280688463872
DivN/A,divN/A,divN/A,divN/A,divN/A,divN/A,False,1733619850541424896
DivN/A,divN/A,divN/A,divN/A,divN/A,divN/A,False,1881493371900113408
DivN/A,divN/A,divN/A,divN/A,divN/A,divN/A,False,1801175339177058560
DivN/A,divN/A,divN/A,divN/A,divN/A,divN/A,False,1723725593248673792
DivN/A,divN/A,divN/A,divN/A,divN/A,divN/A,False,1761741612743282944
DivN/A,divN/A,divN/A,divN/A,divN/A,divN/A,False,1870458160261308928
DivN/A,divN/A,divN/A,divN/A,divN/A,divN/A,False,1715422493274427392
DivN/A,divN/A,divN/A,divN/A,divN/A,divN/A,False,1874507870945042944
DivN/A,divN/A,divN/A,divN/A,divN/A,divN/A,False,1807802140070379520
DivN/A,divN/A,divN/A,divN/A,divN/A,divN/A,False,1801939257054859520
DivN/A,divN/A,divN/A,divN/A,divN/A,divN/A,False,1713672720557203456
DivN/A,divN/A,divN/A,divN/A,divN/A,divN/A,False,1773106391827222784
DivN/A,divN/A,divN/A,divN/A,divN/A,divN/A,False,1861100643215163392
DivN/A,divN/A,divN/A,divN/A,divN/A,divN/A,False,1731155484869063168
DivN/A,divN/A,divN/A,divN/A,divN/A,divN/A,False,1824085827762196736
DivN/A,divN/A,divN/A,divN/A,divN/A,divN/A,False,1815495061406470144
DivN/A,divN/A,divN/A,divN/A,divN/A,divN/A,False,1829197573124444160
DivN/A,divN/A,divN/A,divN/A,divN/A,divN/A,False,1774442033781805568
DivN/A,divN/A,divN/A,divN/A,divN/A,divN/A,False,1796289658545943040
DivN/A,divN/A,divN/A,divN/A,divN/A,divN/A,False,1815443146014171136
DivN/A,divN/A,divN/A,divN/A,divN/A,divN/A,False,1716457180189085696
DivN/A,divN/A,divN/A,divN/A,divN/A,divN/A,False,1873086949252293120
DivN/A,divN/A,divN/A,divN/A,divN/A,divN/A,False,1837956606669058304
DivN/A,divN/A,divN/A,divN/A,divN/A,divN/A,False,1840936403091235328
DivN/A,divN/A,divN/A,divN/A,divN/A,divN/A,False,1837084720540144128
DivN/A,divN/A,divN/A,divN/A,divN/A,divN/A,False,1841008222364451328
DivN/A,divN/A,divN/A,divN/A,divN/A,divN/A,False,1799466834452005120
DivN/A,divN/A,divN/A,divN/A,divN/A,divN/A,False,1863075190701498624
DivN/A,divN/A,divN/A,divN/A,divN/A,divN/A,False,1812440220496704000
DivN/A,divN/A,divN/A,divN/A,divN/A,divN/A,False,1820133046122594560
DivN/A,divN/A,divN/A,divN/A,divN/A,divN/A,False,1851851309319905792
DivN/A,divN/A,divN/A,divN/A,divN/A,divN/A,False,1862890865770762240
DivN/A,divN/A,divN/A,divN/A,divN/A,divN/A,False,1850326584537858304
DivN/A,divN/A,divN/A,divN/A,divN/A,divN/A,False,1773499633383112960
DivN/A,divN/A,divN/A,divN/A,divN/A,divN/A,False,1881540504455680000
DivN/A,divN/A,divN/A,divN/A,divN/A,divN/A,False,1823455989934219776
DivN/A,divN/A,divN/A,divN/A,divN/A,divN/A,False,1815278943148167424
DivN/A,divN/A,divN/A,divN/A,divN/A,divN/A,False,1881416718201094400
DivN/A,divN/A,divN/A,divN/A,divN/A,divN/A,False,1754668604799545600
DivN/A,divN/A,divN/A,divN/A,divN/A,divN/A,False,1870258569058099200
DivN/A,divN/A,divN/A,divN/A,divN/A,divN/A,False,1807446686106898432
DivN/A,divN/A,divN/A,divN/A,divN/A,divN/A,False,1853286553612624384
DivN/A,divN/A,divN/A,divN/A,divN/A,divN/A,False,1739146032389181440
DivN/A,divN/A,divN/A,divN/A,divN/A,divN/A,False,1779248577488789760
DivN/A,divN/A,divN/A,divN/A,divN/A,divN/A,False,1779674485592911872
DivN/A,divN/A,divN/A,divN/A,divN/A,divN/A,False,1814650639542034432
DivN/A,divN/A,divN/A,divN/A,divN/A,divN/A,False,1840088446133780736
DivN/A,divN/A,divN/A,divN/A,divN/A,divN/A,False,1870474697676325120
DivN/A,divN/A,divN/A,divN/A,divN/A,divN/A,False,1833804885017477376
DivN/A,divN/A,divN/A,divN/A,divN/A,divN/A,False,1857413449745072384
DivN/A,divN/A,divN/A,divN/A,divN/A,divN/A,False,1715370158036836352
DivN/A,divN/A,divN/A,divN/A,divN/A,divN/A,False,1842252268856324096
DivN/A,divN/A,divN/A,divN/A,divN/A,divN/A,False,1794367916303110400
DivN/A,divN/A,divN/A,divN/A,divN/A,divN/A,False,1852216281812046080
DivN/A,divN/A,divN/A,divN/A,divN/A,divN/A,False,1853521610655101184
DivN/A,divN/A,divN/A,divN/A,divN/A,divN/A,False,1882096895360934144
DivN/A,divN/A,divN/A,divN/A,divN/A,divN/A,False,1874465926160261120
DivN/A,divN/A,divN/A,divN/A,divN/A,divN/A,False,1757544833521254656
DivN/A,divN/A,divN/A,divN/A,divN/A,divN/A,False,1777389551167611136
"Trump calls his daughter attractive: media firestorm of hate 

Biden literally molests his daughter: crickets.",1.5M,4.2K,13K,72K,552,False,1790850196596781568
DivN/A,divN/A,divN/A,divN/A,divN/A,divN/A,False,1766309014827061504
DivN/A,divN/A,divN/A,divN/A,divN/A,divN/A,False,1755798256422899712
DivN/A,divN/A,divN/A,divN/A,divN/A,divN/A,False,1829628052646564096
DivN/A,divN/A,divN/A,divN/A,divN/A,divN/A,False,1818966196621865216
DivN/A,divN/A,divN/A,divN/A,divN/A,divN/A,False,1832570836630343936
DivN/A,divN/A,divN/A,divN/A,divN/A,divN/A,False,1868370929098818048
DivN/A,divN/A,divN/A,divN/A,divN/A,divN/A,False,1726767436618191104
DivN/A,divN/A,divN/A,divN/A,divN/A,divN/A,False,1826113524671897600
DivN/A,divN/A,divN/A,divN/A,divN/A,divN/A,False,1741974988393943552
DivN/A,divN/A,divN/A,divN/A,divN/A,divN/A,False,1836952432129053184
DivN/A,divN/A,divN/A,divN/A,divN/A,divN/A,False,1823052620279452160
"Speaker McCarthy wants to rewrite history but the apartheid state of Israel was born out of violence and the ethnic cleansing of Palestinians.

75 years later, the Nakba continues to this day.",6.4M,4.3K,2K,5.3K,177,False,1653149291446251520
DivN/A,divN/A,divN/A,divN/A,divN/A,divN/A,False,1820710865777139712
DivN/A,divN/A,divN/A,divN/A,divN/A,divN/A,False,1879972329452925184
DivN/A,divN/A,divN/A,divN/A,divN/A,divN/A,False,1854956868835148288
DivN/A,divN/A,divN/A,divN/A,divN/A,divN/A,False,1759049663917838848
DivN/A,divN/A,divN/A,divN/A,divN/A,divN/A,False,1835574495467159552
DivN/A,divN/A,divN/A,divN/A,divN/A,divN/A,False,1588538640401018880
Apple has mostly stopped advertising on Twitter. Do they hate free speech in America?,viewsN/A,80K,72K,575K,1.7K,False,1597285572699074560
The woke mind virus is either defeated or nothing else matters,viewsN/A,46K,94K,615K,2.6K,False,1602278477234728960
DivN/A,divN/A,divN/A,divN/A,divN/A,divN/A,False,1880025310554694144
DivN/A,divN/A,divN/A,divN/A,divN/A,divN/A,False,1764363624544436480
DivN/A,divN/A,divN/A,divN/A,divN/A,divN/A,False,1853518338397544704
DivN/A,divN/A,divN/A,divN/A,divN/A,divN/A,False,1796448840603906048
DivN/A,divN/A,divN/A,divN/A,divN/A,divN/A,False,1757258031392280576
DivN/A,divN/A,divN/A,divN/A,divN/A,divN/A,False,1842224933641851136
DivN/A,divN/A,divN/A,divN/A,divN/A,divN/A,False,1878152379075530752
DivN/A,divN/A,divN/A,divN/A,divN/A,divN/A,False,1854169397516025856
DivN/A,divN/A,divN/A,divN/A,divN/A,divN/A,False,1738946253612814848
DivN/A,divN/A,divN/A,divN/A,divN/A,divN/A,False,1834627309275578880
DivN/A,divN/A,divN/A,divN/A,divN/A,divN/A,False,1840948454974988800
DivN/A,divN/A,divN/A,divN/A,divN/A,divN/A,False,1857811663027630080
DivN/A,divN/A,divN/A,divN/A,divN/A,divN/A,False,1880971861799948544
DivN/A,divN/A,divN/A,divN/A,divN/A,divN/A,False,1661786898438795264
DivN/A,divN/A,divN/A,divN/A,divN/A,divN/A,False,1742735958598893568
DivN/A,divN/A,divN/A,divN/A,divN/A,divN/A,False,1859682871876911360
DivN/A,divN/A,divN/A,divN/A,divN/A,divN/A,False,1870947388518768896
DivN/A,divN/A,divN/A,divN/A,divN/A,divN/A,False,1750894414161973760
DivN/A,divN/A,divN/A,divN/A,divN/A,divN/A,False,1769921988091314176
DivN/A,divN/A,divN/A,divN/A,divN/A,divN/A,False,1809371786749854208
DivN/A,divN/A,divN/A,divN/A,divN/A,divN/A,False,1839854895844802816
DivN/A,divN/A,divN/A,divN/A,divN/A,divN/A,False,1839846673754821120
DivN/A,divN/A,divN/A,divN/A,divN/A,divN/A,False,1817586573116137472
DivN/A,divN/A,divN/A,divN/A,divN/A,divN/A,False,1821935308578976256
DivN/A,divN/A,divN/A,divN/A,divN/A,divN/A,False,1835315698169475072
DivN/A,divN/A,divN/A,divN/A,divN/A,divN/A,False,1866326170297672192
DivN/A,divN/A,divN/A,divN/A,divN/A,divN/A,False,1874736747017629696
DivN/A,divN/A,divN/A,divN/A,divN/A,divN/A,False,1881400079686283520
DivN/A,divN/A,divN/A,divN/A,divN/A,divN/A,False,1771522445368787200
DivN/A,divN/A,divN/A,divN/A,divN/A,divN/A,False,1797442834691445248
DivN/A,divN/A,divN/A,divN/A,divN/A,divN/A,False,1788689210154606592
DivN/A,divN/A,divN/A,divN/A,divN/A,divN/A,False,1821189725849276928
DivN/A,divN/A,divN/A,divN/A,divN/A,divN/A,False,1780230397252518144
DivN/A,divN/A,divN/A,divN/A,divN/A,divN/A,False,1803945982918324480
DivN/A,divN/A,divN/A,divN/A,divN/A,divN/A,False,1817862113659957504
DivN/A,divN/A,divN/A,divN/A,divN/A,divN/A,False,1830629832285409536
DivN/A,divN/A,divN/A,divN/A,divN/A,divN/A,False,1841295548109955072
DivN/A,divN/A,divN/A,divN/A,divN/A,divN/A,False,1858124716604625408
DivN/A,divN/A,divN/A,divN/A,divN/A,divN/A,False,1876258736131416320
DivN/A,divN/A,divN/A,divN/A,divN/A,divN/A,False,1879541733350060032
DivN/A,divN/A,divN/A,divN/A,divN/A,divN/A,False,1.875585562025e+18
DivN/A,divN/A,divN/A,divN/A,divN/A,divN/A,False,1743114955543437824
DivN/A,divN/A,divN/A,divN/A,divN/A,divN/A,False,1847282740611145728
DivN/A,divN/A,divN/A,divN/A,divN/A,divN/A,False,1872379227451842816
DivN/A,divN/A,divN/A,divN/A,divN/A,divN/A,False,1698773170885402624
DivN/A,divN/A,divN/A,divN/A,divN/A,divN/A,False,1862345768671047936
DivN/A,divN/A,divN/A,divN/A,divN/A,divN/A,False,1777611224160588288
DivN/A,divN/A,divN/A,divN/A,divN/A,divN/A,False,1653926555763236864
DivN/A,divN/A,divN/A,divN/A,divN/A,divN/A,False,1827796042760560640
DivN/A,divN/A,divN/A,divN/A,divN/A,divN/A,False,1792511246769569792
DivN/A,divN/A,divN/A,divN/A,divN/A,divN/A,False,1854865167181308416
DivN/A,divN/A,divN/A,divN/A,divN/A,divN/A,False,1859028988850827264
DivN/A,divN/A,divN/A,divN/A,divN/A,divN/A,False,1851615769232117760
DivN/A,divN/A,divN/A,divN/A,divN/A,divN/A,False,1853556357129256960
DivN/A,divN/A,divN/A,divN/A,divN/A,divN/A,False,1870884679399707136
DivN/A,divN/A,divN/A,divN/A,divN/A,divN/A,False,1821901309752308224
DivN/A,divN/A,divN/A,divN/A,divN/A,divN/A,False,1820135066711760896
DivN/A,divN/A,divN/A,divN/A,divN/A,divN/A,False,1861452557324898560
DivN/A,divN/A,divN/A,divN/A,divN/A,divN/A,False,1868357504905969664
DivN/A,divN/A,divN/A,divN/A,divN/A,divN/A,False,1739854196642377728
DivN/A,divN/A,divN/A,divN/A,divN/A,divN/A,False,1759965854320435456
DivN/A,divN/A,divN/A,divN/A,divN/A,divN/A,False,1776821421634629632
DivN/A,divN/A,divN/A,divN/A,divN/A,divN/A,False,1873049109663457280
DivN/A,divN/A,divN/A,divN/A,divN/A,divN/A,False,1793638687047131136
DivN/A,divN/A,divN/A,divN/A,divN/A,divN/A,False,1870395581291479296
DivN/A,divN/A,divN/A,divN/A,divN/A,divN/A,False,1839636105706062080
DivN/A,divN/A,divN/A,divN/A,divN/A,divN/A,False,1854533290641748224
DivN/A,divN/A,divN/A,divN/A,divN/A,divN/A,False,1867994389336731904
DivN/A,divN/A,divN/A,divN/A,divN/A,divN/A,False,1792528664648614400
DivN/A,divN/A,divN/A,divN/A,divN/A,divN/A,False,1774570717545107456
DivN/A,divN/A,divN/A,divN/A,divN/A,divN/A,False,1779271515277505024
DivN/A,divN/A,divN/A,divN/A,divN/A,divN/A,False,1780180832369401856
DivN/A,divN/A,divN/A,divN/A,divN/A,divN/A,False,1876790262493487360
DivN/A,divN/A,divN/A,divN/A,divN/A,divN/A,False,1800090853387677696
DivN/A,divN/A,divN/A,divN/A,divN/A,divN/A,False,1760682999736414464
DivN/A,divN/A,divN/A,divN/A,divN/A,divN/A,False,1866961009766014976
DivN/A,divN/A,divN/A,divN/A,divN/A,divN/A,False,1871495942068638208
DivN/A,divN/A,divN/A,divN/A,divN/A,divN/A,False,1871087864508797184
DivN/A,divN/A,divN/A,divN/A,divN/A,divN/A,False,1841454891882905856
DivN/A,divN/A,divN/A,divN/A,divN/A,divN/A,False,1.84701436427e+18
DivN/A,divN/A,divN/A,divN/A,divN/A,divN/A,False,1877013228091244800
DivN/A,divN/A,divN/A,divN/A,divN/A,divN/A,False,1817378066722685184
DivN/A,divN/A,divN/A,divN/A,divN/A,divN/A,False,1740052984384663552
DivN/A,divN/A,divN/A,divN/A,divN/A,divN/A,False,1782916332771504384
DivN/A,divN/A,divN/A,divN/A,divN/A,divN/A,False,1785483005890355200
DivN/A,divN/A,divN/A,divN/A,divN/A,divN/A,False,1845614258190516736
DivN/A,divN/A,divN/A,divN/A,divN/A,divN/A,False,1759115086096908544
DivN/A,divN/A,divN/A,divN/A,divN/A,divN/A,False,1762223117806739968
DivN/A,divN/A,divN/A,divN/A,divN/A,divN/A,False,1857247711491502592
Ep. 7  Irony Alert: the war for democracy enables dictatorship.,17.4M,12K,84K,304K,8.2K,False,1673856877841764352
DivN/A,divN/A,divN/A,divN/A,divN/A,divN/A,False,1709640141185126656
DivN/A,divN/A,divN/A,divN/A,divN/A,divN/A,False,1825969543459778816
DivN/A,divN/A,divN/A,divN/A,divN/A,divN/A,False,1825982436884492544
DivN/A,divN/A,divN/A,divN/A,divN/A,divN/A,False,1875150194909822976
DivN/A,divN/A,divN/A,divN/A,divN/A,divN/A,False,1799557947694915584
DivN/A,divN/A,divN/A,divN/A,divN/A,divN/A,False,1849904761962713088
DivN/A,divN/A,divN/A,divN/A,divN/A,divN/A,False,1857170020427595776
DivN/A,divN/A,divN/A,divN/A,divN/A,divN/A,False,1822753713762738688
DivN/A,divN/A,divN/A,divN/A,divN/A,divN/A,False,1817208148907769856
DivN/A,divN/A,divN/A,divN/A,divN/A,divN/A,False,1817613004218757376
DivN/A,divN/A,divN/A,divN/A,divN/A,divN/A,False,1837171459019489280
DivN/A,divN/A,divN/A,divN/A,divN/A,divN/A,False,1876025344656085504
DivN/A,divN/A,divN/A,divN/A,divN/A,divN/A,False,1859355596434337792
DivN/A,divN/A,divN/A,divN/A,divN/A,divN/A,False,1801657729813037056
DivN/A,divN/A,divN/A,divN/A,divN/A,divN/A,False,1730523963216793856
DivN/A,divN/A,divN/A,divN/A,divN/A,divN/A,False,1744543324046856704
DivN/A,divN/A,divN/A,divN/A,divN/A,divN/A,False,1748045086812692736
DivN/A,divN/A,divN/A,divN/A,divN/A,divN/A,False,1749262140291076096
DivN/A,divN/A,divN/A,divN/A,divN/A,divN/A,False,1753401017469633024
DivN/A,divN/A,divN/A,divN/A,divN/A,divN/A,False,1750532360213504256
DivN/A,divN/A,divN/A,divN/A,divN/A,divN/A,False,1754844639809634304
DivN/A,divN/A,divN/A,divN/A,divN/A,divN/A,False,1795048076018606336
DivN/A,divN/A,divN/A,divN/A,divN/A,divN/A,False,1876388173741261056
DivN/A,divN/A,divN/A,divN/A,divN/A,divN/A,False,1865108829718868224
DivN/A,divN/A,divN/A,divN/A,divN/A,divN/A,False,1846574821041185024
DivN/A,divN/A,divN/A,divN/A,divN/A,divN/A,False,1758257411448606720
DivN/A,divN/A,divN/A,divN/A,divN/A,divN/A,False,1775243503817109760
DivN/A,divN/A,divN/A,divN/A,divN/A,divN/A,False,1822293116847612160
DivN/A,divN/A,divN/A,divN/A,divN/A,divN/A,False,1873450154466177024
DivN/A,divN/A,divN/A,divN/A,divN/A,divN/A,False,1720540448383537664
DivN/A,divN/A,divN/A,divN/A,divN/A,divN/A,False,1742298266770047488
DivN/A,divN/A,divN/A,divN/A,divN/A,divN/A,False,1854392047085482240
DivN/A,divN/A,divN/A,divN/A,divN/A,divN/A,False,1881474892022919424
DivN/A,divN/A,divN/A,divN/A,divN/A,divN/A,False,1717494671142707200
DivN/A,divN/A,divN/A,divN/A,divN/A,divN/A,False,1743749384389443840
DivN/A,divN/A,divN/A,divN/A,divN/A,divN/A,False,1773647238452891648
DivN/A,divN/A,divN/A,divN/A,divN/A,divN/A,False,1791939340421247488
DivN/A,divN/A,divN/A,divN/A,divN/A,divN/A,False,1791869210190021120
DivN/A,divN/A,divN/A,divN/A,divN/A,divN/A,False,1794361884717506816
DivN/A,divN/A,divN/A,divN/A,divN/A,divN/A,False,1818296731655721216
DivN/A,divN/A,divN/A,divN/A,divN/A,divN/A,False,1818696483744735744
DivN/A,divN/A,divN/A,divN/A,divN/A,divN/A,False,1828537986541056000
DivN/A,divN/A,divN/A,divN/A,divN/A,divN/A,False,1799483103838437376
DivN/A,divN/A,divN/A,divN/A,divN/A,divN/A,False,1837025861708447744
DivN/A,divN/A,divN/A,divN/A,divN/A,divN/A,False,1844314679146852352
DivN/A,divN/A,divN/A,divN/A,divN/A,divN/A,False,1848787174545887744
DivN/A,divN/A,divN/A,divN/A,divN/A,divN/A,False,1851769809433756160
DivN/A,divN/A,divN/A,divN/A,divN/A,divN/A,False,1854878467289972736
DivN/A,divN/A,divN/A,divN/A,divN/A,divN/A,False,1855029916145775104
DivN/A,divN/A,divN/A,divN/A,divN/A,divN/A,False,1824854726657049088
DivN/A,divN/A,divN/A,divN/A,divN/A,divN/A,False,1826819568293064960
DivN/A,divN/A,divN/A,divN/A,divN/A,divN/A,False,1671497609377116160
DivN/A,divN/A,divN/A,divN/A,divN/A,divN/A,False,1860802075921359104
DivN/A,divN/A,divN/A,divN/A,divN/A,divN/A,False,1842706955497766912
DivN/A,divN/A,divN/A,divN/A,divN/A,divN/A,False,1819894031197081600
DivN/A,divN/A,divN/A,divN/A,divN/A,divN/A,False,1879702930208722944
DivN/A,divN/A,divN/A,divN/A,divN/A,divN/A,False,1881536518206218496
DivN/A,divN/A,divN/A,divN/A,divN/A,divN/A,False,1831486742052160000
DivN/A,divN/A,divN/A,divN/A,divN/A,divN/A,False,1817765530255659264
DivN/A,divN/A,divN/A,divN/A,divN/A,divN/A,False,1836072751649706240
DivN/A,divN/A,divN/A,divN/A,divN/A,divN/A,False,1800949740739457280
DivN/A,divN/A,divN/A,divN/A,divN/A,divN/A,False,1821656821662134272
DivN/A,divN/A,divN/A,divN/A,divN/A,divN/A,False,1840359552929198336
DivN/A,divN/A,divN/A,divN/A,divN/A,divN/A,False,1875247027417976832
DivN/A,divN/A,divN/A,divN/A,divN/A,divN/A,False,1843795953641472000
DivN/A,divN/A,divN/A,divN/A,divN/A,divN/A,False,1852932630024483328
DivN/A,divN/A,divN/A,divN/A,divN/A,divN/A,False,1861820349270335744
DivN/A,divN/A,divN/A,divN/A,divN/A,divN/A,False,1881474208771055616
DivN/A,divN/A,divN/A,divN/A,divN/A,divN/A,False,1843674003749356032
DivN/A,divN/A,divN/A,divN/A,divN/A,divN/A,False,1814582140413026560
DivN/A,divN/A,divN/A,divN/A,divN/A,divN/A,False,1769362828954132736
DivN/A,divN/A,divN/A,divN/A,divN/A,divN/A,False,1830440852411326720
DivN/A,divN/A,divN/A,divN/A,divN/A,divN/A,False,1842039774359462400
DivN/A,divN/A,divN/A,divN/A,divN/A,divN/A,False,1869733016580526336
DivN/A,divN/A,divN/A,divN/A,divN/A,divN/A,False,1858939565194535424
DivN/A,divN/A,divN/A,divN/A,divN/A,divN/A,False,1836225824510324736
DivN/A,divN/A,divN/A,divN/A,divN/A,divN/A,False,1878993438164627968
DivN/A,divN/A,divN/A,divN/A,divN/A,divN/A,False,1879261050820051456
DivN/A,divN/A,divN/A,divN/A,divN/A,divN/A,False,1847253295741448704
DivN/A,divN/A,divN/A,divN/A,divN/A,divN/A,False,1798494222246609408
DivN/A,divN/A,divN/A,divN/A,divN/A,divN/A,False,1809550874324488704
DivN/A,divN/A,divN/A,divN/A,divN/A,divN/A,False,1859344286283710720
DivN/A,divN/A,divN/A,divN/A,divN/A,divN/A,False,1822167217741463552
DivN/A,divN/A,divN/A,divN/A,divN/A,divN/A,False,1879265231521960448
DivN/A,divN/A,divN/A,divN/A,divN/A,divN/A,False,1876700437211930880
DivN/A,divN/A,divN/A,divN/A,divN/A,divN/A,False,1769619835221127424
DivN/A,divN/A,divN/A,divN/A,divN/A,divN/A,False,1822238167216345344
DivN/A,divN/A,divN/A,divN/A,divN/A,divN/A,False,1880247510025007360
DivN/A,divN/A,divN/A,divN/A,divN/A,divN/A,False,1722323218428551424
DivN/A,divN/A,divN/A,divN/A,divN/A,divN/A,False,1805586898837975296
DivN/A,divN/A,divN/A,divN/A,divN/A,divN/A,False,1753241117040971776
DivN/A,divN/A,divN/A,divN/A,divN/A,divN/A,False,1775996745253818368
DivN/A,divN/A,divN/A,divN/A,divN/A,divN/A,False,1812259181723865344
DivN/A,divN/A,divN/A,divN/A,divN/A,divN/A,False,1779256852057874432
DivN/A,divN/A,divN/A,divN/A,divN/A,divN/A,False,1882180220545085696
DivN/A,divN/A,divN/A,divN/A,divN/A,divN/A,False,1831468274175111424
DivN/A,divN/A,divN/A,divN/A,divN/A,divN/A,False,1832130399079698432
DivN/A,divN/A,divN/A,divN/A,divN/A,divN/A,False,1796348525523144960
DivN/A,divN/A,divN/A,divN/A,divN/A,divN/A,False,1712280627821649920
DivN/A,divN/A,divN/A,divN/A,divN/A,divN/A,False,1761184037102657536
DivN/A,divN/A,divN/A,divN/A,divN/A,divN/A,False,1815930558708363776
DivN/A,divN/A,divN/A,divN/A,divN/A,divN/A,False,1797332094990831616
DivN/A,divN/A,divN/A,divN/A,divN/A,divN/A,False,1854745149806346496
DivN/A,divN/A,divN/A,divN/A,divN/A,divN/A,False,1871960309901975552
DivN/A,divN/A,divN/A,divN/A,divN/A,divN/A,False,1742455903264129536
DivN/A,divN/A,divN/A,divN/A,divN/A,divN/A,False,1877008821526073856
DivN/A,divN/A,divN/A,divN/A,divN/A,divN/A,False,1806508287908548864
DivN/A,divN/A,divN/A,divN/A,divN/A,divN/A,False,1847061705119195648
DivN/A,divN/A,divN/A,divN/A,divN/A,divN/A,False,1822296931504140544
DivN/A,divN/A,divN/A,divN/A,divN/A,divN/A,False,1873209195883020800
DivN/A,divN/A,divN/A,divN/A,divN/A,divN/A,False,1874478696259817472
DivN/A,divN/A,divN/A,divN/A,divN/A,divN/A,False,1875159041795895296
DivN/A,divN/A,divN/A,divN/A,divN/A,divN/A,False,1748208284207567360
DivN/A,divN/A,divN/A,divN/A,divN/A,divN/A,False,1842012425845145600
DivN/A,divN/A,divN/A,divN/A,divN/A,divN/A,False,1775526635749417216
DivN/A,divN/A,divN/A,divN/A,divN/A,divN/A,False,1822166372819853312
DivN/A,divN/A,divN/A,divN/A,divN/A,divN/A,False,1798780614591828480
DivN/A,divN/A,divN/A,divN/A,divN/A,divN/A,False,1870064173163405824
DivN/A,divN/A,divN/A,divN/A,divN/A,divN/A,False,1823313559264137216
DivN/A,divN/A,divN/A,divN/A,divN/A,divN/A,False,1878274994163040256
DivN/A,divN/A,divN/A,divN/A,divN/A,divN/A,False,1707783245171978240
DivN/A,divN/A,divN/A,divN/A,divN/A,divN/A,False,1729232961394954496
DivN/A,divN/A,divN/A,divN/A,divN/A,divN/A,False,1818997085103948288
DivN/A,divN/A,divN/A,divN/A,divN/A,divN/A,False,1854696885652799744
DivN/A,divN/A,divN/A,divN/A,divN/A,divN/A,False,1854705413692047616
DivN/A,divN/A,divN/A,divN/A,divN/A,divN/A,False,1854691515148230656
DivN/A,divN/A,divN/A,divN/A,divN/A,divN/A,False,1881447724064846080
DivN/A,divN/A,divN/A,divN/A,divN/A,divN/A,False,1766108386423132416
DivN/A,divN/A,divN/A,divN/A,divN/A,divN/A,False,1732785900071915520
DivN/A,divN/A,divN/A,divN/A,divN/A,divN/A,False,1850636070137762304
DivN/A,divN/A,divN/A,divN/A,divN/A,divN/A,False,1769163262283706880
DivN/A,divN/A,divN/A,divN/A,divN/A,divN/A,False,1882256348374831616
DivN/A,divN/A,divN/A,divN/A,divN/A,divN/A,False,1874959882878894336
DivN/A,divN/A,divN/A,divN/A,divN/A,divN/A,False,1875486469525241856
DivN/A,divN/A,divN/A,divN/A,divN/A,divN/A,False,1875807643324801280
DivN/A,divN/A,divN/A,divN/A,divN/A,divN/A,False,1875904634419859968
DivN/A,divN/A,divN/A,divN/A,divN/A,divN/A,False,1881561913211187200
DivN/A,divN/A,divN/A,divN/A,divN/A,divN/A,False,1882108680688267776
DivN/A,divN/A,divN/A,divN/A,divN/A,divN/A,False,1866121381546512896
DivN/A,divN/A,divN/A,divN/A,divN/A,divN/A,False,1785803680861618688
DivN/A,divN/A,divN/A,divN/A,divN/A,divN/A,False,1859661429588230400
DivN/A,divN/A,divN/A,divN/A,divN/A,divN/A,False,1810330916251673088
DivN/A,divN/A,divN/A,divN/A,divN/A,divN/A,False,1878841195344101888
DivN/A,divN/A,divN/A,divN/A,divN/A,divN/A,False,1722777676790821376
DivN/A,divN/A,divN/A,divN/A,divN/A,divN/A,False,1712849480389972224
DivN/A,divN/A,divN/A,divN/A,divN/A,divN/A,False,1728155641032610304
DivN/A,divN/A,divN/A,divN/A,divN/A,divN/A,False,1827657323273138688
DivN/A,divN/A,divN/A,divN/A,divN/A,divN/A,False,1834176196797722880
DivN/A,divN/A,divN/A,divN/A,divN/A,divN/A,False,1869704043859456000
DivN/A,divN/A,divN/A,divN/A,divN/A,divN/A,False,1865955601270055424
DivN/A,divN/A,divN/A,divN/A,divN/A,divN/A,False,1843783426312470784
DivN/A,divN/A,divN/A,divN/A,divN/A,divN/A,False,1849272632237056000
DivN/A,divN/A,divN/A,divN/A,divN/A,divN/A,False,1818640846285123840
DivN/A,divN/A,divN/A,divN/A,divN/A,divN/A,False,1878820269323886592
DivN/A,divN/A,divN/A,divN/A,divN/A,divN/A,False,1757306112624181504
DivN/A,divN/A,divN/A,divN/A,divN/A,divN/A,False,1833675221368258816
DivN/A,divN/A,divN/A,divN/A,divN/A,divN/A,False,1850647569585594624
DivN/A,divN/A,divN/A,divN/A,divN/A,divN/A,False,1874101153891295744
DivN/A,divN/A,divN/A,divN/A,divN/A,divN/A,False,1876339534306374144
DivN/A,divN/A,divN/A,divN/A,divN/A,divN/A,False,1807805157905727744
DivN/A,divN/A,divN/A,divN/A,divN/A,divN/A,False,1821963588644254208
DivN/A,divN/A,divN/A,divN/A,divN/A,divN/A,False,1829261299374784512
DivN/A,divN/A,divN/A,divN/A,divN/A,divN/A,False,1830291221820170752
DivN/A,divN/A,divN/A,divN/A,divN/A,divN/A,False,1836547567154532864
DivN/A,divN/A,divN/A,divN/A,divN/A,divN/A,False,1837313606532190464
DivN/A,divN/A,divN/A,divN/A,divN/A,divN/A,False,1841628387871211776
DivN/A,divN/A,divN/A,divN/A,divN/A,divN/A,False,1852033622494105856
DivN/A,divN/A,divN/A,divN/A,divN/A,divN/A,False,1861914688696496640
DivN/A,divN/A,divN/A,divN/A,divN/A,divN/A,False,1749852558095794176
DivN/A,divN/A,divN/A,divN/A,divN/A,divN/A,False,1764637389958356992
DivN/A,divN/A,divN/A,divN/A,divN/A,divN/A,False,1881849284959838464
DivN/A,divN/A,divN/A,divN/A,divN/A,divN/A,False,1855144807636910336
DivN/A,divN/A,divN/A,divN/A,divN/A,divN/A,False,1877001684381040896
DivN/A,divN/A,divN/A,divN/A,divN/A,divN/A,False,1852917319875317760
DivN/A,divN/A,divN/A,divN/A,divN/A,divN/A,False,1782452101676667136
DivN/A,divN/A,divN/A,divN/A,divN/A,divN/A,False,1720512943983297024
DivN/A,divN/A,divN/A,divN/A,divN/A,divN/A,False,1796288450376679680
DivN/A,divN/A,divN/A,divN/A,divN/A,divN/A,False,1796577680919511040
DivN/A,divN/A,divN/A,divN/A,divN/A,divN/A,False,1850183877958254592
DivN/A,divN/A,divN/A,divN/A,divN/A,divN/A,False,1804928734740316160
DivN/A,divN/A,divN/A,divN/A,divN/A,divN/A,False,1712854507883773952
DivN/A,divN/A,divN/A,divN/A,divN/A,divN/A,False,1860711989867155968
DivN/A,divN/A,divN/A,divN/A,divN/A,divN/A,False,1744417223534395904
DivN/A,divN/A,divN/A,divN/A,divN/A,divN/A,False,1751659467618291712
DivN/A,divN/A,divN/A,divN/A,divN/A,divN/A,False,1759631745291346176
DivN/A,divN/A,divN/A,divN/A,divN/A,divN/A,False,1790382632217502208
DivN/A,divN/A,divN/A,divN/A,divN/A,divN/A,False,1802449392529453056
DivN/A,divN/A,divN/A,divN/A,divN/A,divN/A,False,1882206302627406080
DivN/A,divN/A,divN/A,divN/A,divN/A,divN/A,False,1838180074912207360
DivN/A,divN/A,divN/A,divN/A,divN/A,divN/A,False,1882525013745771008
DivN/A,divN/A,divN/A,divN/A,divN/A,divN/A,False,1842755981312196864
DivN/A,divN/A,divN/A,divN/A,divN/A,divN/A,False,1830807423206015488
DivN/A,divN/A,divN/A,divN/A,divN/A,divN/A,False,1818349351636484096
DivN/A,divN/A,divN/A,divN/A,divN/A,divN/A,False,1848847571076166144
DivN/A,divN/A,divN/A,divN/A,divN/A,divN/A,False,1849873999570043136
DivN/A,divN/A,divN/A,divN/A,divN/A,divN/A,False,1766750995445387520
DivN/A,divN/A,divN/A,divN/A,divN/A,divN/A,False,1801755810210476032
DivN/A,divN/A,divN/A,divN/A,divN/A,divN/A,False,1813046616837767424
DivN/A,divN/A,divN/A,divN/A,divN/A,divN/A,False,1833505359513661696
DivN/A,divN/A,divN/A,divN/A,divN/A,divN/A,False,1824011441516499456
DivN/A,divN/A,divN/A,divN/A,divN/A,divN/A,False,1875538271746634240
DivN/A,divN/A,divN/A,divN/A,divN/A,divN/A,False,1875558354291965952
DivN/A,divN/A,divN/A,divN/A,divN/A,divN/A,False,1746323069143019520
DivN/A,divN/A,divN/A,divN/A,divN/A,divN/A,False,1799869666946437120
DivN/A,divN/A,divN/A,divN/A,divN/A,divN/A,False,1822352993422901504
DivN/A,divN/A,divN/A,divN/A,divN/A,divN/A,False,1702810015176794112
DivN/A,divN/A,divN/A,divN/A,divN/A,divN/A,False,1816226506580136448
DivN/A,divN/A,divN/A,divN/A,divN/A,divN/A,False,1844520137753272576
DivN/A,divN/A,divN/A,divN/A,divN/A,divN/A,False,1727790829673353216
DivN/A,divN/A,divN/A,divN/A,divN/A,divN/A,False,1851595701886619904
DivN/A,divN/A,divN/A,divN/A,divN/A,divN/A,False,1756866729244835840
DivN/A,divN/A,divN/A,divN/A,divN/A,divN/A,False,1671370284102819840
DivN/A,divN/A,divN/A,divN/A,divN/A,divN/A,False,1825734713413189632
DivN/A,divN/A,divN/A,divN/A,divN/A,divN/A,False,1860757613228544256
DivN/A,divN/A,divN/A,divN/A,divN/A,divN/A,False,1862912099665494528
DivN/A,divN/A,divN/A,divN/A,divN/A,divN/A,False,1854923865769591040
DivN/A,divN/A,divN/A,divN/A,divN/A,divN/A,False,1765484416275472640
DivN/A,divN/A,divN/A,divN/A,divN/A,divN/A,False,1727353891711504640
DivN/A,divN/A,divN/A,divN/A,divN/A,divN/A,False,1833961607216742656
DivN/A,divN/A,divN/A,divN/A,divN/A,divN/A,False,1852526485782851840
DivN/A,divN/A,divN/A,divN/A,divN/A,divN/A,False,1752853360343151104
DivN/A,divN/A,divN/A,divN/A,divN/A,divN/A,False,1763632558414135296
DivN/A,divN/A,divN/A,divN/A,divN/A,divN/A,False,1758885926237856000
DivN/A,divN/A,divN/A,divN/A,divN/A,divN/A,False,1803299263469768960
DivN/A,divN/A,divN/A,divN/A,divN/A,divN/A,False,1808292305578697216
DivN/A,divN/A,divN/A,divN/A,divN/A,divN/A,False,1813311552386114048
DivN/A,divN/A,divN/A,divN/A,divN/A,divN/A,False,1819755454265761792
DivN/A,divN/A,divN/A,divN/A,divN/A,divN/A,False,1840885798830260224
DivN/A,divN/A,divN/A,divN/A,divN/A,divN/A,False,1842648530436911616
DivN/A,divN/A,divN/A,divN/A,divN/A,divN/A,False,1844567298373226496
DivN/A,divN/A,divN/A,divN/A,divN/A,divN/A,False,1850977406061887744
DivN/A,divN/A,divN/A,divN/A,divN/A,divN/A,False,1879371397518213120
DivN/A,divN/A,divN/A,divN/A,divN/A,divN/A,False,1819438342502584576
DivN/A,divN/A,divN/A,divN/A,divN/A,divN/A,False,1856118556947030528
DivN/A,divN/A,divN/A,divN/A,divN/A,divN/A,False,1816152450300297728
DivN/A,divN/A,divN/A,divN/A,divN/A,divN/A,False,1818743035515265280
DivN/A,divN/A,divN/A,divN/A,divN/A,divN/A,False,1728535065242612224
DivN/A,divN/A,divN/A,divN/A,divN/A,divN/A,False,1822271228364632320
DivN/A,divN/A,divN/A,divN/A,divN/A,divN/A,False,1779089461839569408
DivN/A,divN/A,divN/A,divN/A,divN/A,divN/A,False,1876936828827119616
DivN/A,divN/A,divN/A,divN/A,divN/A,divN/A,False,1878441666840776960
DivN/A,divN/A,divN/A,divN/A,divN/A,divN/A,False,1877039687505740288
DivN/A,divN/A,divN/A,divN/A,divN/A,divN/A,False,1748494179640971520
DivN/A,divN/A,divN/A,divN/A,divN/A,divN/A,False,1764852993344536576
DivN/A,divN/A,divN/A,divN/A,divN/A,divN/A,False,1844030387875700736
DivN/A,divN/A,divN/A,divN/A,divN/A,divN/A,False,1820593577744793856
DivN/A,divN/A,divN/A,divN/A,divN/A,divN/A,False,1789374509285269760
DivN/A,divN/A,divN/A,divN/A,divN/A,divN/A,False,1800272349134279168
DivN/A,divN/A,divN/A,divN/A,divN/A,divN/A,False,1833722062671933696
DivN/A,divN/A,divN/A,divN/A,divN/A,divN/A,False,1835404941239742720
DivN/A,divN/A,divN/A,divN/A,divN/A,divN/A,False,1835817374450168320
DivN/A,divN/A,divN/A,divN/A,divN/A,divN/A,False,1682334782665965568
DivN/A,divN/A,divN/A,divN/A,divN/A,divN/A,False,1812373048734990848
DivN/A,divN/A,divN/A,divN/A,divN/A,divN/A,False,1819151626969719040
DivN/A,divN/A,divN/A,divN/A,divN/A,divN/A,False,1819270612646281728
DivN/A,divN/A,divN/A,divN/A,divN/A,divN/A,False,1700342242290901504
DivN/A,divN/A,divN/A,divN/A,divN/A,divN/A,False,1851797061718409216
DivN/A,divN/A,divN/A,divN/A,divN/A,divN/A,False,1870617313130459648
DivN/A,divN/A,divN/A,divN/A,divN/A,divN/A,False,1852542309260243200
DivN/A,divN/A,divN/A,divN/A,divN/A,divN/A,False,1852531987476627968
DivN/A,divN/A,divN/A,divN/A,divN/A,divN/A,False,1825532466968555776
DivN/A,divN/A,divN/A,divN/A,divN/A,divN/A,False,1782400479743324416
DivN/A,divN/A,divN/A,divN/A,divN/A,divN/A,False,1861098540820262912
DivN/A,divN/A,divN/A,divN/A,divN/A,divN/A,False,1724207517234860544
DivN/A,divN/A,divN/A,divN/A,divN/A,divN/A,False,1732575926599242240
DivN/A,divN/A,divN/A,divN/A,divN/A,divN/A,False,1752428229808247296
DivN/A,divN/A,divN/A,divN/A,divN/A,divN/A,False,1758284443490607360
DivN/A,divN/A,divN/A,divN/A,divN/A,divN/A,False,1771615831215980544
DivN/A,divN/A,divN/A,divN/A,divN/A,divN/A,False,1877431723752923648
DivN/A,divN/A,divN/A,divN/A,divN/A,divN/A,False,1881064289219596544
DivN/A,divN/A,divN/A,divN/A,divN/A,divN/A,False,1854560213690438144
DivN/A,divN/A,divN/A,divN/A,divN/A,divN/A,False,1868684998687199744
DivN/A,divN/A,divN/A,divN/A,divN/A,divN/A,False,1704457683267420160
DivN/A,divN/A,divN/A,divN/A,divN/A,divN/A,False,1736804779324846336
DivN/A,divN/A,divN/A,divN/A,divN/A,divN/A,False,1738559290628042752
DivN/A,divN/A,divN/A,divN/A,divN/A,divN/A,False,1841194132020080896
DivN/A,divN/A,divN/A,divN/A,divN/A,divN/A,False,1713344613409313024
DivN/A,divN/A,divN/A,divN/A,divN/A,divN/A,False,1843496521633018368
DivN/A,divN/A,divN/A,divN/A,divN/A,divN/A,False,1835717048498037248
DivN/A,divN/A,divN/A,divN/A,divN/A,divN/A,False,1763930598027014144
This man is buying birds just to set them free..,43.4M,1.8K,15K,238K,6.8K,False,1770275960509673472
DivN/A,divN/A,divN/A,divN/A,divN/A,divN/A,False,1807940863038824704
DivN/A,divN/A,divN/A,divN/A,divN/A,divN/A,False,1867677220623245824
DivN/A,divN/A,divN/A,divN/A,divN/A,divN/A,False,1828625060187218176
DivN/A,divN/A,divN/A,divN/A,divN/A,divN/A,False,1821512936789099008
DivN/A,divN/A,divN/A,divN/A,divN/A,divN/A,False,1761124856848851200
DivN/A,divN/A,divN/A,divN/A,divN/A,divN/A,False,1734548530784509952
DivN/A,divN/A,divN/A,divN/A,divN/A,divN/A,False,1797956889411489792
DivN/A,divN/A,divN/A,divN/A,divN/A,divN/A,False,1845981443107049472
DivN/A,divN/A,divN/A,divN/A,divN/A,divN/A,False,1728130486088663040
DivN/A,divN/A,divN/A,divN/A,divN/A,divN/A,False,1769454648946049280
DivN/A,divN/A,divN/A,divN/A,divN/A,divN/A,False,1799571485310255104
DivN/A,divN/A,divN/A,divN/A,divN/A,divN/A,False,1875854749339459840
DivN/A,divN/A,divN/A,divN/A,divN/A,divN/A,False,1816078350659494144
DivN/A,divN/A,divN/A,divN/A,divN/A,divN/A,False,1880257343662735360
DivN/A,divN/A,divN/A,divN/A,divN/A,divN/A,False,1878222938651967744
DivN/A,divN/A,divN/A,divN/A,divN/A,divN/A,False,1786767436210946304
DivN/A,divN/A,divN/A,divN/A,divN/A,divN/A,False,1876168991330439424
DivN/A,divN/A,divN/A,divN/A,divN/A,divN/A,False,1846285379743166720
DivN/A,divN/A,divN/A,divN/A,divN/A,divN/A,False,1850919101008384000
DivN/A,divN/A,divN/A,divN/A,divN/A,divN/A,False,1807319077175652352
DivN/A,divN/A,divN/A,divN/A,divN/A,divN/A,False,1812630965757362688
DivN/A,divN/A,divN/A,divN/A,divN/A,divN/A,False,1784345383550009856
DivN/A,divN/A,divN/A,divN/A,divN/A,divN/A,False,1822297279241306112
DivN/A,divN/A,divN/A,divN/A,divN/A,divN/A,False,1875355577616125952
DivN/A,divN/A,divN/A,divN/A,divN/A,divN/A,False,1820871075783143680
DivN/A,divN/A,divN/A,divN/A,divN/A,divN/A,False,1844068285882507776
DivN/A,divN/A,divN/A,divN/A,divN/A,divN/A,False,1819116948862784000
DivN/A,divN/A,divN/A,divN/A,divN/A,divN/A,False,1781690282582618112
DivN/A,divN/A,divN/A,divN/A,divN/A,divN/A,False,1785891276228894976
"Del. Stacey Plaskett (D-Virgin Islands): ""[Trump] needs to be shot— stopped.""",27.9M,3K,5.4K,8.1K,1.5K,False,1670423830249046016
DivN/A,divN/A,divN/A,divN/A,divN/A,divN/A,False,1848491533844275456
DivN/A,divN/A,divN/A,divN/A,divN/A,divN/A,False,1825741761039241728
DivN/A,divN/A,divN/A,divN/A,divN/A,divN/A,False,1847658970133016576
DivN/A,divN/A,divN/A,divN/A,divN/A,divN/A,False,1849859340523773952
DivN/A,divN/A,divN/A,divN/A,divN/A,divN/A,False,1856360111066722304
DivN/A,divN/A,divN/A,divN/A,divN/A,divN/A,False,1724908287471272448
DivN/A,divN/A,divN/A,divN/A,divN/A,divN/A,False,1714390254935851264
DivN/A,divN/A,divN/A,divN/A,divN/A,divN/A,False,1721743484116168960
DivN/A,divN/A,divN/A,divN/A,divN/A,divN/A,False,1809377894571077632
DivN/A,divN/A,divN/A,divN/A,divN/A,divN/A,False,1716342871916257536
DivN/A,divN/A,divN/A,divN/A,divN/A,divN/A,False,1771590516552949760
DivN/A,divN/A,divN/A,divN/A,divN/A,divN/A,False,1870901817367834624
DivN/A,divN/A,divN/A,divN/A,divN/A,divN/A,False,1844894709069775104
DivN/A,divN/A,divN/A,divN/A,divN/A,divN/A,False,1845243509059748096
DivN/A,divN/A,divN/A,divN/A,divN/A,divN/A,False,1850958115279421696
DivN/A,divN/A,divN/A,divN/A,divN/A,divN/A,False,1855147657834250496
DivN/A,divN/A,divN/A,divN/A,divN/A,divN/A,False,1866002414081548544
DivN/A,divN/A,divN/A,divN/A,divN/A,divN/A,False,1877620413158527488
DivN/A,divN/A,divN/A,divN/A,divN/A,divN/A,False,1873847033079206144
DivN/A,divN/A,divN/A,divN/A,divN/A,divN/A,False,1869480663898026240
DivN/A,divN/A,divN/A,divN/A,divN/A,divN/A,False,1874864996397847040
DivN/A,divN/A,divN/A,divN/A,divN/A,divN/A,False,1834472472768569600
DivN/A,divN/A,divN/A,divN/A,divN/A,divN/A,False,1811080218716569600
DivN/A,divN/A,divN/A,divN/A,divN/A,divN/A,False,1875807040125477120
DivN/A,divN/A,divN/A,divN/A,divN/A,divN/A,False,1825570923925426688
DivN/A,divN/A,divN/A,divN/A,divN/A,divN/A,False,1.837677079439e+18
DivN/A,divN/A,divN/A,divN/A,divN/A,divN/A,False,1852164654786654720
DivN/A,divN/A,divN/A,divN/A,divN/A,divN/A,False,1880155091971502080
DivN/A,divN/A,divN/A,divN/A,divN/A,divN/A,False,1843773083783471104
DivN/A,divN/A,divN/A,divN/A,divN/A,divN/A,False,1746958393430942208
DivN/A,divN/A,divN/A,divN/A,divN/A,divN/A,False,1845856378805731840
DivN/A,divN/A,divN/A,divN/A,divN/A,divN/A,False,1833154509222129920
DivN/A,divN/A,divN/A,divN/A,divN/A,divN/A,False,1833126018430669312
DivN/A,divN/A,divN/A,divN/A,divN/A,divN/A,False,1741150675327668480
DivN/A,divN/A,divN/A,divN/A,divN/A,divN/A,False,1836130447539286016
DivN/A,divN/A,divN/A,divN/A,divN/A,divN/A,False,1842621143121108992
DivN/A,divN/A,divN/A,divN/A,divN/A,divN/A,False,1872369692754800896
DivN/A,divN/A,divN/A,divN/A,divN/A,divN/A,False,1789375833888502016
DivN/A,divN/A,divN/A,divN/A,divN/A,divN/A,False,1815447509952573696
DivN/A,divN/A,divN/A,divN/A,divN/A,divN/A,False,1869865296376303616
DivN/A,divN/A,divN/A,divN/A,divN/A,divN/A,False,1780392367985459456
DivN/A,divN/A,divN/A,divN/A,divN/A,divN/A,False,1872422525956993024
DivN/A,divN/A,divN/A,divN/A,divN/A,divN/A,False,1790823132833452544
DivN/A,divN/A,divN/A,divN/A,divN/A,divN/A,False,1.822889460243e+18
DivN/A,divN/A,divN/A,divN/A,divN/A,divN/A,False,1837228132211794176
DivN/A,divN/A,divN/A,divN/A,divN/A,divN/A,False,1817937998652023040
DivN/A,divN/A,divN/A,divN/A,divN/A,divN/A,False,1818964680498393600
DivN/A,divN/A,divN/A,divN/A,divN/A,divN/A,False,1819038518594994688
DivN/A,divN/A,divN/A,divN/A,divN/A,divN/A,False,1852331176981070080
DivN/A,divN/A,divN/A,divN/A,divN/A,divN/A,False,1868038444787630080
DivN/A,divN/A,divN/A,divN/A,divN/A,divN/A,False,1871577470656536576
DivN/A,divN/A,divN/A,divN/A,divN/A,divN/A,False,1878901413515760128
DivN/A,divN/A,divN/A,divN/A,divN/A,divN/A,False,1797115987709272320
DivN/A,divN/A,divN/A,divN/A,divN/A,divN/A,False,1712484101763342848
DivN/A,divN/A,divN/A,divN/A,divN/A,divN/A,False,1871239074075558144
DivN/A,divN/A,divN/A,divN/A,divN/A,divN/A,False,1799812415074500864
DivN/A,divN/A,divN/A,divN/A,divN/A,divN/A,False,1803787015068045312
DivN/A,divN/A,divN/A,divN/A,divN/A,divN/A,False,1809249601595318784
DivN/A,divN/A,divN/A,divN/A,divN/A,divN/A,False,1801555018929123584
DivN/A,divN/A,divN/A,divN/A,divN/A,divN/A,False,1838730690344403456
DivN/A,divN/A,divN/A,divN/A,divN/A,divN/A,False,1874426394312319488
DivN/A,divN/A,divN/A,divN/A,divN/A,divN/A,False,1778543551342874880
DivN/A,divN/A,divN/A,divN/A,divN/A,divN/A,False,1881449727142887680
DivN/A,divN/A,divN/A,divN/A,divN/A,divN/A,False,1815414018502504704
DivN/A,divN/A,divN/A,divN/A,divN/A,divN/A,False,1786833975228715264
DivN/A,divN/A,divN/A,divN/A,divN/A,divN/A,False,1831867166305702400
DivN/A,divN/A,divN/A,divN/A,divN/A,divN/A,False,1874514847020487168
DivN/A,divN/A,divN/A,divN/A,divN/A,divN/A,False,1839857726505267456
DivN/A,divN/A,divN/A,divN/A,divN/A,divN/A,False,1811152576005689600
DivN/A,divN/A,divN/A,divN/A,divN/A,divN/A,False,1852434851233738752
DivN/A,divN/A,divN/A,divN/A,divN/A,divN/A,False,1842124625725083904
DivN/A,divN/A,divN/A,divN/A,divN/A,divN/A,False,1852985040138891776
DivN/A,divN/A,divN/A,divN/A,divN/A,divN/A,False,1850006438245978624
DivN/A,divN/A,divN/A,divN/A,divN/A,divN/A,False,1851362463322939904
DivN/A,divN/A,divN/A,divN/A,divN/A,divN/A,False,1829624142452195328
DivN/A,divN/A,divN/A,divN/A,divN/A,divN/A,False,1835780580635722240
DivN/A,divN/A,divN/A,divN/A,divN/A,divN/A,False,1860493899606749440
DivN/A,divN/A,divN/A,divN/A,divN/A,divN/A,False,1874517628460617984
DivN/A,divN/A,divN/A,divN/A,divN/A,divN/A,False,1877542820598394880
DivN/A,divN/A,divN/A,divN/A,divN/A,divN/A,False,1854735946782044160
DivN/A,divN/A,divN/A,divN/A,divN/A,divN/A,False,1875170292915687424
DivN/A,divN/A,divN/A,divN/A,divN/A,divN/A,False,1827484648454418944
DivN/A,divN/A,divN/A,divN/A,divN/A,divN/A,False,1827695836832334080
DivN/A,divN/A,divN/A,divN/A,divN/A,divN/A,False,1863292006002209024
DivN/A,divN/A,divN/A,divN/A,divN/A,divN/A,False,1875364042417791488
DivN/A,divN/A,divN/A,divN/A,divN/A,divN/A,False,1881623694923215104
DivN/A,divN/A,divN/A,divN/A,divN/A,divN/A,False,1791932948947546112
DivN/A,divN/A,divN/A,divN/A,divN/A,divN/A,False,1860779121824952832
DivN/A,divN/A,divN/A,divN/A,divN/A,divN/A,False,1820501542157639680
DivN/A,divN/A,divN/A,divN/A,divN/A,divN/A,False,1809864693369946624
DivN/A,divN/A,divN/A,divN/A,divN/A,divN/A,False,1863595306731872256
DivN/A,divN/A,divN/A,divN/A,divN/A,divN/A,False,1763335044788076800
DivN/A,divN/A,divN/A,divN/A,divN/A,divN/A,False,1830759051795321344
DivN/A,divN/A,divN/A,divN/A,divN/A,divN/A,False,1844396904899039232
DivN/A,divN/A,divN/A,divN/A,divN/A,divN/A,False,1869509939577884672
DivN/A,divN/A,divN/A,divN/A,divN/A,divN/A,False,1850076976238797312
DivN/A,divN/A,divN/A,divN/A,divN/A,divN/A,False,1732660793697501440
DivN/A,divN/A,divN/A,divN/A,divN/A,divN/A,False,1770839336725979648
DivN/A,divN/A,divN/A,divN/A,divN/A,divN/A,False,1772521387757797888
DivN/A,divN/A,divN/A,divN/A,divN/A,divN/A,False,1783057411860832256
DivN/A,divN/A,divN/A,divN/A,divN/A,divN/A,False,1798273789056434688
DivN/A,divN/A,divN/A,divN/A,divN/A,divN/A,False,1866213672541917440
DivN/A,divN/A,divN/A,divN/A,divN/A,divN/A,False,1863105433956958720
DivN/A,divN/A,divN/A,divN/A,divN/A,divN/A,False,1870902568949592320
DivN/A,divN/A,divN/A,divN/A,divN/A,divN/A,False,1762223260484227584
DivN/A,divN/A,divN/A,divN/A,divN/A,divN/A,False,1823071024675717376
DivN/A,divN/A,divN/A,divN/A,divN/A,divN/A,False,1.825723913051e+18
DivN/A,divN/A,divN/A,divN/A,divN/A,divN/A,False,1844546051891462144
"I condemn the broadening of the Middle East conflict with escalation after escalation.

This must stop.

We absolutely need a ceasefire.",10.8M,15K,7.1K,24K,685,False,1841167889191112704
DivN/A,divN/A,divN/A,divN/A,divN/A,divN/A,False,1876341515427180800
DivN/A,divN/A,divN/A,divN/A,divN/A,divN/A,False,1749197933168197632
DivN/A,divN/A,divN/A,divN/A,divN/A,divN/A,False,1837220188359643648
DivN/A,divN/A,divN/A,divN/A,divN/A,divN/A,False,1823012819660341504
DivN/A,divN/A,divN/A,divN/A,divN/A,divN/A,False,1848069240030384384
DivN/A,divN/A,divN/A,divN/A,divN/A,divN/A,False,1735786453723161088
DivN/A,divN/A,divN/A,divN/A,divN/A,divN/A,False,1827668394843251200
DivN/A,divN/A,divN/A,divN/A,divN/A,divN/A,False,1796333656153199104
DivN/A,divN/A,divN/A,divN/A,divN/A,divN/A,False,1829950849482695168
DivN/A,divN/A,divN/A,divN/A,divN/A,divN/A,False,1878969190335590912
DivN/A,divN/A,divN/A,divN/A,divN/A,divN/A,False,1870623043460157696
DivN/A,divN/A,divN/A,divN/A,divN/A,divN/A,False,1781034112133799936
DivN/A,divN/A,divN/A,divN/A,divN/A,divN/A,False,1767709773158297600
DivN/A,divN/A,divN/A,divN/A,divN/A,divN/A,False,1786404528683704576
DivN/A,divN/A,divN/A,divN/A,divN/A,divN/A,False,1.857152633855e+18
DivN/A,divN/A,divN/A,divN/A,divN/A,divN/A,False,1877499069246947584
DivN/A,divN/A,divN/A,divN/A,divN/A,divN/A,False,1841296736838430976
DivN/A,divN/A,divN/A,divN/A,divN/A,divN/A,False,1814354894326739200
DivN/A,divN/A,divN/A,divN/A,divN/A,divN/A,False,1870647428044693760
DivN/A,divN/A,divN/A,divN/A,divN/A,divN/A,False,1877774871633264896
DivN/A,divN/A,divN/A,divN/A,divN/A,divN/A,False,1806291385374621696
DivN/A,divN/A,divN/A,divN/A,divN/A,divN/A,False,1842324958208565504
DivN/A,divN/A,divN/A,divN/A,divN/A,divN/A,False,1850688759676956672
DivN/A,divN/A,divN/A,divN/A,divN/A,divN/A,False,1874187671708594176
DivN/A,divN/A,divN/A,divN/A,divN/A,divN/A,False,1880683007398617600
DivN/A,divN/A,divN/A,divN/A,divN/A,divN/A,False,1864310957973098496
DivN/A,divN/A,divN/A,divN/A,divN/A,divN/A,False,1808334813172228608
DivN/A,divN/A,divN/A,divN/A,divN/A,divN/A,False,1771287982693060864
DivN/A,divN/A,divN/A,divN/A,divN/A,divN/A,False,1856021153359286272
DivN/A,divN/A,divN/A,divN/A,divN/A,divN/A,False,1815093011669516544
DivN/A,divN/A,divN/A,divN/A,divN/A,divN/A,False,1669733831828549632
DivN/A,divN/A,divN/A,divN/A,divN/A,divN/A,False,1836834148062732800
DivN/A,divN/A,divN/A,divN/A,divN/A,divN/A,False,1738302622371602432
DivN/A,divN/A,divN/A,divN/A,divN/A,divN/A,False,1.76759684383e+18
DivN/A,divN/A,divN/A,divN/A,divN/A,divN/A,False,1876334300263591936
DivN/A,divN/A,divN/A,divN/A,divN/A,divN/A,False,1718776653302702080
DivN/A,divN/A,divN/A,divN/A,divN/A,divN/A,False,1803428288867557888
DivN/A,divN/A,divN/A,divN/A,divN/A,divN/A,False,1767760340488527872
DivN/A,divN/A,divN/A,divN/A,divN/A,divN/A,False,1853847172309209344
DivN/A,divN/A,divN/A,divN/A,divN/A,divN/A,False,1760743911532941824
DivN/A,divN/A,divN/A,divN/A,divN/A,divN/A,False,1822586890635067392
DivN/A,divN/A,divN/A,divN/A,divN/A,divN/A,False,1835400811012071680
DivN/A,divN/A,divN/A,divN/A,divN/A,divN/A,False,1835313251745194240
DivN/A,divN/A,divN/A,divN/A,divN/A,divN/A,False,1856340038574907392
DivN/A,divN/A,divN/A,divN/A,divN/A,divN/A,False,1853532900811243776
DivN/A,divN/A,divN/A,divN/A,divN/A,divN/A,False,1751962808378421760
DivN/A,divN/A,divN/A,divN/A,divN/A,divN/A,False,1804992242660028928
DivN/A,divN/A,divN/A,divN/A,divN/A,divN/A,False,1850690557468717568
DivN/A,divN/A,divN/A,divN/A,divN/A,divN/A,False,1748236371351781888
DivN/A,divN/A,divN/A,divN/A,divN/A,divN/A,False,1853966461896630784
DivN/A,divN/A,divN/A,divN/A,divN/A,divN/A,False,1833535376092500480
DivN/A,divN/A,divN/A,divN/A,divN/A,divN/A,False,1779291243182260480
DivN/A,divN/A,divN/A,divN/A,divN/A,divN/A,False,1815432440619380736
DivN/A,divN/A,divN/A,divN/A,divN/A,divN/A,False,1698858685618143232
DivN/A,divN/A,divN/A,divN/A,divN/A,divN/A,False,1848215009689768448
DivN/A,divN/A,divN/A,divN/A,divN/A,divN/A,False,1834460891556769792
DivN/A,divN/A,divN/A,divN/A,divN/A,divN/A,False,1846957094265553408
DivN/A,divN/A,divN/A,divN/A,divN/A,divN/A,False,1878258631449403392
DivN/A,divN/A,divN/A,divN/A,divN/A,divN/A,False,1778300445821219328
DivN/A,divN/A,divN/A,divN/A,divN/A,divN/A,False,1819939651718693120
DivN/A,divN/A,divN/A,divN/A,divN/A,divN/A,False,1842882331897393664
DivN/A,divN/A,divN/A,divN/A,divN/A,divN/A,False,1789068930482315264
DivN/A,divN/A,divN/A,divN/A,divN/A,divN/A,False,1843037046765465856
DivN/A,divN/A,divN/A,divN/A,divN/A,divN/A,False,1873060790539849984
DivN/A,divN/A,divN/A,divN/A,divN/A,divN/A,False,1704554429746397440
DivN/A,divN/A,divN/A,divN/A,divN/A,divN/A,False,1834917511281971712
DivN/A,divN/A,divN/A,divN/A,divN/A,divN/A,False,1768810815459635456
DivN/A,divN/A,divN/A,divN/A,divN/A,divN/A,False,1881127602452304384
DivN/A,divN/A,divN/A,divN/A,divN/A,divN/A,False,1822031436817318144
DivN/A,divN/A,divN/A,divN/A,divN/A,divN/A,False,1852856387048481280
DivN/A,divN/A,divN/A,divN/A,divN/A,divN/A,False,1872374103983759616
DivN/A,divN/A,divN/A,divN/A,divN/A,divN/A,False,1875903315369967616
DivN/A,divN/A,divN/A,divN/A,divN/A,divN/A,False,1820847054618259456
DivN/A,divN/A,divN/A,divN/A,divN/A,divN/A,False,1872387332328038656
DivN/A,divN/A,divN/A,divN/A,divN/A,divN/A,False,1808478590213718528
DivN/A,divN/A,divN/A,divN/A,divN/A,divN/A,False,1758155889096138752
DivN/A,divN/A,divN/A,divN/A,divN/A,divN/A,False,1803240033006051584
DivN/A,divN/A,divN/A,divN/A,divN/A,divN/A,False,1777909314490900480
DivN/A,divN/A,divN/A,divN/A,divN/A,divN/A,False,1797025399353782784
DivN/A,divN/A,divN/A,divN/A,divN/A,divN/A,False,1803594109900161280
DivN/A,divN/A,divN/A,divN/A,divN/A,divN/A,False,1844889378050765312
DivN/A,divN/A,divN/A,divN/A,divN/A,divN/A,False,1864463447347360000
DivN/A,divN/A,divN/A,divN/A,divN/A,divN/A,False,1842284913279586560
DivN/A,divN/A,divN/A,divN/A,divN/A,divN/A,False,1845863051196805120
DivN/A,divN/A,divN/A,divN/A,divN/A,divN/A,False,1793994744517083136
DivN/A,divN/A,divN/A,divN/A,divN/A,divN/A,False,1758260831463031040
DivN/A,divN/A,divN/A,divN/A,divN/A,divN/A,False,1715237727392678144
DivN/A,divN/A,divN/A,divN/A,divN/A,divN/A,False,1848290914201920000
"I get more laughs from this platform than everything else combined and I hope you do too.

Thanks for posting such great content!",34.1M,18K,24K,306K,955,False,1687165486327566336
DivN/A,divN/A,divN/A,divN/A,divN/A,divN/A,False,1800265431078552064
DivN/A,divN/A,divN/A,divN/A,divN/A,divN/A,False,1801693633646567680
DivN/A,divN/A,divN/A,divN/A,divN/A,divN/A,False,1810454245109571584
DivN/A,divN/A,divN/A,divN/A,divN/A,divN/A,False,1824600736346378496
DivN/A,divN/A,divN/A,divN/A,divN/A,divN/A,False,1832881229403742464
DivN/A,divN/A,divN/A,divN/A,divN/A,divN/A,False,1846662363531166208
DivN/A,divN/A,divN/A,divN/A,divN/A,divN/A,False,1860476389050196224
DivN/A,divN/A,divN/A,divN/A,divN/A,divN/A,False,1818982581423010304
DivN/A,divN/A,divN/A,divN/A,divN/A,divN/A,False,1846228061173256704
DivN/A,divN/A,divN/A,divN/A,divN/A,divN/A,False,1852962886508752896
DivN/A,divN/A,divN/A,divN/A,divN/A,divN/A,False,1740492824468976128
DivN/A,divN/A,divN/A,divN/A,divN/A,divN/A,False,1799071580724793600
DivN/A,divN/A,divN/A,divN/A,divN/A,divN/A,False,1721622836932923904
DivN/A,divN/A,divN/A,divN/A,divN/A,divN/A,False,1846675235472277760
DivN/A,divN/A,divN/A,divN/A,divN/A,divN/A,False,1802006391688769536
DivN/A,divN/A,divN/A,divN/A,divN/A,divN/A,False,1759568984691687936
DivN/A,divN/A,divN/A,divN/A,divN/A,divN/A,False,1777887614835806464
DivN/A,divN/A,divN/A,divN/A,divN/A,divN/A,False,1820966359964250624
DivN/A,divN/A,divN/A,divN/A,divN/A,divN/A,False,1820813505412624384
DivN/A,divN/A,divN/A,divN/A,divN/A,divN/A,False,1719077000483066368
DivN/A,divN/A,divN/A,divN/A,divN/A,divN/A,False,1773719051736420864
DivN/A,divN/A,divN/A,divN/A,divN/A,divN/A,False,1828925817847722240
DivN/A,divN/A,divN/A,divN/A,divN/A,divN/A,False,1717578373826810368
DivN/A,divN/A,divN/A,divN/A,divN/A,divN/A,False,1850994864961343744
DivN/A,divN/A,divN/A,divN/A,divN/A,divN/A,False,1689288979307229184
DivN/A,divN/A,divN/A,divN/A,divN/A,divN/A,False,1833841364913496320
DivN/A,divN/A,divN/A,divN/A,divN/A,divN/A,False,1835699600717390080
DivN/A,divN/A,divN/A,divN/A,divN/A,divN/A,False,1852314299265593344
DivN/A,divN/A,divN/A,divN/A,divN/A,divN/A,False,1861135001355538432
DivN/A,divN/A,divN/A,divN/A,divN/A,divN/A,False,1746618354394120192
DivN/A,divN/A,divN/A,divN/A,divN/A,divN/A,False,1858173722286288896
DivN/A,divN/A,divN/A,divN/A,divN/A,divN/A,False,1798109658101494016
DivN/A,divN/A,divN/A,divN/A,divN/A,divN/A,False,1808111869476938240
DivN/A,divN/A,divN/A,divN/A,divN/A,divN/A,False,1817670548802928896
DivN/A,divN/A,divN/A,divN/A,divN/A,divN/A,False,1850680324784533760
DivN/A,divN/A,divN/A,divN/A,divN/A,divN/A,False,1873862372101968384
DivN/A,divN/A,divN/A,divN/A,divN/A,divN/A,False,1832633168014270976
DivN/A,divN/A,divN/A,divN/A,divN/A,divN/A,False,1865296180512477440
DivN/A,divN/A,divN/A,divN/A,divN/A,divN/A,False,1794465947866284032
DivN/A,divN/A,divN/A,divN/A,divN/A,divN/A,False,1819844212499656960
DivN/A,divN/A,divN/A,divN/A,divN/A,divN/A,False,1853571107439398912
DivN/A,divN/A,divN/A,divN/A,divN/A,divN/A,False,1800177269736136960
DivN/A,divN/A,divN/A,divN/A,divN/A,divN/A,False,1711048869637697536
DivN/A,divN/A,divN/A,divN/A,divN/A,divN/A,False,1829975009453834496
DivN/A,divN/A,divN/A,divN/A,divN/A,divN/A,False,1879980380335542272
DivN/A,divN/A,divN/A,divN/A,divN/A,divN/A,False,1796295300539092992
DivN/A,divN/A,divN/A,divN/A,divN/A,divN/A,False,1809310761933525504
DivN/A,divN/A,divN/A,divN/A,divN/A,divN/A,False,1846304758211973376
DivN/A,divN/A,divN/A,divN/A,divN/A,divN/A,False,1882089916513071360
DivN/A,divN/A,divN/A,divN/A,divN/A,divN/A,False,1832118332994007040
DivN/A,divN/A,divN/A,divN/A,divN/A,divN/A,False,1828515578165723136
DivN/A,divN/A,divN/A,divN/A,divN/A,divN/A,False,1799576753339335168
DivN/A,divN/A,divN/A,divN/A,divN/A,divN/A,False,1804297750260892160
DivN/A,divN/A,divN/A,divN/A,divN/A,divN/A,False,1878616561906577664
DivN/A,divN/A,divN/A,divN/A,divN/A,divN/A,False,1687496195885735936
DivN/A,divN/A,divN/A,divN/A,divN/A,divN/A,False,1833872638172688896
DivN/A,divN/A,divN/A,divN/A,divN/A,divN/A,False,1792639102434631936
DivN/A,divN/A,divN/A,divN/A,divN/A,divN/A,False,1795869252513088000
DivN/A,divN/A,divN/A,divN/A,divN/A,divN/A,False,1850630667127664896
DivN/A,divN/A,divN/A,divN/A,divN/A,divN/A,False,1828814040539529728
DivN/A,divN/A,divN/A,divN/A,divN/A,divN/A,False,1832187356763365376
DivN/A,divN/A,divN/A,divN/A,divN/A,divN/A,False,1.8440561678e+18
DivN/A,divN/A,divN/A,divN/A,divN/A,divN/A,False,1657414118297546752
DivN/A,divN/A,divN/A,divN/A,divN/A,divN/A,False,1743425668514271744
DivN/A,divN/A,divN/A,divN/A,divN/A,divN/A,False,1812941050237100032
DivN/A,divN/A,divN/A,divN/A,divN/A,divN/A,False,1819831127709990912
DivN/A,divN/A,divN/A,divN/A,divN/A,divN/A,False,1830334491920937216
DivN/A,divN/A,divN/A,divN/A,divN/A,divN/A,False,1827473469526962688
DivN/A,divN/A,divN/A,divN/A,divN/A,divN/A,False,1829644902759837696
DivN/A,divN/A,divN/A,divN/A,divN/A,divN/A,False,1764408622292074496
DivN/A,divN/A,divN/A,divN/A,divN/A,divN/A,False,1823268250903326720
DivN/A,divN/A,divN/A,divN/A,divN/A,divN/A,False,1692692577382740224
DivN/A,divN/A,divN/A,divN/A,divN/A,divN/A,False,1843210358749831680
DivN/A,divN/A,divN/A,divN/A,divN/A,divN/A,False,1806387379000967424
DivN/A,divN/A,divN/A,divN/A,divN/A,divN/A,False,1822768922996690944
DivN/A,divN/A,divN/A,divN/A,divN/A,divN/A,False,1856842873414508544
DivN/A,divN/A,divN/A,divN/A,divN/A,divN/A,False,1854567200113533440
DivN/A,divN/A,divN/A,divN/A,divN/A,divN/A,False,1749576449571324160
DivN/A,divN/A,divN/A,divN/A,divN/A,divN/A,False,1878563858052202496
DivN/A,divN/A,divN/A,divN/A,divN/A,divN/A,False,1818970731218132992
DivN/A,divN/A,divN/A,divN/A,divN/A,divN/A,False,1818762206806216960
DivN/A,divN/A,divN/A,divN/A,divN/A,divN/A,False,1838802596066209792
DivN/A,divN/A,divN/A,divN/A,divN/A,divN/A,False,1818735697349468160
DivN/A,divN/A,divN/A,divN/A,divN/A,divN/A,False,1856437650187792384
DivN/A,divN/A,divN/A,divN/A,divN/A,divN/A,False,1796894222445932800
DivN/A,divN/A,divN/A,divN/A,divN/A,divN/A,False,1830652074746409216
DivN/A,divN/A,divN/A,divN/A,divN/A,divN/A,False,1875931298143084800
DivN/A,divN/A,divN/A,divN/A,divN/A,divN/A,False,1870094295987864064
DivN/A,divN/A,divN/A,divN/A,divN/A,divN/A,False,1870167084702773504
DivN/A,divN/A,divN/A,divN/A,divN/A,divN/A,False,1882168533154705920
DivN/A,divN/A,divN/A,divN/A,divN/A,divN/A,False,1817980960161583616
DivN/A,divN/A,divN/A,divN/A,divN/A,divN/A,False,1840834258601963776
DivN/A,divN/A,divN/A,divN/A,divN/A,divN/A,False,1805996713053696256
DivN/A,divN/A,divN/A,divN/A,divN/A,divN/A,False,1659004151198613504
DivN/A,divN/A,divN/A,divN/A,divN/A,divN/A,False,1814314846688600320
DivN/A,divN/A,divN/A,divN/A,divN/A,divN/A,False,1847000759482609920
DivN/A,divN/A,divN/A,divN/A,divN/A,divN/A,False,1850356595181367808
DivN/A,divN/A,divN/A,divN/A,divN/A,divN/A,False,1851376200444244480
DivN/A,divN/A,divN/A,divN/A,divN/A,divN/A,False,1871207714665197824
DivN/A,divN/A,divN/A,divN/A,divN/A,divN/A,False,1879254768314699776
DivN/A,divN/A,divN/A,divN/A,divN/A,divN/A,False,1815144007040684544
DivN/A,divN/A,divN/A,divN/A,divN/A,divN/A,False,1733976372450853120
DivN/A,divN/A,divN/A,divN/A,divN/A,divN/A,False,1858275868336152576
DivN/A,divN/A,divN/A,divN/A,divN/A,divN/A,False,1813730603180974336
DivN/A,divN/A,divN/A,divN/A,divN/A,divN/A,False,1854078061970407936
DivN/A,divN/A,divN/A,divN/A,divN/A,divN/A,False,1827162704433574400
DivN/A,divN/A,divN/A,divN/A,divN/A,divN/A,False,1842284000926212096
DivN/A,divN/A,divN/A,divN/A,divN/A,divN/A,False,1836461025157353472
DivN/A,divN/A,divN/A,divN/A,divN/A,divN/A,False,1815929451256979456
DivN/A,divN/A,divN/A,divN/A,divN/A,divN/A,False,1821917780381208576
DivN/A,divN/A,divN/A,divN/A,divN/A,divN/A,False,1806746426904379392
DivN/A,divN/A,divN/A,divN/A,divN/A,divN/A,False,1829279771978842112
DivN/A,divN/A,divN/A,divN/A,divN/A,divN/A,False,1838601718919057664
DivN/A,divN/A,divN/A,divN/A,divN/A,divN/A,False,1876894002336686080
DivN/A,divN/A,divN/A,divN/A,divN/A,divN/A,False,1881511876820898304
DivN/A,divN/A,divN/A,divN/A,divN/A,divN/A,False,1881506238489649152
DivN/A,divN/A,divN/A,divN/A,divN/A,divN/A,False,1881789407117857024
DivN/A,divN/A,divN/A,divN/A,divN/A,divN/A,False,1845612124141236736
DivN/A,divN/A,divN/A,divN/A,divN/A,divN/A,False,1802400264722296832
DivN/A,divN/A,divN/A,divN/A,divN/A,divN/A,False,1819382555109683712
DivN/A,divN/A,divN/A,divN/A,divN/A,divN/A,False,1846244477100302848
DivN/A,divN/A,divN/A,divN/A,divN/A,divN/A,False,1847298517225640448
DivN/A,divN/A,divN/A,divN/A,divN/A,divN/A,False,1747048606585024512
DivN/A,divN/A,divN/A,divN/A,divN/A,divN/A,False,1816903203834987008
DivN/A,divN/A,divN/A,divN/A,divN/A,divN/A,False,1795941949221798144
DivN/A,divN/A,divN/A,divN/A,divN/A,divN/A,False,1828708773365690880
DivN/A,divN/A,divN/A,divN/A,divN/A,divN/A,False,1757725012604166400
DivN/A,divN/A,divN/A,divN/A,divN/A,divN/A,False,1830639947625476096
DivN/A,divN/A,divN/A,divN/A,divN/A,divN/A,False,1755254449285820928
DivN/A,divN/A,divN/A,divN/A,divN/A,divN/A,False,1781150007858470912
DivN/A,divN/A,divN/A,divN/A,divN/A,divN/A,False,1804701768472760576
DivN/A,divN/A,divN/A,divN/A,divN/A,divN/A,False,1814676935588344320
DivN/A,divN/A,divN/A,divN/A,divN/A,divN/A,False,1865185802348618240
DivN/A,divN/A,divN/A,divN/A,divN/A,divN/A,False,1787286440897818880
DivN/A,divN/A,divN/A,divN/A,divN/A,divN/A,False,1814457180252152320
DivN/A,divN/A,divN/A,divN/A,divN/A,divN/A,False,1821750195677204736
DivN/A,divN/A,divN/A,divN/A,divN/A,divN/A,False,1833475614965215744
DivN/A,divN/A,divN/A,divN/A,divN/A,divN/A,False,1724456850563707136
DivN/A,divN/A,divN/A,divN/A,divN/A,divN/A,False,1763097773065302528
DivN/A,divN/A,divN/A,divN/A,divN/A,divN/A,False,1824778056420007936
DivN/A,divN/A,divN/A,divN/A,divN/A,divN/A,False,1819229276517888000
DivN/A,divN/A,divN/A,divN/A,divN/A,divN/A,False,1860346025627537664
DivN/A,divN/A,divN/A,divN/A,divN/A,divN/A,False,1877036452883714304
DivN/A,divN/A,divN/A,divN/A,divN/A,divN/A,False,1815378009404178432
DivN/A,divN/A,divN/A,divN/A,divN/A,divN/A,False,1881155424780702208
DivN/A,divN/A,divN/A,divN/A,divN/A,divN/A,False,1812455043167052288
DivN/A,divN/A,divN/A,divN/A,divN/A,divN/A,False,1826092917959823616
DivN/A,divN/A,divN/A,divN/A,divN/A,divN/A,False,1719833418869981440
DivN/A,divN/A,divN/A,divN/A,divN/A,divN/A,False,1827001918792589312
DivN/A,divN/A,divN/A,divN/A,divN/A,divN/A,False,1789184692161569024
DivN/A,divN/A,divN/A,divN/A,divN/A,divN/A,False,1811400404732961024
DivN/A,divN/A,divN/A,divN/A,divN/A,divN/A,False,1851457511582584832
DivN/A,divN/A,divN/A,divN/A,divN/A,divN/A,False,1857042856659079680
DivN/A,divN/A,divN/A,divN/A,divN/A,divN/A,False,1711760097607647232
DivN/A,divN/A,divN/A,divN/A,divN/A,divN/A,False,1878238925111636224
DivN/A,divN/A,divN/A,divN/A,divN/A,divN/A,False,1833336874934669312
DivN/A,divN/A,divN/A,divN/A,divN/A,divN/A,False,1775736375142141952
DivN/A,divN/A,divN/A,divN/A,divN/A,divN/A,False,1818037841588330496
DivN/A,divN/A,divN/A,divN/A,divN/A,divN/A,False,1725656810449772800
DivN/A,divN/A,divN/A,divN/A,divN/A,divN/A,False,1852735893578162176
DivN/A,divN/A,divN/A,divN/A,divN/A,divN/A,False,1869461048828523008
DivN/A,divN/A,divN/A,divN/A,divN/A,divN/A,False,1763337098705162496
DivN/A,divN/A,divN/A,divN/A,divN/A,divN/A,False,1845930495248589312
DivN/A,divN/A,divN/A,divN/A,divN/A,divN/A,False,1846006129953833216
DivN/A,divN/A,divN/A,divN/A,divN/A,divN/A,False,1847079604307010048
DivN/A,divN/A,divN/A,divN/A,divN/A,divN/A,False,1800272519129444352
DivN/A,divN/A,divN/A,divN/A,divN/A,divN/A,False,1856492352648434176
DivN/A,divN/A,divN/A,divN/A,divN/A,divN/A,False,1761883866900439040
DivN/A,divN/A,divN/A,divN/A,divN/A,divN/A,False,1856807299265733120
DivN/A,divN/A,divN/A,divN/A,divN/A,divN/A,False,1823333517234721024
DivN/A,divN/A,divN/A,divN/A,divN/A,divN/A,False,1870212684886483200
DivN/A,divN/A,divN/A,divN/A,divN/A,divN/A,False,1809666140651847936
DivN/A,divN/A,divN/A,divN/A,divN/A,divN/A,False,1881354475644112896
DivN/A,divN/A,divN/A,divN/A,divN/A,divN/A,False,1847833824039678464
DivN/A,divN/A,divN/A,divN/A,divN/A,divN/A,False,1856094870013686016
DivN/A,divN/A,divN/A,divN/A,divN/A,divN/A,False,1692558414105186816
DivN/A,divN/A,divN/A,divN/A,divN/A,divN/A,False,1816174653041250560
DivN/A,divN/A,divN/A,divN/A,divN/A,divN/A,False,1730636908730991104
DivN/A,divN/A,divN/A,divN/A,divN/A,divN/A,False,1879635997673009152
DivN/A,divN/A,divN/A,divN/A,divN/A,divN/A,False,1679162205944827904
DivN/A,divN/A,divN/A,divN/A,divN/A,divN/A,False,1813198830281593344
DivN/A,divN/A,divN/A,divN/A,divN/A,divN/A,False,1875561121698267648
DivN/A,divN/A,divN/A,divN/A,divN/A,divN/A,False,1875905583053955072
DivN/A,divN/A,divN/A,divN/A,divN/A,divN/A,False,1.877838819049e+18
DivN/A,divN/A,divN/A,divN/A,divN/A,divN/A,False,1881490540812018176
DivN/A,divN/A,divN/A,divN/A,divN/A,divN/A,False,1809260939415286016
DivN/A,divN/A,divN/A,divN/A,divN/A,divN/A,False,1823049308230324224
DivN/A,divN/A,divN/A,divN/A,divN/A,divN/A,False,1864069918595183104
DivN/A,divN/A,divN/A,divN/A,divN/A,divN/A,False,1829860220912222464
DivN/A,divN/A,divN/A,divN/A,divN/A,divN/A,False,1792323638223352320
DivN/A,divN/A,divN/A,divN/A,divN/A,divN/A,False,1657573239298588672
Spotify Has Stopped Even Sort of Trying to Stem Joe Rogan’s Vaccine Misinformation. It’s really true ⁦,29.1M,10K,3.2K,16K,938,False,1670040001751445504
DivN/A,divN/A,divN/A,divN/A,divN/A,divN/A,False,1677400868063158272
DivN/A,divN/A,divN/A,divN/A,divN/A,divN/A,False,1813051234611568640
DivN/A,divN/A,divN/A,divN/A,divN/A,divN/A,False,1822651070587265280
DivN/A,divN/A,divN/A,divN/A,divN/A,divN/A,False,1759978005638586624
DivN/A,divN/A,divN/A,divN/A,divN/A,divN/A,False,1859215826425159936
DivN/A,divN/A,divN/A,divN/A,divN/A,divN/A,False,1860100233256189952
DivN/A,divN/A,divN/A,divN/A,divN/A,divN/A,False,1854206931256099328
DivN/A,divN/A,divN/A,divN/A,divN/A,divN/A,False,1816119420995133696
DivN/A,divN/A,divN/A,divN/A,divN/A,divN/A,False,1814643748963295232
DivN/A,divN/A,divN/A,divN/A,divN/A,divN/A,False,1870658941513773056
DivN/A,divN/A,divN/A,divN/A,divN/A,divN/A,False,1817696245785223424
DivN/A,divN/A,divN/A,divN/A,divN/A,divN/A,False,1854670018933670144
DivN/A,divN/A,divN/A,divN/A,divN/A,divN/A,False,1773123613379498240
DivN/A,divN/A,divN/A,divN/A,divN/A,divN/A,False,1769117209811362304
DivN/A,divN/A,divN/A,divN/A,divN/A,divN/A,False,1707367002292052224
DivN/A,divN/A,divN/A,divN/A,divN/A,divN/A,False,1742685644974182656
DivN/A,divN/A,divN/A,divN/A,divN/A,divN/A,False,1813603548078202880
DivN/A,divN/A,divN/A,divN/A,divN/A,divN/A,False,1852743766957838848
DivN/A,divN/A,divN/A,divN/A,divN/A,divN/A,False,1674635153061330944
DivN/A,divN/A,divN/A,divN/A,divN/A,divN/A,False,1802010958828843264
DivN/A,divN/A,divN/A,divN/A,divN/A,divN/A,False,1818959981527416832
DivN/A,divN/A,divN/A,divN/A,divN/A,divN/A,False,1732789961424818688
DivN/A,divN/A,divN/A,divN/A,divN/A,divN/A,False,1813716534499393536
DivN/A,divN/A,divN/A,divN/A,divN/A,divN/A,False,1835448476454556160
DivN/A,divN/A,divN/A,divN/A,divN/A,divN/A,False,1841903483512819712
DivN/A,divN/A,divN/A,divN/A,divN/A,divN/A,False,1867272590760263936
DivN/A,divN/A,divN/A,divN/A,divN/A,divN/A,False,1875641065375711232
DivN/A,divN/A,divN/A,divN/A,divN/A,divN/A,False,1859783150773338112
DivN/A,divN/A,divN/A,divN/A,divN/A,divN/A,False,1674456431863676928
DivN/A,divN/A,divN/A,divN/A,divN/A,divN/A,False,1801374767087501312
DivN/A,divN/A,divN/A,divN/A,divN/A,divN/A,False,1849226967880523776
DivN/A,divN/A,divN/A,divN/A,divN/A,divN/A,False,1818818814089253120
DivN/A,divN/A,divN/A,divN/A,divN/A,divN/A,False,1857871704376099328
DivN/A,divN/A,divN/A,divN/A,divN/A,divN/A,False,1551984522685829120
DivN/A,divN/A,divN/A,divN/A,divN/A,divN/A,False,1871186496541061120
DivN/A,divN/A,divN/A,divN/A,divN/A,divN/A,False,1807493665201197056
DivN/A,divN/A,divN/A,divN/A,divN/A,divN/A,False,1809743785171005696
DivN/A,divN/A,divN/A,divN/A,divN/A,divN/A,False,1767542414128881920
DivN/A,divN/A,divN/A,divN/A,divN/A,divN/A,False,1838857305447616512
DivN/A,divN/A,divN/A,divN/A,divN/A,divN/A,False,1857056253966499840
DivN/A,divN/A,divN/A,divN/A,divN/A,divN/A,False,1871939764922028544
DivN/A,divN/A,divN/A,divN/A,divN/A,divN/A,False,1809689892160696320
DivN/A,divN/A,divN/A,divN/A,divN/A,divN/A,False,1809784765610131456
DivN/A,divN/A,divN/A,divN/A,divN/A,divN/A,False,1879636058402631936
DivN/A,divN/A,divN/A,divN/A,divN/A,divN/A,False,1870932403293659136
DivN/A,divN/A,divN/A,divN/A,divN/A,divN/A,False,1703442022747566080
DivN/A,divN/A,divN/A,divN/A,divN/A,divN/A,False,1824937847582839040
DivN/A,divN/A,divN/A,divN/A,divN/A,divN/A,False,1672204483877535744
DivN/A,divN/A,divN/A,divN/A,divN/A,divN/A,False,1691483026356678656
DivN/A,divN/A,divN/A,divN/A,divN/A,divN/A,False,1727082600747946240
DivN/A,divN/A,divN/A,divN/A,divN/A,divN/A,False,1636800988232433664
DivN/A,divN/A,divN/A,divN/A,divN/A,divN/A,False,1680261096903692288
DivN/A,divN/A,divN/A,divN/A,divN/A,divN/A,False,1726687279815823616
DivN/A,divN/A,divN/A,divN/A,divN/A,divN/A,False,1826237786611200256
DivN/A,divN/A,divN/A,divN/A,divN/A,divN/A,False,1827132389187039744
DivN/A,divN/A,divN/A,divN/A,divN/A,divN/A,False,1815948512854474752
DivN/A,divN/A,divN/A,divN/A,divN/A,divN/A,False,1879246269455139328
DivN/A,divN/A,divN/A,divN/A,divN/A,divN/A,False,1817768956754788352
DivN/A,divN/A,divN/A,divN/A,divN/A,divN/A,False,1812258086293561600
DivN/A,divN/A,divN/A,divN/A,divN/A,divN/A,False,1777153763087626240
DivN/A,divN/A,divN/A,divN/A,divN/A,divN/A,False,1798690227583664640
DivN/A,divN/A,divN/A,divN/A,divN/A,divN/A,False,1827916241316516096
DivN/A,divN/A,divN/A,divN/A,divN/A,divN/A,False,1828262798494667264
DivN/A,divN/A,divN/A,divN/A,divN/A,divN/A,False,1840943305682547200
DivN/A,divN/A,divN/A,divN/A,divN/A,divN/A,False,1842264680334541056
DivN/A,divN/A,divN/A,divN/A,divN/A,divN/A,False,1751171547560030464
DivN/A,divN/A,divN/A,divN/A,divN/A,divN/A,False,1818963345065607424
DivN/A,divN/A,divN/A,divN/A,divN/A,divN/A,False,1849465125570294016
DivN/A,divN/A,divN/A,divN/A,divN/A,divN/A,False,1818936601633759232
DivN/A,divN/A,divN/A,divN/A,divN/A,divN/A,False,1772981738748223744
DivN/A,divN/A,divN/A,divN/A,divN/A,divN/A,False,1841596794968351232
DivN/A,divN/A,divN/A,divN/A,divN/A,divN/A,False,1661046522434449408
DivN/A,divN/A,divN/A,divN/A,divN/A,divN/A,False,1673744027521368064
DivN/A,divN/A,divN/A,divN/A,divN/A,divN/A,False,1680683725460238336
DivN/A,divN/A,divN/A,divN/A,divN/A,divN/A,False,1726639586225332480
DivN/A,divN/A,divN/A,divN/A,divN/A,divN/A,False,1730411926000218624
DivN/A,divN/A,divN/A,divN/A,divN/A,divN/A,False,1735449207220363520
DivN/A,divN/A,divN/A,divN/A,divN/A,divN/A,False,1752066588331680000
DivN/A,divN/A,divN/A,divN/A,divN/A,divN/A,False,1768313949399704064
DivN/A,divN/A,divN/A,divN/A,divN/A,divN/A,False,1776460280400052224
DivN/A,divN/A,divN/A,divN/A,divN/A,divN/A,False,1825996228045246720
DivN/A,divN/A,divN/A,divN/A,divN/A,divN/A,False,1780409807754690560
DivN/A,divN/A,divN/A,divN/A,divN/A,divN/A,False,1877022130665083136
DivN/A,divN/A,divN/A,divN/A,divN/A,divN/A,False,1878137821443072256
DivN/A,divN/A,divN/A,divN/A,divN/A,divN/A,False,1878168657873768960
DivN/A,divN/A,divN/A,divN/A,divN/A,divN/A,False,1848816599261975040
DivN/A,divN/A,divN/A,divN/A,divN/A,divN/A,False,1764784098822750464
DivN/A,divN/A,divN/A,divN/A,divN/A,divN/A,False,1876372323139469312
DivN/A,divN/A,divN/A,divN/A,divN/A,divN/A,False,1875742881358737664
DivN/A,divN/A,divN/A,divN/A,divN/A,divN/A,False,1881752812276891648
DivN/A,divN/A,divN/A,divN/A,divN/A,divN/A,False,1870234976395874304
DivN/A,divN/A,divN/A,divN/A,divN/A,divN/A,False,1879943165240816128
DivN/A,divN/A,divN/A,divN/A,divN/A,divN/A,False,1676996947163348992
DivN/A,divN/A,divN/A,divN/A,divN/A,divN/A,False,1796693447618760960
DivN/A,divN/A,divN/A,divN/A,divN/A,divN/A,False,1872625254788722944
DivN/A,divN/A,divN/A,divN/A,divN/A,divN/A,False,1802098777257623552
DivN/A,divN/A,divN/A,divN/A,divN/A,divN/A,False,1850609987242103040
DivN/A,divN/A,divN/A,divN/A,divN/A,divN/A,False,1829186852181409792
DivN/A,divN/A,divN/A,divN/A,divN/A,divN/A,False,1852531624094625792
DivN/A,divN/A,divN/A,divN/A,divN/A,divN/A,False,1757136140350398464
DivN/A,divN/A,divN/A,divN/A,divN/A,divN/A,False,1819077715821285888
DivN/A,divN/A,divN/A,divN/A,divN/A,divN/A,False,1877794394394227200
DivN/A,divN/A,divN/A,divN/A,divN/A,divN/A,False,1876323014746534400
DivN/A,divN/A,divN/A,divN/A,divN/A,divN/A,False,1803810878430572800
DivN/A,divN/A,divN/A,divN/A,divN/A,divN/A,False,1868428354971717632
DivN/A,divN/A,divN/A,divN/A,divN/A,divN/A,False,1877526954817044480
DivN/A,divN/A,divN/A,divN/A,divN/A,divN/A,False,1879603332785819904
DivN/A,divN/A,divN/A,divN/A,divN/A,divN/A,False,1866891445652910336
DivN/A,divN/A,divN/A,divN/A,divN/A,divN/A,False,1859835132527641088
DivN/A,divN/A,divN/A,divN/A,divN/A,divN/A,False,1867270129979113472
DivN/A,divN/A,divN/A,divN/A,divN/A,divN/A,False,1870701491625087488
DivN/A,divN/A,divN/A,divN/A,divN/A,divN/A,False,1840031732482851328
DivN/A,divN/A,divN/A,divN/A,divN/A,divN/A,False,1823461484468318464
DivN/A,divN/A,divN/A,divN/A,divN/A,divN/A,False,1881671012900802816
DivN/A,divN/A,divN/A,divN/A,divN/A,divN/A,False,1856857283910660608
DivN/A,divN/A,divN/A,divN/A,divN/A,divN/A,False,1820957411378704896
DivN/A,divN/A,divN/A,divN/A,divN/A,divN/A,False,1830140465640886784
DivN/A,divN/A,divN/A,divN/A,divN/A,divN/A,False,1847032999852101632
DivN/A,divN/A,divN/A,divN/A,divN/A,divN/A,False,1881328949021573376
DivN/A,divN/A,divN/A,divN/A,divN/A,divN/A,False,1802127167666470912
DivN/A,divN/A,divN/A,divN/A,divN/A,divN/A,False,1816131904053076224
DivN/A,divN/A,divN/A,divN/A,divN/A,divN/A,False,1724936047489167872
DivN/A,divN/A,divN/A,divN/A,divN/A,divN/A,False,1745110176372339200
DivN/A,divN/A,divN/A,divN/A,divN/A,divN/A,False,1862127644222832896
DivN/A,divN/A,divN/A,divN/A,divN/A,divN/A,False,1872312139945234432
DivN/A,divN/A,divN/A,divN/A,divN/A,divN/A,False,1840605440863817984
DivN/A,divN/A,divN/A,divN/A,divN/A,divN/A,False,1781779896580088320
DivN/A,divN/A,divN/A,divN/A,divN/A,divN/A,False,1779285783234642176
DivN/A,divN/A,divN/A,divN/A,divN/A,divN/A,False,1832641793554608640
DivN/A,divN/A,divN/A,divN/A,divN/A,divN/A,False,1873417011294093312
DivN/A,divN/A,divN/A,divN/A,divN/A,divN/A,False,1686740866428174336
DivN/A,divN/A,divN/A,divN/A,divN/A,divN/A,False,1815801282742915584
DivN/A,divN/A,divN/A,divN/A,divN/A,divN/A,False,1824839784852013056
DivN/A,divN/A,divN/A,divN/A,divN/A,divN/A,False,1824819053061669120
DivN/A,divN/A,divN/A,divN/A,divN/A,divN/A,False,1828616319228391680
DivN/A,divN/A,divN/A,divN/A,divN/A,divN/A,False,1829256147225977344
DivN/A,divN/A,divN/A,divN/A,divN/A,divN/A,False,1833180704869625856
DivN/A,divN/A,divN/A,divN/A,divN/A,divN/A,False,1833147988765478912
DivN/A,divN/A,divN/A,divN/A,divN/A,divN/A,False,1849137011875062016
DivN/A,divN/A,divN/A,divN/A,divN/A,divN/A,False,1849136797877494016
DivN/A,divN/A,divN/A,divN/A,divN/A,divN/A,False,1849142527191916544
DivN/A,divN/A,divN/A,divN/A,divN/A,divN/A,False,1852420352699240960
DivN/A,divN/A,divN/A,divN/A,divN/A,divN/A,False,1866272797841867264
DivN/A,divN/A,divN/A,divN/A,divN/A,divN/A,False,1816703942723543296
DivN/A,divN/A,divN/A,divN/A,divN/A,divN/A,False,1790145016494436352
DivN/A,divN/A,divN/A,divN/A,divN/A,divN/A,False,1.855575439391e+18
DivN/A,divN/A,divN/A,divN/A,divN/A,divN/A,False,1855615055636697600
DivN/A,divN/A,divN/A,divN/A,divN/A,divN/A,False,1871229412114661376
DivN/A,divN/A,divN/A,divN/A,divN/A,divN/A,False,1854581689411846400
DivN/A,divN/A,divN/A,divN/A,divN/A,divN/A,False,1773365487059005440
DivN/A,divN/A,divN/A,divN/A,divN/A,divN/A,False,1873980231675183360
DivN/A,divN/A,divN/A,divN/A,divN/A,divN/A,False,1759937863854989824
DivN/A,divN/A,divN/A,divN/A,divN/A,divN/A,False,1855011230718571008
DivN/A,divN/A,divN/A,divN/A,divN/A,divN/A,False,1824635772558823680
DivN/A,divN/A,divN/A,divN/A,divN/A,divN/A,False,1835993851284128000
DivN/A,divN/A,divN/A,divN/A,divN/A,divN/A,False,1852344024671088896
DivN/A,divN/A,divN/A,divN/A,divN/A,divN/A,False,1836073476127687168
DivN/A,divN/A,divN/A,divN/A,divN/A,divN/A,False,1787711987511701760
DivN/A,divN/A,divN/A,divN/A,divN/A,divN/A,False,1822260821801538048
DivN/A,divN/A,divN/A,divN/A,divN/A,divN/A,False,1824536627726913536
DivN/A,divN/A,divN/A,divN/A,divN/A,divN/A,False,1824975575259193600
DivN/A,divN/A,divN/A,divN/A,divN/A,divN/A,False,1868348133044056320
DivN/A,divN/A,divN/A,divN/A,divN/A,divN/A,False,1873124743119028736
DivN/A,divN/A,divN/A,divN/A,divN/A,divN/A,False,1763001905817829376
DivN/A,divN/A,divN/A,divN/A,divN/A,divN/A,False,1877525664040988672
DivN/A,divN/A,divN/A,divN/A,divN/A,divN/A,False,1795096202842681600
DivN/A,divN/A,divN/A,divN/A,divN/A,divN/A,False,1869271986880552960
DivN/A,divN/A,divN/A,divN/A,divN/A,divN/A,False,1859740216338321664
DivN/A,divN/A,divN/A,divN/A,divN/A,divN/A,False,1804643698178711552
DivN/A,divN/A,divN/A,divN/A,divN/A,divN/A,False,1829624971909357568
DivN/A,divN/A,divN/A,divN/A,divN/A,divN/A,False,1829627847960404224
DivN/A,divN/A,divN/A,divN/A,divN/A,divN/A,False,1852119376423719424
DivN/A,divN/A,divN/A,divN/A,divN/A,divN/A,False,1878244066334285824
DivN/A,divN/A,divN/A,divN/A,divN/A,divN/A,False,1862711450772414720
DivN/A,divN/A,divN/A,divN/A,divN/A,divN/A,False,1878206506635579392
DivN/A,divN/A,divN/A,divN/A,divN/A,divN/A,False,1741771320801538560
DivN/A,divN/A,divN/A,divN/A,divN/A,divN/A,False,1827540616282055168
DivN/A,divN/A,divN/A,divN/A,divN/A,divN/A,False,1871830656054906880
DivN/A,divN/A,divN/A,divN/A,divN/A,divN/A,False,1874908371121574144
DivN/A,divN/A,divN/A,divN/A,divN/A,divN/A,False,1839132221346652160
DivN/A,divN/A,divN/A,divN/A,divN/A,divN/A,False,1834352961054802176
DivN/A,divN/A,divN/A,divN/A,divN/A,divN/A,False,1829648832235446784
DivN/A,divN/A,divN/A,divN/A,divN/A,divN/A,False,1829664223892480000
DivN/A,divN/A,divN/A,divN/A,divN/A,divN/A,False,1830495696757084160
DivN/A,divN/A,divN/A,divN/A,divN/A,divN/A,False,1830637956723532288
DivN/A,divN/A,divN/A,divN/A,divN/A,divN/A,False,1830651223722119424
DivN/A,divN/A,divN/A,divN/A,divN/A,divN/A,False,1831053118265843712
DivN/A,divN/A,divN/A,divN/A,divN/A,divN/A,False,1831173295846379520
DivN/A,divN/A,divN/A,divN/A,divN/A,divN/A,False,1876174862747930624
DivN/A,divN/A,divN/A,divN/A,divN/A,divN/A,False,1881449113356738816
DivN/A,divN/A,divN/A,divN/A,divN/A,divN/A,False,1842091235508379648
DivN/A,divN/A,divN/A,divN/A,divN/A,divN/A,False,1733080446672457984
DivN/A,divN/A,divN/A,divN/A,divN/A,divN/A,False,1743008298830364672
DivN/A,divN/A,divN/A,divN/A,divN/A,divN/A,False,1821933976874856960
DivN/A,divN/A,divN/A,divN/A,divN/A,divN/A,False,1841853402499654144
DivN/A,divN/A,divN/A,divN/A,divN/A,divN/A,False,1780039918737121536
DivN/A,divN/A,divN/A,divN/A,divN/A,divN/A,False,1798477148866371840
DivN/A,divN/A,divN/A,divN/A,divN/A,divN/A,False,1871633051811520512
DivN/A,divN/A,divN/A,divN/A,divN/A,divN/A,False,1866213741219704832
DivN/A,divN/A,divN/A,divN/A,divN/A,divN/A,False,1868352116961558784
DivN/A,divN/A,divN/A,divN/A,divN/A,divN/A,False,1869909589006921984
DivN/A,divN/A,divN/A,divN/A,divN/A,divN/A,False,1881433205867491584
DivN/A,divN/A,divN/A,divN/A,divN/A,divN/A,False,1881433327779168768
DivN/A,divN/A,divN/A,divN/A,divN/A,divN/A,False,1881431997891096576
DivN/A,divN/A,divN/A,divN/A,divN/A,divN/A,False,1881434025581305856
DivN/A,divN/A,divN/A,divN/A,divN/A,divN/A,False,1865589420658713088
DivN/A,divN/A,divN/A,divN/A,divN/A,divN/A,False,1769692006551593216
DivN/A,divN/A,divN/A,divN/A,divN/A,divN/A,False,1861296328170708992
DivN/A,divN/A,divN/A,divN/A,divN/A,divN/A,False,1876455624424185856
DivN/A,divN/A,divN/A,divN/A,divN/A,divN/A,False,1835368720484683776
DivN/A,divN/A,divN/A,divN/A,divN/A,divN/A,False,1874576453922115840
DivN/A,divN/A,divN/A,divN/A,divN/A,divN/A,False,1819821233787314176
DivN/A,divN/A,divN/A,divN/A,divN/A,divN/A,False,1820465314578219264
DivN/A,divN/A,divN/A,divN/A,divN/A,divN/A,False,1868110535037968640
DivN/A,divN/A,divN/A,divN/A,divN/A,divN/A,False,1654968316673286144
DivN/A,divN/A,divN/A,divN/A,divN/A,divN/A,False,1880762377869894144
DivN/A,divN/A,divN/A,divN/A,divN/A,divN/A,False,1778401720445354496
DivN/A,divN/A,divN/A,divN/A,divN/A,divN/A,False,1815017219807449600
DivN/A,divN/A,divN/A,divN/A,divN/A,divN/A,False,1854356609385878016
DivN/A,divN/A,divN/A,divN/A,divN/A,divN/A,False,1857531129638617600
DivN/A,divN/A,divN/A,divN/A,divN/A,divN/A,False,1852807444541432064
DivN/A,divN/A,divN/A,divN/A,divN/A,divN/A,False,1879312259349930240
DivN/A,divN/A,divN/A,divN/A,divN/A,divN/A,False,1783636098666680576
DivN/A,divN/A,divN/A,divN/A,divN/A,divN/A,False,1827094584775622656
DivN/A,divN/A,divN/A,divN/A,divN/A,divN/A,False,1822018729334730752
DivN/A,divN/A,divN/A,divN/A,divN/A,divN/A,False,1878627587691524608
DivN/A,divN/A,divN/A,divN/A,divN/A,divN/A,False,1833865787385225216
DivN/A,divN/A,divN/A,divN/A,divN/A,divN/A,False,1878637817531912192
DivN/A,divN/A,divN/A,divN/A,divN/A,divN/A,False,1865948732732362752
DivN/A,divN/A,divN/A,divN/A,divN/A,divN/A,False,1824553748187771136
DivN/A,divN/A,divN/A,divN/A,divN/A,divN/A,False,1852951337979306240
DivN/A,divN/A,divN/A,divN/A,divN/A,divN/A,False,1817159134896177152
DivN/A,divN/A,divN/A,divN/A,divN/A,divN/A,False,1731737915472896000
DivN/A,divN/A,divN/A,divN/A,divN/A,divN/A,False,1736407306311475200
DivN/A,divN/A,divN/A,divN/A,divN/A,divN/A,False,1830613005283008512
DivN/A,divN/A,divN/A,divN/A,divN/A,divN/A,False,1875806670426927104
DivN/A,divN/A,divN/A,divN/A,divN/A,divN/A,False,1836171892035592192
DivN/A,divN/A,divN/A,divN/A,divN/A,divN/A,False,1847065517439504384
DivN/A,divN/A,divN/A,divN/A,divN/A,divN/A,False,1827722601864544256
DivN/A,divN/A,divN/A,divN/A,divN/A,divN/A,False,1852798584766541824
DivN/A,divN/A,divN/A,divN/A,divN/A,divN/A,False,1757924482885583104
DivN/A,divN/A,divN/A,divN/A,divN/A,divN/A,False,1867229999373410560
DivN/A,divN/A,divN/A,divN/A,divN/A,divN/A,False,1789437356526768640
DivN/A,divN/A,divN/A,divN/A,divN/A,divN/A,False,1828077245606342656
DivN/A,divN/A,divN/A,divN/A,divN/A,divN/A,False,1784551582484353280
DivN/A,divN/A,divN/A,divN/A,divN/A,divN/A,False,1798082031492206592
DivN/A,divN/A,divN/A,divN/A,divN/A,divN/A,False,1843489545897013248
DivN/A,divN/A,divN/A,divN/A,divN/A,divN/A,False,1881131026371444736
DivN/A,divN/A,divN/A,divN/A,divN/A,divN/A,False,1852049580944429824
DivN/A,divN/A,divN/A,divN/A,divN/A,divN/A,False,1781330862115610880
DivN/A,divN/A,divN/A,divN/A,divN/A,divN/A,False,1841231205737644032
DivN/A,divN/A,divN/A,divN/A,divN/A,divN/A,False,1760516729783148544
DivN/A,divN/A,divN/A,divN/A,divN/A,divN/A,False,1822299630266183680
DivN/A,divN/A,divN/A,divN/A,divN/A,divN/A,False,1870124860380172288
DivN/A,divN/A,divN/A,divN/A,divN/A,divN/A,False,1742548322550698240
DivN/A,divN/A,divN/A,divN/A,divN/A,divN/A,False,1816427307424194560
DivN/A,divN/A,divN/A,divN/A,divN/A,divN/A,False,1813251458407756288
DivN/A,divN/A,divN/A,divN/A,divN/A,divN/A,False,1861782227660484864
DivN/A,divN/A,divN/A,divN/A,divN/A,divN/A,False,1752786076320600576
DivN/A,divN/A,divN/A,divN/A,divN/A,divN/A,False,1786233302346514432
DivN/A,divN/A,divN/A,divN/A,divN/A,divN/A,False,1783927136224501760
DivN/A,divN/A,divN/A,divN/A,divN/A,divN/A,False,1.848159425712e+18
DivN/A,divN/A,divN/A,divN/A,divN/A,divN/A,False,1864581343772070144
DivN/A,divN/A,divN/A,divN/A,divN/A,divN/A,False,1791822893006946816
DivN/A,divN/A,divN/A,divN/A,divN/A,divN/A,False,1848399775260963328
DivN/A,divN/A,divN/A,divN/A,divN/A,divN/A,False,1748436119144788224
DivN/A,divN/A,divN/A,divN/A,divN/A,divN/A,False,1822247751284908032
DivN/A,divN/A,divN/A,divN/A,divN/A,divN/A,False,1752491924848820480
DivN/A,divN/A,divN/A,divN/A,divN/A,divN/A,False,1767613281596784640
DivN/A,divN/A,divN/A,divN/A,divN/A,divN/A,False,1651963786545319936
DivN/A,divN/A,divN/A,divN/A,divN/A,divN/A,False,1804709620205728000
DivN/A,divN/A,divN/A,divN/A,divN/A,divN/A,False,1826627888512467200
DivN/A,divN/A,divN/A,divN/A,divN/A,divN/A,False,1764342809018933504
DivN/A,divN/A,divN/A,divN/A,divN/A,divN/A,False,1823462030629863424
DivN/A,divN/A,divN/A,divN/A,divN/A,divN/A,False,1741889062556889344
DivN/A,divN/A,divN/A,divN/A,divN/A,divN/A,False,1868000735360905216
DivN/A,divN/A,divN/A,divN/A,divN/A,divN/A,False,1823152153445405184
DivN/A,divN/A,divN/A,divN/A,divN/A,divN/A,False,1852832773712863744
DivN/A,divN/A,divN/A,divN/A,divN/A,divN/A,False,1822734751641305344
DivN/A,divN/A,divN/A,divN/A,divN/A,divN/A,False,1795597706385338624
DivN/A,divN/A,divN/A,divN/A,divN/A,divN/A,False,1.797014726574e+18
DivN/A,divN/A,divN/A,divN/A,divN/A,divN/A,False,1692260704068292864
DivN/A,divN/A,divN/A,divN/A,divN/A,divN/A,False,1869136583645118976
DivN/A,divN/A,divN/A,divN/A,divN/A,divN/A,False,1853975959906680832
DivN/A,divN/A,divN/A,divN/A,divN/A,divN/A,False,1849522320504762624
DivN/A,divN/A,divN/A,divN/A,divN/A,divN/A,False,1875482430955532800
DivN/A,divN/A,divN/A,divN/A,divN/A,divN/A,False,1870575038480712192
DivN/A,divN/A,divN/A,divN/A,divN/A,divN/A,False,1817905351880020480
DivN/A,divN/A,divN/A,divN/A,divN/A,divN/A,False,1818986936310075904
DivN/A,divN/A,divN/A,divN/A,divN/A,divN/A,False,1830622162362745344
DivN/A,divN/A,divN/A,divN/A,divN/A,divN/A,False,1842132421577441792
DivN/A,divN/A,divN/A,divN/A,divN/A,divN/A,False,1714366541553103104
DivN/A,divN/A,divN/A,divN/A,divN/A,divN/A,False,1840395813282804224
DivN/A,divN/A,divN/A,divN/A,divN/A,divN/A,False,1742373480023101696
DivN/A,divN/A,divN/A,divN/A,divN/A,divN/A,False,1848489608264180224
DivN/A,divN/A,divN/A,divN/A,divN/A,divN/A,False,1730650140229201920
DivN/A,divN/A,divN/A,divN/A,divN/A,divN/A,False,1730572287294730496
DivN/A,divN/A,divN/A,divN/A,divN/A,divN/A,False,1791295815157186816
DivN/A,divN/A,divN/A,divN/A,divN/A,divN/A,False,1852033066157441280
DivN/A,divN/A,divN/A,divN/A,divN/A,divN/A,False,1847332277149135104
DivN/A,divN/A,divN/A,divN/A,divN/A,divN/A,False,1853926328380367104
DivN/A,divN/A,divN/A,divN/A,divN/A,divN/A,False,1833999121205563392
DivN/A,divN/A,divN/A,divN/A,divN/A,divN/A,False,1836093451429122560
DivN/A,divN/A,divN/A,divN/A,divN/A,divN/A,False,1850669324186649088
DivN/A,divN/A,divN/A,divN/A,divN/A,divN/A,False,1701200162683580928
DivN/A,divN/A,divN/A,divN/A,divN/A,divN/A,False,1784833862931022336
DivN/A,divN/A,divN/A,divN/A,divN/A,divN/A,False,1836148149313835520
DivN/A,divN/A,divN/A,divN/A,divN/A,divN/A,False,1815735148970717696
DivN/A,divN/A,divN/A,divN/A,divN/A,divN/A,False,1753907198177251584
DivN/A,divN/A,divN/A,divN/A,divN/A,divN/A,False,1875919803913019392
DivN/A,divN/A,divN/A,divN/A,divN/A,divN/A,False,1872266849913569280
DivN/A,divN/A,divN/A,divN/A,divN/A,divN/A,False,1878278893649474048
DivN/A,divN/A,divN/A,divN/A,divN/A,divN/A,False,1815400658847269376
DivN/A,divN/A,divN/A,divN/A,divN/A,divN/A,False,1821605143689019392
DivN/A,divN/A,divN/A,divN/A,divN/A,divN/A,False,1842554014749360640
DivN/A,divN/A,divN/A,divN/A,divN/A,divN/A,False,1748974334754849024
DivN/A,divN/A,divN/A,divN/A,divN/A,divN/A,False,1796301496528814080
DivN/A,divN/A,divN/A,divN/A,divN/A,divN/A,False,1879649330757583360
DivN/A,divN/A,divN/A,divN/A,divN/A,divN/A,False,1755254865759293440
DivN/A,divN/A,divN/A,divN/A,divN/A,divN/A,False,1715355502337499136
DivN/A,divN/A,divN/A,divN/A,divN/A,divN/A,False,1812435914473295872
DivN/A,divN/A,divN/A,divN/A,divN/A,divN/A,False,1760270122848322048
DivN/A,divN/A,divN/A,divN/A,divN/A,divN/A,False,1717916845859078400
DivN/A,divN/A,divN/A,divN/A,divN/A,divN/A,False,1811783320839008256
DivN/A,divN/A,divN/A,divN/A,divN/A,divN/A,False,1828927343483912192
DivN/A,divN/A,divN/A,divN/A,divN/A,divN/A,False,1727429823717671424
DivN/A,divN/A,divN/A,divN/A,divN/A,divN/A,False,1727770149317455872
DivN/A,divN/A,divN/A,divN/A,divN/A,divN/A,False,1759389412616544768
DivN/A,divN/A,divN/A,divN/A,divN/A,divN/A,False,1766507286556471808
DivN/A,divN/A,divN/A,divN/A,divN/A,divN/A,False,1844350050656452864
DivN/A,divN/A,divN/A,divN/A,divN/A,divN/A,False,1846918916745900032
DivN/A,divN/A,divN/A,divN/A,divN/A,divN/A,False,1818770747692925184
DivN/A,divN/A,divN/A,divN/A,divN/A,divN/A,False,1816850542208876800
DivN/A,divN/A,divN/A,divN/A,divN/A,divN/A,False,1834635674164904448
DivN/A,divN/A,divN/A,divN/A,divN/A,divN/A,False,1877886897055531008
DivN/A,divN/A,divN/A,divN/A,divN/A,divN/A,False,1752499575464903168
DivN/A,divN/A,divN/A,divN/A,divN/A,divN/A,False,1810290039974146304
DivN/A,divN/A,divN/A,divN/A,divN/A,divN/A,False,1758757003780874240
DivN/A,divN/A,divN/A,divN/A,divN/A,divN/A,False,1802721684585107968
DivN/A,divN/A,divN/A,divN/A,divN/A,divN/A,False,1683852156749729792
DivN/A,divN/A,divN/A,divN/A,divN/A,divN/A,False,1854565492503314944
DivN/A,divN/A,divN/A,divN/A,divN/A,divN/A,False,1847617878108889088
DivN/A,divN/A,divN/A,divN/A,divN/A,divN/A,False,1850522525031158016
DivN/A,divN/A,divN/A,divN/A,divN/A,divN/A,False,1850989621401837824
DivN/A,divN/A,divN/A,divN/A,divN/A,divN/A,False,1854701760385872384
DivN/A,divN/A,divN/A,divN/A,divN/A,divN/A,False,1859563977455366400
DivN/A,divN/A,divN/A,divN/A,divN/A,divN/A,False,1775835018218082816
DivN/A,divN/A,divN/A,divN/A,divN/A,divN/A,False,1822160925484302336
DivN/A,divN/A,divN/A,divN/A,divN/A,divN/A,False,1874657575637221888
DivN/A,divN/A,divN/A,divN/A,divN/A,divN/A,False,1822381755782889472
DivN/A,divN/A,divN/A,divN/A,divN/A,divN/A,False,1742066601443418112
DivN/A,divN/A,divN/A,divN/A,divN/A,divN/A,False,1748367371533009408
DivN/A,divN/A,divN/A,divN/A,divN/A,divN/A,False,1853998260538740736
DivN/A,divN/A,divN/A,divN/A,divN/A,divN/A,False,1848994014218904064
DivN/A,divN/A,divN/A,divN/A,divN/A,divN/A,False,1882427199774695680
DivN/A,divN/A,divN/A,divN/A,divN/A,divN/A,False,1818617398838411520
DivN/A,divN/A,divN/A,divN/A,divN/A,divN/A,False,1828190048593834240
DivN/A,divN/A,divN/A,divN/A,divN/A,divN/A,False,1852405003954335744
DivN/A,divN/A,divN/A,divN/A,divN/A,divN/A,False,1856843981579325440
DivN/A,divN/A,divN/A,divN/A,divN/A,divN/A,False,1803500803375898624
DivN/A,divN/A,divN/A,divN/A,divN/A,divN/A,False,1879579065117487616
DivN/A,divN/A,divN/A,divN/A,divN/A,divN/A,False,1875898350467457280
DivN/A,divN/A,divN/A,divN/A,divN/A,divN/A,False,1821480072441635328
DivN/A,divN/A,divN/A,divN/A,divN/A,divN/A,False,1820550510757433856
DivN/A,divN/A,divN/A,divN/A,divN/A,divN/A,False,1821698367421821440
DivN/A,divN/A,divN/A,divN/A,divN/A,divN/A,False,1871511312359944192
DivN/A,divN/A,divN/A,divN/A,divN/A,divN/A,False,1785649641964323328
DivN/A,divN/A,divN/A,divN/A,divN/A,divN/A,False,1706771876880716288
DivN/A,divN/A,divN/A,divN/A,divN/A,divN/A,False,1752060088913661952
DivN/A,divN/A,divN/A,divN/A,divN/A,divN/A,False,1833864928232722432
DivN/A,divN/A,divN/A,divN/A,divN/A,divN/A,False,1876346398851174656
DivN/A,divN/A,divN/A,divN/A,divN/A,divN/A,False,1779447009016987904
DivN/A,divN/A,divN/A,divN/A,divN/A,divN/A,False,1777697750764658944
DivN/A,divN/A,divN/A,divN/A,divN/A,divN/A,False,1805253626551496960
DivN/A,divN/A,divN/A,divN/A,divN/A,divN/A,False,1776282144416972800
DivN/A,divN/A,divN/A,divN/A,divN/A,divN/A,False,1801264223080558592
DivN/A,divN/A,divN/A,divN/A,divN/A,divN/A,False,1869459369559224832
DivN/A,divN/A,divN/A,divN/A,divN/A,divN/A,False,1869459012691107840
DivN/A,divN/A,divN/A,divN/A,divN/A,divN/A,False,1874924184608047104
DivN/A,divN/A,divN/A,divN/A,divN/A,divN/A,False,1819753882391597568
DivN/A,divN/A,divN/A,divN/A,divN/A,divN/A,False,1819852650726187520
DivN/A,divN/A,divN/A,divN/A,divN/A,divN/A,False,1875978535611109376
DivN/A,divN/A,divN/A,divN/A,divN/A,divN/A,False,1777801342318182656
DivN/A,divN/A,divN/A,divN/A,divN/A,divN/A,False,1846062782027854080
DivN/A,divN/A,divN/A,divN/A,divN/A,divN/A,False,1848136460114809344
DivN/A,divN/A,divN/A,divN/A,divN/A,divN/A,False,1804509454861565952
DivN/A,divN/A,divN/A,divN/A,divN/A,divN/A,False,1804508736754491904
DivN/A,divN/A,divN/A,divN/A,divN/A,divN/A,False,1787410208995897600
DivN/A,divN/A,divN/A,divN/A,divN/A,divN/A,False,1828160428154966528
DivN/A,divN/A,divN/A,divN/A,divN/A,divN/A,False,1870652584169480192
DivN/A,divN/A,divN/A,divN/A,divN/A,divN/A,False,1847365104808993024
DivN/A,divN/A,divN/A,divN/A,divN/A,divN/A,False,1880309343779975424
DivN/A,divN/A,divN/A,divN/A,divN/A,divN/A,False,1673311525086597120
DivN/A,divN/A,divN/A,divN/A,divN/A,divN/A,False,1860721662087610624
DivN/A,divN/A,divN/A,divN/A,divN/A,divN/A,False,1839373974288933120
DivN/A,divN/A,divN/A,divN/A,divN/A,divN/A,False,1859478264177115648
DivN/A,divN/A,divN/A,divN/A,divN/A,divN/A,False,1877743988112777728
DivN/A,divN/A,divN/A,divN/A,divN/A,divN/A,False,1815378765490671616
DivN/A,divN/A,divN/A,divN/A,divN/A,divN/A,False,1854089861399269376
DivN/A,divN/A,divN/A,divN/A,divN/A,divN/A,False,1871779512071135744
DivN/A,divN/A,divN/A,divN/A,divN/A,divN/A,False,1853809081577812480
DivN/A,divN/A,divN/A,divN/A,divN/A,divN/A,False,1808126923819614464
DivN/A,divN/A,divN/A,divN/A,divN/A,divN/A,False,1880634678388093184
DivN/A,divN/A,divN/A,divN/A,divN/A,divN/A,False,1842746629410976000
DivN/A,divN/A,divN/A,divN/A,divN/A,divN/A,False,1881508852258267648
DivN/A,divN/A,divN/A,divN/A,divN/A,divN/A,False,1834392633910636544
DivN/A,divN/A,divN/A,divN/A,divN/A,divN/A,False,1808939202811474176
DivN/A,divN/A,divN/A,divN/A,divN/A,divN/A,False,1851750754094043136
DivN/A,divN/A,divN/A,divN/A,divN/A,divN/A,False,1800596642367758336
DivN/A,divN/A,divN/A,divN/A,divN/A,divN/A,False,1722752303843700736
DivN/A,divN/A,divN/A,divN/A,divN/A,divN/A,False,1841818087793815552
DivN/A,divN/A,divN/A,divN/A,divN/A,divN/A,False,1856377588303720704
DivN/A,divN/A,divN/A,divN/A,divN/A,divN/A,False,1750938629730361856
DivN/A,divN/A,divN/A,divN/A,divN/A,divN/A,False,1848210142975885312
DivN/A,divN/A,divN/A,divN/A,divN/A,divN/A,False,1793750675316244736
DivN/A,divN/A,divN/A,divN/A,divN/A,divN/A,False,1879183954370256896
DivN/A,divN/A,divN/A,divN/A,divN/A,divN/A,False,1846407354520117760
DivN/A,divN/A,divN/A,divN/A,divN/A,divN/A,False,1820971325869158656
DivN/A,divN/A,divN/A,divN/A,divN/A,divN/A,False,1862271491468828672
DivN/A,divN/A,divN/A,divN/A,divN/A,divN/A,False,1852053494615937280
DivN/A,divN/A,divN/A,divN/A,divN/A,divN/A,False,1720574880557539840
DivN/A,divN/A,divN/A,divN/A,divN/A,divN/A,False,1822220051073716480
DivN/A,divN/A,divN/A,divN/A,divN/A,divN/A,False,1869946914138988800
DivN/A,divN/A,divN/A,divN/A,divN/A,divN/A,False,1809639846937579776
DivN/A,divN/A,divN/A,divN/A,divN/A,divN/A,False,1813935925757620480
DivN/A,divN/A,divN/A,divN/A,divN/A,divN/A,False,1791916829201600512
DivN/A,divN/A,divN/A,divN/A,divN/A,divN/A,False,1807774973047758848
DivN/A,divN/A,divN/A,divN/A,divN/A,divN/A,False,1723343655467991296
DivN/A,divN/A,divN/A,divN/A,divN/A,divN/A,False,1724588372994215936
DivN/A,divN/A,divN/A,divN/A,divN/A,divN/A,False,1850693791201522176
DivN/A,divN/A,divN/A,divN/A,divN/A,divN/A,False,1861525252356088064
DivN/A,divN/A,divN/A,divN/A,divN/A,divN/A,False,1858242971373637632
DivN/A,divN/A,divN/A,divN/A,divN/A,divN/A,False,1850613597304455424
DivN/A,divN/A,divN/A,divN/A,divN/A,divN/A,False,1753837756793466880
DivN/A,divN/A,divN/A,divN/A,divN/A,divN/A,False,1723041906031047168
DivN/A,divN/A,divN/A,divN/A,divN/A,divN/A,False,1834345125696204800
DivN/A,divN/A,divN/A,divN/A,divN/A,divN/A,False,1870986897155399680
DivN/A,divN/A,divN/A,divN/A,divN/A,divN/A,False,1866177083485073664
DivN/A,divN/A,divN/A,divN/A,divN/A,divN/A,False,1872669202093592576
DivN/A,divN/A,divN/A,divN/A,divN/A,divN/A,False,1877583337201754112
DivN/A,divN/A,divN/A,divN/A,divN/A,divN/A,False,1816360430069076224
DivN/A,divN/A,divN/A,divN/A,divN/A,divN/A,False,1875763293161451520
DivN/A,divN/A,divN/A,divN/A,divN/A,divN/A,False,1798969474466624000
DivN/A,divN/A,divN/A,divN/A,divN/A,divN/A,False,1817740643537760256
DivN/A,divN/A,divN/A,divN/A,divN/A,divN/A,False,1799510802778480896
DivN/A,divN/A,divN/A,divN/A,divN/A,divN/A,False,1787833632268091392
DivN/A,divN/A,divN/A,divN/A,divN/A,divN/A,False,1699883006557626624
DivN/A,divN/A,divN/A,divN/A,divN/A,divN/A,False,1829296715989414400
DivN/A,divN/A,divN/A,divN/A,divN/A,divN/A,False,1829310109639655680
DivN/A,divN/A,divN/A,divN/A,divN/A,divN/A,False,1876712025725796864
DivN/A,divN/A,divN/A,divN/A,divN/A,divN/A,False,1745610890479604224
DivN/A,divN/A,divN/A,divN/A,divN/A,divN/A,False,1813994964751434240
DivN/A,divN/A,divN/A,divN/A,divN/A,divN/A,False,1857899168410243072
DivN/A,divN/A,divN/A,divN/A,divN/A,divN/A,False,1873142003560767744
DivN/A,divN/A,divN/A,divN/A,divN/A,divN/A,False,1720844002520396288
DivN/A,divN/A,divN/A,divN/A,divN/A,divN/A,False,1785825611224592640
DivN/A,divN/A,divN/A,divN/A,divN/A,divN/A,False,1830927868244693504
DivN/A,divN/A,divN/A,divN/A,divN/A,divN/A,False,1793678530146136576
DivN/A,divN/A,divN/A,divN/A,divN/A,divN/A,False,1791925229268148480
DivN/A,divN/A,divN/A,divN/A,divN/A,divN/A,False,1853546251515564544
DivN/A,divN/A,divN/A,divN/A,divN/A,divN/A,False,1861548041322279424
DivN/A,divN/A,divN/A,divN/A,divN/A,divN/A,False,1866330994489630976
DivN/A,divN/A,divN/A,divN/A,divN/A,divN/A,False,1824571521442124288
DivN/A,divN/A,divN/A,divN/A,divN/A,divN/A,False,1879201704207601664
DivN/A,divN/A,divN/A,divN/A,divN/A,divN/A,False,1881368330277454080
DivN/A,divN/A,divN/A,divN/A,divN/A,divN/A,False,1798697545201569792
DivN/A,divN/A,divN/A,divN/A,divN/A,divN/A,False,1850328796961849600
DivN/A,divN/A,divN/A,divN/A,divN/A,divN/A,False,1819444307100848640
DivN/A,divN/A,divN/A,divN/A,divN/A,divN/A,False,1723259209809092864
DivN/A,divN/A,divN/A,divN/A,divN/A,divN/A,False,1823076043017630208
DivN/A,divN/A,divN/A,divN/A,divN/A,divN/A,False,1838809177549914624
DivN/A,divN/A,divN/A,divN/A,divN/A,divN/A,False,1865744899045503488
DivN/A,divN/A,divN/A,divN/A,divN/A,divN/A,False,1852349298467549184
DivN/A,divN/A,divN/A,divN/A,divN/A,divN/A,False,1862363504587468800
DivN/A,divN/A,divN/A,divN/A,divN/A,divN/A,False,1.759061976725e+18
DivN/A,divN/A,divN/A,divN/A,divN/A,divN/A,False,1807418706814722304
DivN/A,divN/A,divN/A,divN/A,divN/A,divN/A,False,1792912787959656704
DivN/A,divN/A,divN/A,divN/A,divN/A,divN/A,False,1833755778924351744
DivN/A,divN/A,divN/A,divN/A,divN/A,divN/A,False,1843503743590887680
DivN/A,divN/A,divN/A,divN/A,divN/A,divN/A,False,1789975018773856256
DivN/A,divN/A,divN/A,divN/A,divN/A,divN/A,False,1862555240957931776
DivN/A,divN/A,divN/A,divN/A,divN/A,divN/A,False,1827776545412505856
DivN/A,divN/A,divN/A,divN/A,divN/A,divN/A,False,1828198739678282240
DivN/A,divN/A,divN/A,divN/A,divN/A,divN/A,False,1804711944362098944
DivN/A,divN/A,divN/A,divN/A,divN/A,divN/A,False,1877876783963603456
DivN/A,divN/A,divN/A,divN/A,divN/A,divN/A,False,1828823820620484608
DivN/A,divN/A,divN/A,divN/A,divN/A,divN/A,False,1837169830429892864
DivN/A,divN/A,divN/A,divN/A,divN/A,divN/A,False,1733733520235696640
DivN/A,divN/A,divN/A,divN/A,divN/A,divN/A,False,1821923841620185600
DivN/A,divN/A,divN/A,divN/A,divN/A,divN/A,False,1816145206099808768
DivN/A,divN/A,divN/A,divN/A,divN/A,divN/A,False,1817413996691051008
DivN/A,divN/A,divN/A,divN/A,divN/A,divN/A,False,1870589530153386240
DivN/A,divN/A,divN/A,divN/A,divN/A,divN/A,False,1879166580090691584
DivN/A,divN/A,divN/A,divN/A,divN/A,divN/A,False,1793013223735631872
DivN/A,divN/A,divN/A,divN/A,divN/A,divN/A,False,1824849359156171264
DivN/A,divN/A,divN/A,divN/A,divN/A,divN/A,False,1851497093879435776
DivN/A,divN/A,divN/A,divN/A,divN/A,divN/A,False,1876664245305438464
DivN/A,divN/A,divN/A,divN/A,divN/A,divN/A,False,1875512566589652992
DivN/A,divN/A,divN/A,divN/A,divN/A,divN/A,False,1823182447946895360
DivN/A,divN/A,divN/A,divN/A,divN/A,divN/A,False,1810701643492499968
DivN/A,divN/A,divN/A,divN/A,divN/A,divN/A,False,1820019586160382464
DivN/A,divN/A,divN/A,divN/A,divN/A,divN/A,False,1820831450565873920
DivN/A,divN/A,divN/A,divN/A,divN/A,divN/A,False,1820871828266529024
DivN/A,divN/A,divN/A,divN/A,divN/A,divN/A,False,1823038360450924800
DivN/A,divN/A,divN/A,divN/A,divN/A,divN/A,False,1853438106210316544
DivN/A,divN/A,divN/A,divN/A,divN/A,divN/A,False,1876377410666741760
DivN/A,divN/A,divN/A,divN/A,divN/A,divN/A,False,1727050649400123392
DivN/A,divN/A,divN/A,divN/A,divN/A,divN/A,False,1748423273069605120
DivN/A,divN/A,divN/A,divN/A,divN/A,divN/A,False,1863625580450660864
DivN/A,divN/A,divN/A,divN/A,divN/A,divN/A,False,1879923001149521920
DivN/A,divN/A,divN/A,divN/A,divN/A,divN/A,False,1864356278463517184
DivN/A,divN/A,divN/A,divN/A,divN/A,divN/A,False,1869519936605089792
DivN/A,divN/A,divN/A,divN/A,divN/A,divN/A,False,1871391949422510336
DivN/A,divN/A,divN/A,divN/A,divN/A,divN/A,False,1874918027982172416
DivN/A,divN/A,divN/A,divN/A,divN/A,divN/A,False,1875209840454410496
DivN/A,divN/A,divN/A,divN/A,divN/A,divN/A,False,1876313754625090048
DivN/A,divN/A,divN/A,divN/A,divN/A,divN/A,False,1877847095849156864
DivN/A,divN/A,divN/A,divN/A,divN/A,divN/A,False,1878987020305134080
DivN/A,divN/A,divN/A,divN/A,divN/A,divN/A,False,1881794555982594304
DivN/A,divN/A,divN/A,divN/A,divN/A,divN/A,False,1798425585552867584
DivN/A,divN/A,divN/A,divN/A,divN/A,divN/A,False,1831780539998859520
DivN/A,divN/A,divN/A,divN/A,divN/A,divN/A,False,1832422067658223616
DivN/A,divN/A,divN/A,divN/A,divN/A,divN/A,False,1845102247723614464
DivN/A,divN/A,divN/A,divN/A,divN/A,divN/A,False,1833174142591365120
DivN/A,divN/A,divN/A,divN/A,divN/A,divN/A,False,1784969360529912320
DivN/A,divN/A,divN/A,divN/A,divN/A,divN/A,False,1744882065269788672
DivN/A,divN/A,divN/A,divN/A,divN/A,divN/A,False,1776287589462364160
DivN/A,divN/A,divN/A,divN/A,divN/A,divN/A,False,1777506812947787776
DivN/A,divN/A,divN/A,divN/A,divN/A,divN/A,False,1783849977409671424
DivN/A,divN/A,divN/A,divN/A,divN/A,divN/A,False,1796192349829083648
DivN/A,divN/A,divN/A,divN/A,divN/A,divN/A,False,1813340010118009344
DivN/A,divN/A,divN/A,divN/A,divN/A,divN/A,False,1831600363591368704
DivN/A,divN/A,divN/A,divN/A,divN/A,divN/A,False,1850918361212854272
DivN/A,divN/A,divN/A,divN/A,divN/A,divN/A,False,1828184902648393984
DivN/A,divN/A,divN/A,divN/A,divN/A,divN/A,False,1880978518718238976
DivN/A,divN/A,divN/A,divN/A,divN/A,divN/A,False,1819143867494523136
DivN/A,divN/A,divN/A,divN/A,divN/A,divN/A,False,1876626685938094336
DivN/A,divN/A,divN/A,divN/A,divN/A,divN/A,False,1812260625067991296
DivN/A,divN/A,divN/A,divN/A,divN/A,divN/A,False,1777016250935226368
DivN/A,divN/A,divN/A,divN/A,divN/A,divN/A,False,1751657471280652544
DivN/A,divN/A,divN/A,divN/A,divN/A,divN/A,False,1843449739167281664
DivN/A,divN/A,divN/A,divN/A,divN/A,divN/A,False,1825371499936501760
DivN/A,divN/A,divN/A,divN/A,divN/A,divN/A,False,1827785646645071872
DivN/A,divN/A,divN/A,divN/A,divN/A,divN/A,False,1851837291553263616
DivN/A,divN/A,divN/A,divN/A,divN/A,divN/A,False,1844815452272267520
DivN/A,divN/A,divN/A,divN/A,divN/A,divN/A,False,1834859425766486528
DivN/A,divN/A,divN/A,divN/A,divN/A,divN/A,False,1714351611110154240
DivN/A,divN/A,divN/A,divN/A,divN/A,divN/A,False,1714390274900733952
DivN/A,divN/A,divN/A,divN/A,divN/A,divN/A,False,1838446998388904448
DivN/A,divN/A,divN/A,divN/A,divN/A,divN/A,False,1812461160324595712
DivN/A,divN/A,divN/A,divN/A,divN/A,divN/A,False,1829641049142112768
DivN/A,divN/A,divN/A,divN/A,divN/A,divN/A,False,1691541362079068160
DivN/A,divN/A,divN/A,divN/A,divN/A,divN/A,False,1813290895334383616
DivN/A,divN/A,divN/A,divN/A,divN/A,divN/A,False,1803025278555353344
DivN/A,divN/A,divN/A,divN/A,divN/A,divN/A,False,1878487106357752064
DivN/A,divN/A,divN/A,divN/A,divN/A,divN/A,False,1821934374675206400
DivN/A,divN/A,divN/A,divN/A,divN/A,divN/A,False,1833856892155650304
DivN/A,divN/A,divN/A,divN/A,divN/A,divN/A,False,1820802629032689664
DivN/A,divN/A,divN/A,divN/A,divN/A,divN/A,False,1864333257749217536
DivN/A,divN/A,divN/A,divN/A,divN/A,divN/A,False,1855208003626041856
DivN/A,divN/A,divN/A,divN/A,divN/A,divN/A,False,1755290389840281856
DivN/A,divN/A,divN/A,divN/A,divN/A,divN/A,False,1869083024903806976
DivN/A,divN/A,divN/A,divN/A,divN/A,divN/A,False,1873486697272602880
DivN/A,divN/A,divN/A,divN/A,divN/A,divN/A,False,1847051431410364928
DivN/A,divN/A,divN/A,divN/A,divN/A,divN/A,False,1857638103902511104
DivN/A,divN/A,divN/A,divN/A,divN/A,divN/A,False,1841965169334771712
DivN/A,divN/A,divN/A,divN/A,divN/A,divN/A,False,1.771613155422e+18
DivN/A,divN/A,divN/A,divN/A,divN/A,divN/A,False,1856659228649271808
DivN/A,divN/A,divN/A,divN/A,divN/A,divN/A,False,1823725011280257536
DivN/A,divN/A,divN/A,divN/A,divN/A,divN/A,False,1821459846681788416
DivN/A,divN/A,divN/A,divN/A,divN/A,divN/A,False,1805291963471872256
DivN/A,divN/A,divN/A,divN/A,divN/A,divN/A,False,1754493389645484032
DivN/A,divN/A,divN/A,divN/A,divN/A,divN/A,False,1792572275570495488
DivN/A,divN/A,divN/A,divN/A,divN/A,divN/A,False,1833713938141168128
DivN/A,divN/A,divN/A,divN/A,divN/A,divN/A,False,1881007504257347840
DivN/A,divN/A,divN/A,divN/A,divN/A,divN/A,False,1.848474459055e+18
DivN/A,divN/A,divN/A,divN/A,divN/A,divN/A,False,1848476165024920064
DivN/A,divN/A,divN/A,divN/A,divN/A,divN/A,False,1854164649433858304
DivN/A,divN/A,divN/A,divN/A,divN/A,divN/A,False,1791921465492692992
DivN/A,divN/A,divN/A,divN/A,divN/A,divN/A,False,1730297597649182976
DivN/A,divN/A,divN/A,divN/A,divN/A,divN/A,False,1672986568754188288
DivN/A,divN/A,divN/A,divN/A,divN/A,divN/A,False,1691412832590385152
DivN/A,divN/A,divN/A,divN/A,divN/A,divN/A,False,1791529065523929344
DivN/A,divN/A,divN/A,divN/A,divN/A,divN/A,False,1842992180736209408
DivN/A,divN/A,divN/A,divN/A,divN/A,divN/A,False,1760855656679264256
DivN/A,divN/A,divN/A,divN/A,divN/A,divN/A,False,1860038160664920576
DivN/A,divN/A,divN/A,divN/A,divN/A,divN/A,False,1821565083635630336
DivN/A,divN/A,divN/A,divN/A,divN/A,divN/A,False,1827700864661807360
DivN/A,divN/A,divN/A,divN/A,divN/A,divN/A,False,1860023849825513984
DivN/A,divN/A,divN/A,divN/A,divN/A,divN/A,False,1875652112375542016
DivN/A,divN/A,divN/A,divN/A,divN/A,divN/A,False,1814846334974763264
DivN/A,divN/A,divN/A,divN/A,divN/A,divN/A,False,1770575859826450944
DivN/A,divN/A,divN/A,divN/A,divN/A,divN/A,False,1796290488976228352
DivN/A,divN/A,divN/A,divN/A,divN/A,divN/A,False,1853192843759943936
DivN/A,divN/A,divN/A,divN/A,divN/A,divN/A,False,1791114400889209344
DivN/A,divN/A,divN/A,divN/A,divN/A,divN/A,False,1781002178708082944
DivN/A,divN/A,divN/A,divN/A,divN/A,divN/A,False,1808906583864455680
DivN/A,divN/A,divN/A,divN/A,divN/A,divN/A,False,1745616407880990720
DivN/A,divN/A,divN/A,divN/A,divN/A,divN/A,False,1842602280723664896
DivN/A,divN/A,divN/A,divN/A,divN/A,divN/A,False,1847105273204240640
DivN/A,divN/A,divN/A,divN/A,divN/A,divN/A,False,1831025622216298496
DivN/A,divN/A,divN/A,divN/A,divN/A,divN/A,False,1844349221673095424
DivN/A,divN/A,divN/A,divN/A,divN/A,divN/A,False,1847295800436474368
DivN/A,divN/A,divN/A,divN/A,divN/A,divN/A,False,1854015641218355456
DivN/A,divN/A,divN/A,divN/A,divN/A,divN/A,False,1749159384112845312
DivN/A,divN/A,divN/A,divN/A,divN/A,divN/A,False,1719444510416032000
DivN/A,divN/A,divN/A,divN/A,divN/A,divN/A,False,1877160334601211904
DivN/A,divN/A,divN/A,divN/A,divN/A,divN/A,False,1842929758725902848
DivN/A,divN/A,divN/A,divN/A,divN/A,divN/A,False,1875567037243695104
DivN/A,divN/A,divN/A,divN/A,divN/A,divN/A,False,1868691840624730624
DivN/A,divN/A,divN/A,divN/A,divN/A,divN/A,False,1744285611299663872
DivN/A,divN/A,divN/A,divN/A,divN/A,divN/A,False,1841319779740635136
DivN/A,divN/A,divN/A,divN/A,divN/A,divN/A,False,1812260638569177600
DivN/A,divN/A,divN/A,divN/A,divN/A,divN/A,False,1855001438461833728
DivN/A,divN/A,divN/A,divN/A,divN/A,divN/A,False,1819782791241908480
DivN/A,divN/A,divN/A,divN/A,divN/A,divN/A,False,1878654690814246912
DivN/A,divN/A,divN/A,divN/A,divN/A,divN/A,False,1853210416882823424
DivN/A,divN/A,divN/A,divN/A,divN/A,divN/A,False,1855303186870919424
DivN/A,divN/A,divN/A,divN/A,divN/A,divN/A,False,1805328133848961024
DivN/A,divN/A,divN/A,divN/A,divN/A,divN/A,False,1879634110408491008
DivN/A,divN/A,divN/A,divN/A,divN/A,divN/A,False,1871443771424116736
DivN/A,divN/A,divN/A,divN/A,divN/A,divN/A,False,1871312751840407552
DivN/A,divN/A,divN/A,divN/A,divN/A,divN/A,False,1856376106212839680
DivN/A,divN/A,divN/A,divN/A,divN/A,divN/A,False,1872221121648460288
DivN/A,divN/A,divN/A,divN/A,divN/A,divN/A,False,1806745000971297024
DivN/A,divN/A,divN/A,divN/A,divN/A,divN/A,False,1783181535337734400
DivN/A,divN/A,divN/A,divN/A,divN/A,divN/A,False,1729591119699124480
DivN/A,divN/A,divN/A,divN/A,divN/A,divN/A,False,1815193874366640640
DivN/A,divN/A,divN/A,divN/A,divN/A,divN/A,False,1878482880994627840
DivN/A,divN/A,divN/A,divN/A,divN/A,divN/A,False,1849880146280669440
DivN/A,divN/A,divN/A,divN/A,divN/A,divN/A,False,1767882461378216448
DivN/A,divN/A,divN/A,divN/A,divN/A,divN/A,False,1879636236748661248
DivN/A,divN/A,divN/A,divN/A,divN/A,divN/A,False,1791290593760657920
DivN/A,divN/A,divN/A,divN/A,divN/A,divN/A,False,1798569763192623360
DivN/A,divN/A,divN/A,divN/A,divN/A,divN/A,False,1713265753883828224
DivN/A,divN/A,divN/A,divN/A,divN/A,divN/A,False,1718318543022821888
DivN/A,divN/A,divN/A,divN/A,divN/A,divN/A,False,1756404462707429376
DivN/A,divN/A,divN/A,divN/A,divN/A,divN/A,False,1756634187258298368
DivN/A,divN/A,divN/A,divN/A,divN/A,divN/A,False,1810294806066626816
DivN/A,divN/A,divN/A,divN/A,divN/A,divN/A,False,1814243314515718400
DivN/A,divN/A,divN/A,divN/A,divN/A,divN/A,False,1817860085508374784
DivN/A,divN/A,divN/A,divN/A,divN/A,divN/A,False,1851113003552248320
DivN/A,divN/A,divN/A,divN/A,divN/A,divN/A,False,1821502879590494464
DivN/A,divN/A,divN/A,divN/A,divN/A,divN/A,False,1799119259177488640
DivN/A,divN/A,divN/A,divN/A,divN/A,divN/A,False,1795524354672935424
DivN/A,divN/A,divN/A,divN/A,divN/A,divN/A,False,1799832693145739520
DivN/A,divN/A,divN/A,divN/A,divN/A,divN/A,False,1809704052726321152
DivN/A,divN/A,divN/A,divN/A,divN/A,divN/A,False,1858527844567073024
DivN/A,divN/A,divN/A,divN/A,divN/A,divN/A,False,1837851833143853568
DivN/A,divN/A,divN/A,divN/A,divN/A,divN/A,False,1839295115753316352
DivN/A,divN/A,divN/A,divN/A,divN/A,divN/A,False,1843035822011896320
DivN/A,divN/A,divN/A,divN/A,divN/A,divN/A,False,1782908110056882176
DivN/A,divN/A,divN/A,divN/A,divN/A,divN/A,False,1737488430202851584
DivN/A,divN/A,divN/A,divN/A,divN/A,divN/A,False,1635491237439602688
DivN/A,divN/A,divN/A,divN/A,divN/A,divN/A,False,1800508523564216576
DivN/A,divN/A,divN/A,divN/A,divN/A,divN/A,False,1819116896320389632
DivN/A,divN/A,divN/A,divN/A,divN/A,divN/A,False,1769833594384515072
DivN/A,divN/A,divN/A,divN/A,divN/A,divN/A,False,1783059667322552576
DivN/A,divN/A,divN/A,divN/A,divN/A,divN/A,False,1876804417858543616
DivN/A,divN/A,divN/A,divN/A,divN/A,divN/A,False,1778271478871445760
DivN/A,divN/A,divN/A,divN/A,divN/A,divN/A,False,1776789261003768320
DivN/A,divN/A,divN/A,divN/A,divN/A,divN/A,False,1827888352718110976
DivN/A,divN/A,divN/A,divN/A,divN/A,divN/A,False,1829871740450972160
DivN/A,divN/A,divN/A,divN/A,divN/A,divN/A,False,1881431645984813568
DivN/A,divN/A,divN/A,divN/A,divN/A,divN/A,False,1881447776489529344
DivN/A,divN/A,divN/A,divN/A,divN/A,divN/A,False,1881441466842783744
DivN/A,divN/A,divN/A,divN/A,divN/A,divN/A,False,1881435146462872064
DivN/A,divN/A,divN/A,divN/A,divN/A,divN/A,False,1881438229364089344
DivN/A,divN/A,divN/A,divN/A,divN/A,divN/A,False,1881448220292984832
DivN/A,divN/A,divN/A,divN/A,divN/A,divN/A,False,1848089888249331712
DivN/A,divN/A,divN/A,divN/A,divN/A,divN/A,False,1848131167226044416
DivN/A,divN/A,divN/A,divN/A,divN/A,divN/A,False,1856474058885369856
DivN/A,divN/A,divN/A,divN/A,divN/A,divN/A,False,1818959377954443776
DivN/A,divN/A,divN/A,divN/A,divN/A,divN/A,False,1871511203937226752
DivN/A,divN/A,divN/A,divN/A,divN/A,divN/A,False,1840930913636536320
DivN/A,divN/A,divN/A,divN/A,divN/A,divN/A,False,1830358106750205952
DivN/A,divN/A,divN/A,divN/A,divN/A,divN/A,False,1855322761515958784
DivN/A,divN/A,divN/A,divN/A,divN/A,divN/A,False,1875312166212972800
DivN/A,divN/A,divN/A,divN/A,divN/A,divN/A,False,1875572211404435968
DivN/A,divN/A,divN/A,divN/A,divN/A,divN/A,False,1856948443022864640
DivN/A,divN/A,divN/A,divN/A,divN/A,divN/A,False,1827124351826534656
DivN/A,divN/A,divN/A,divN/A,divN/A,divN/A,False,1812265892153319680
DivN/A,divN/A,divN/A,divN/A,divN/A,divN/A,False,1763192520790458624
DivN/A,divN/A,divN/A,divN/A,divN/A,divN/A,False,1813430526511857920
DivN/A,divN/A,divN/A,divN/A,divN/A,divN/A,False,1850840486728094208
DivN/A,divN/A,divN/A,divN/A,divN/A,divN/A,False,1853624586945880320
DivN/A,divN/A,divN/A,divN/A,divN/A,divN/A,False,1714299552944079104
DivN/A,divN/A,divN/A,divN/A,divN/A,divN/A,False,1875859796798419200
DivN/A,divN/A,divN/A,divN/A,divN/A,divN/A,False,1834953680606347520
DivN/A,divN/A,divN/A,divN/A,divN/A,divN/A,False,1761174646177607680
DivN/A,divN/A,divN/A,divN/A,divN/A,divN/A,False,1827458795066573056
DivN/A,divN/A,divN/A,divN/A,divN/A,divN/A,False,1836436411613908992
DivN/A,divN/A,divN/A,divN/A,divN/A,divN/A,False,1707716388603781376
DivN/A,divN/A,divN/A,divN/A,divN/A,divN/A,False,1808518343487304192
DivN/A,divN/A,divN/A,divN/A,divN/A,divN/A,False,1834694435516694784
DivN/A,divN/A,divN/A,divN/A,divN/A,divN/A,False,1835079944768307712
DivN/A,divN/A,divN/A,divN/A,divN/A,divN/A,False,1880650074365247744
DivN/A,divN/A,divN/A,divN/A,divN/A,divN/A,False,1801177876760334336
DivN/A,divN/A,divN/A,divN/A,divN/A,divN/A,False,1869948610877501696
DivN/A,divN/A,divN/A,divN/A,divN/A,divN/A,False,1850855604639965440
DivN/A,divN/A,divN/A,divN/A,divN/A,divN/A,False,1815674592444187136
DivN/A,divN/A,divN/A,divN/A,divN/A,divN/A,False,1875323112184803584
DivN/A,divN/A,divN/A,divN/A,divN/A,divN/A,False,1837288865322717440
DivN/A,divN/A,divN/A,divN/A,divN/A,divN/A,False,1847781244408365568
DivN/A,divN/A,divN/A,divN/A,divN/A,divN/A,False,1852025474228113920
DivN/A,divN/A,divN/A,divN/A,divN/A,divN/A,False,1807467131568628224
DivN/A,divN/A,divN/A,divN/A,divN/A,divN/A,False,1876257452888674560
DivN/A,divN/A,divN/A,divN/A,divN/A,divN/A,False,1857207438094619136
DivN/A,divN/A,divN/A,divN/A,divN/A,divN/A,False,1.803643556181e+18
DivN/A,divN/A,divN/A,divN/A,divN/A,divN/A,False,1823218454369124352
DivN/A,divN/A,divN/A,divN/A,divN/A,divN/A,False,1823231216474309120
DivN/A,divN/A,divN/A,divN/A,divN/A,divN/A,False,1823254086126608896
DivN/A,divN/A,divN/A,divN/A,divN/A,divN/A,False,1862285652609388800
DivN/A,divN/A,divN/A,divN/A,divN/A,divN/A,False,1687493747691364352
DivN/A,divN/A,divN/A,divN/A,divN/A,divN/A,False,1853253234149753344
DivN/A,divN/A,divN/A,divN/A,divN/A,divN/A,False,1752145321314988032
DivN/A,divN/A,divN/A,divN/A,divN/A,divN/A,False,1865421673094406400
DivN/A,divN/A,divN/A,divN/A,divN/A,divN/A,False,1846657821976547584
DivN/A,divN/A,divN/A,divN/A,divN/A,divN/A,False,1857067114848276480
DivN/A,divN/A,divN/A,divN/A,divN/A,divN/A,False,1760849603119947776
DivN/A,divN/A,divN/A,divN/A,divN/A,divN/A,False,1848351848400347648
DivN/A,divN/A,divN/A,divN/A,divN/A,divN/A,False,1736198253413081344
DivN/A,divN/A,divN/A,divN/A,divN/A,divN/A,False,1830336346310754560
DivN/A,divN/A,divN/A,divN/A,divN/A,divN/A,False,1861795911665434880
DivN/A,divN/A,divN/A,divN/A,divN/A,divN/A,False,1844539876110119424
DivN/A,divN/A,divN/A,divN/A,divN/A,divN/A,False,1852750868891971840
DivN/A,divN/A,divN/A,divN/A,divN/A,divN/A,False,1807515956618420480
DivN/A,divN/A,divN/A,divN/A,divN/A,divN/A,False,1810713053886890240
DivN/A,divN/A,divN/A,divN/A,divN/A,divN/A,False,1817869819028623616
DivN/A,divN/A,divN/A,divN/A,divN/A,divN/A,False,1848179969312051456
DivN/A,divN/A,divN/A,divN/A,divN/A,divN/A,False,1799747414678516224
DivN/A,divN/A,divN/A,divN/A,divN/A,divN/A,False,1809230195947160064
DivN/A,divN/A,divN/A,divN/A,divN/A,divN/A,False,1860939858900123904
DivN/A,divN/A,divN/A,divN/A,divN/A,divN/A,False,1871194771655729664
DivN/A,divN/A,divN/A,divN/A,divN/A,divN/A,False,1756689636011720960
DivN/A,divN/A,divN/A,divN/A,divN/A,divN/A,False,1829983235864216064
DivN/A,divN/A,divN/A,divN/A,divN/A,divN/A,False,1783588505974648832
DivN/A,divN/A,divN/A,divN/A,divN/A,divN/A,False,1856493286287982592
DivN/A,divN/A,divN/A,divN/A,divN/A,divN/A,False,1864032951346020864
DivN/A,divN/A,divN/A,divN/A,divN/A,divN/A,False,1881719124768047360
DivN/A,divN/A,divN/A,divN/A,divN/A,divN/A,False,1813587990532526336
DivN/A,divN/A,divN/A,divN/A,divN/A,divN/A,False,1751242960690106880
DivN/A,divN/A,divN/A,divN/A,divN/A,divN/A,False,1752053776284779008
DivN/A,divN/A,divN/A,divN/A,divN/A,divN/A,False,1764311456516907264
DivN/A,divN/A,divN/A,divN/A,divN/A,divN/A,False,1766650413049147392
DivN/A,divN/A,divN/A,divN/A,divN/A,divN/A,False,1766532916253807104
DivN/A,divN/A,divN/A,divN/A,divN/A,divN/A,False,1768386273025106176
DivN/A,divN/A,divN/A,divN/A,divN/A,divN/A,False,1770158468764168704
DivN/A,divN/A,divN/A,divN/A,divN/A,divN/A,False,1770497247454617600
DivN/A,divN/A,divN/A,divN/A,divN/A,divN/A,False,1771987109038944768
DivN/A,divN/A,divN/A,divN/A,divN/A,divN/A,False,1774181566450954496
DivN/A,divN/A,divN/A,divN/A,divN/A,divN/A,False,1816357504076448000
DivN/A,divN/A,divN/A,divN/A,divN/A,divN/A,False,1821277427123048960
DivN/A,divN/A,divN/A,divN/A,divN/A,divN/A,False,1720279132649795840
DivN/A,divN/A,divN/A,divN/A,divN/A,divN/A,False,1722527493780021760
DivN/A,divN/A,divN/A,divN/A,divN/A,divN/A,False,1728237134669369600
DivN/A,divN/A,divN/A,divN/A,divN/A,divN/A,False,1732903263488417792
DivN/A,divN/A,divN/A,divN/A,divN/A,divN/A,False,1744846646645559808
DivN/A,divN/A,divN/A,divN/A,divN/A,divN/A,False,1744960999323586816
DivN/A,divN/A,divN/A,divN/A,divN/A,divN/A,False,1745649650227720192
DivN/A,divN/A,divN/A,divN/A,divN/A,divN/A,False,1750020111178576384
DivN/A,divN/A,divN/A,divN/A,divN/A,divN/A,False,1808829358725042688
DivN/A,divN/A,divN/A,divN/A,divN/A,divN/A,False,1808724591415546368
DivN/A,divN/A,divN/A,divN/A,divN/A,divN/A,False,1817984392595390720
DivN/A,divN/A,divN/A,divN/A,divN/A,divN/A,False,1819505375257022464
DivN/A,divN/A,divN/A,divN/A,divN/A,divN/A,False,1819236332209582336
DivN/A,divN/A,divN/A,divN/A,divN/A,divN/A,False,1819738999864594432
DivN/A,divN/A,divN/A,divN/A,divN/A,divN/A,False,1820027578180059136
DivN/A,divN/A,divN/A,divN/A,divN/A,divN/A,False,1827554445481103616
DivN/A,divN/A,divN/A,divN/A,divN/A,divN/A,False,1827766309951606784
DivN/A,divN/A,divN/A,divN/A,divN/A,divN/A,False,1831567445733314560
DivN/A,divN/A,divN/A,divN/A,divN/A,divN/A,False,1777743226444931584
DivN/A,divN/A,divN/A,divN/A,divN/A,divN/A,False,1780919539116515840
DivN/A,divN/A,divN/A,divN/A,divN/A,divN/A,False,1781867292566880256
DivN/A,divN/A,divN/A,divN/A,divN/A,divN/A,False,1791410370025771264
DivN/A,divN/A,divN/A,divN/A,divN/A,divN/A,False,1793420324710526976
DivN/A,divN/A,divN/A,divN/A,divN/A,divN/A,False,1793436219428459008
DivN/A,divN/A,divN/A,divN/A,divN/A,divN/A,False,1794406838576046592
DivN/A,divN/A,divN/A,divN/A,divN/A,divN/A,False,1801089667866980864
DivN/A,divN/A,divN/A,divN/A,divN/A,divN/A,False,1805357058729931264
DivN/A,divN/A,divN/A,divN/A,divN/A,divN/A,False,1805609392949047808
DivN/A,divN/A,divN/A,divN/A,divN/A,divN/A,False,1876147164046565888
DivN/A,divN/A,divN/A,divN/A,divN/A,divN/A,False,1876291644523229440
DivN/A,divN/A,divN/A,divN/A,divN/A,divN/A,False,1876535240186810624
DivN/A,divN/A,divN/A,divN/A,divN/A,divN/A,False,1877431769160392960
DivN/A,divN/A,divN/A,divN/A,divN/A,divN/A,False,1877716448019206400
DivN/A,divN/A,divN/A,divN/A,divN/A,divN/A,False,1878536071576735744
DivN/A,divN/A,divN/A,divN/A,divN/A,divN/A,False,1880216021841375232
DivN/A,divN/A,divN/A,divN/A,divN/A,divN/A,False,1880450095633530880
DivN/A,divN/A,divN/A,divN/A,divN/A,divN/A,False,1881519728612827136
DivN/A,divN/A,divN/A,divN/A,divN/A,divN/A,False,1882096153044619520
DivN/A,divN/A,divN/A,divN/A,divN/A,divN/A,False,1865937957338644736
DivN/A,divN/A,divN/A,divN/A,divN/A,divN/A,False,1866185875534553344
DivN/A,divN/A,divN/A,divN/A,divN/A,divN/A,False,1866248641226383360
DivN/A,divN/A,divN/A,divN/A,divN/A,divN/A,False,1867907192072061184
DivN/A,divN/A,divN/A,divN/A,divN/A,divN/A,False,1867947576064167936
DivN/A,divN/A,divN/A,divN/A,divN/A,divN/A,False,1868673796460400896
DivN/A,divN/A,divN/A,divN/A,divN/A,divN/A,False,1869986946031988736
DivN/A,divN/A,divN/A,divN/A,divN/A,divN/A,False,1870204076140425216
DivN/A,divN/A,divN/A,divN/A,divN/A,divN/A,False,1870554832798364160
DivN/A,divN/A,divN/A,divN/A,divN/A,divN/A,False,1870716787899220480
DivN/A,divN/A,divN/A,divN/A,divN/A,divN/A,False,1857196686201753600
DivN/A,divN/A,divN/A,divN/A,divN/A,divN/A,False,1860497526769561600
DivN/A,divN/A,divN/A,divN/A,divN/A,divN/A,False,1860999993621905664
DivN/A,divN/A,divN/A,divN/A,divN/A,divN/A,False,1862054280124825856
DivN/A,divN/A,divN/A,divN/A,divN/A,divN/A,False,1862222077538771200
DivN/A,divN/A,divN/A,divN/A,divN/A,divN/A,False,1862258920405827584
DivN/A,divN/A,divN/A,divN/A,divN/A,divN/A,False,1862602354945630720
DivN/A,divN/A,divN/A,divN/A,divN/A,divN/A,False,1863269408942039552
DivN/A,divN/A,divN/A,divN/A,divN/A,divN/A,False,1863423580739952640
DivN/A,divN/A,divN/A,divN/A,divN/A,divN/A,False,1865775640382963712
DivN/A,divN/A,divN/A,divN/A,divN/A,divN/A,False,1834128337251574016
DivN/A,divN/A,divN/A,divN/A,divN/A,divN/A,False,1837070410757677568
DivN/A,divN/A,divN/A,divN/A,divN/A,divN/A,False,1848938534641799424
DivN/A,divN/A,divN/A,divN/A,divN/A,divN/A,False,1851375802975469824
DivN/A,divN/A,divN/A,divN/A,divN/A,divN/A,False,1851554440492552192
DivN/A,divN/A,divN/A,divN/A,divN/A,divN/A,False,1854795273941188864
DivN/A,divN/A,divN/A,divN/A,divN/A,divN/A,False,1855368411892547840
DivN/A,divN/A,divN/A,divN/A,divN/A,divN/A,False,1855418909786083584
DivN/A,divN/A,divN/A,divN/A,divN/A,divN/A,False,1856143097186418688
DivN/A,divN/A,divN/A,divN/A,divN/A,divN/A,False,1857058831135645696
DivN/A,divN/A,divN/A,divN/A,divN/A,divN/A,False,1870165072666046464
DivN/A,divN/A,divN/A,divN/A,divN/A,divN/A,False,1714457511552586240
DivN/A,divN/A,divN/A,divN/A,divN/A,divN/A,False,1734720954952020480
DivN/A,divN/A,divN/A,divN/A,divN/A,divN/A,False,1807829016792977664
DivN/A,divN/A,divN/A,divN/A,divN/A,divN/A,False,1818414386362408960
DivN/A,divN/A,divN/A,divN/A,divN/A,divN/A,False,1837688501078307328
DivN/A,divN/A,divN/A,divN/A,divN/A,divN/A,False,1794248684756185600
DivN/A,divN/A,divN/A,divN/A,divN/A,divN/A,False,1808096911544705280
DivN/A,divN/A,divN/A,divN/A,divN/A,divN/A,False,1839758579181736448
DivN/A,divN/A,divN/A,divN/A,divN/A,divN/A,False,1749641983126065664
DivN/A,divN/A,divN/A,divN/A,divN/A,divN/A,False,1870736321750372864
DivN/A,divN/A,divN/A,divN/A,divN/A,divN/A,False,1871687893024124928
DivN/A,divN/A,divN/A,divN/A,divN/A,divN/A,False,1872828604163473664
DivN/A,divN/A,divN/A,divN/A,divN/A,divN/A,False,1873598460861300736
DivN/A,divN/A,divN/A,divN/A,divN/A,divN/A,False,1873679893604757760
DivN/A,divN/A,divN/A,divN/A,divN/A,divN/A,False,1873801623396638976
DivN/A,divN/A,divN/A,divN/A,divN/A,divN/A,False,1873791597122605056
DivN/A,divN/A,divN/A,divN/A,divN/A,divN/A,False,1874894133862769152
DivN/A,divN/A,divN/A,divN/A,divN/A,divN/A,False,1875765336836092416
DivN/A,divN/A,divN/A,divN/A,divN/A,divN/A,False,1875775530097684736
DivN/A,divN/A,divN/A,divN/A,divN/A,divN/A,False,1866470684429320192
DivN/A,divN/A,divN/A,divN/A,divN/A,divN/A,False,1813739339052167424
DivN/A,divN/A,divN/A,divN/A,divN/A,divN/A,False,1860476995370455296
DivN/A,divN/A,divN/A,divN/A,divN/A,divN/A,False,1790924305691243008
DivN/A,divN/A,divN/A,divN/A,divN/A,divN/A,False,1817932850664226816
DivN/A,divN/A,divN/A,divN/A,divN/A,divN/A,False,1667289678612156416
DivN/A,divN/A,divN/A,divN/A,divN/A,divN/A,False,1851734736793931776
DivN/A,divN/A,divN/A,divN/A,divN/A,divN/A,False,1844260912351543296
DivN/A,divN/A,divN/A,divN/A,divN/A,divN/A,False,1806325593769660928
DivN/A,divN/A,divN/A,divN/A,divN/A,divN/A,False,1762159890611499264
DivN/A,divN/A,divN/A,divN/A,divN/A,divN/A,False,1829836532905124096
DivN/A,divN/A,divN/A,divN/A,divN/A,divN/A,False,1734780816599704064
DivN/A,divN/A,divN/A,divN/A,divN/A,divN/A,False,1850195743786536960
DivN/A,divN/A,divN/A,divN/A,divN/A,divN/A,False,1849559261312909312
DivN/A,divN/A,divN/A,divN/A,divN/A,divN/A,False,1881438950218510848
DivN/A,divN/A,divN/A,divN/A,divN/A,divN/A,False,1760580254920212480
DivN/A,divN/A,divN/A,divN/A,divN/A,divN/A,False,1875265828842590464
DivN/A,divN/A,divN/A,divN/A,divN/A,divN/A,False,1869954885736661504
DivN/A,divN/A,divN/A,divN/A,divN/A,divN/A,False,1707860072595083520
DivN/A,divN/A,divN/A,divN/A,divN/A,divN/A,False,1853108802607865856
DivN/A,divN/A,divN/A,divN/A,divN/A,divN/A,False,1769794447053590784
DivN/A,divN/A,divN/A,divN/A,divN/A,divN/A,False,1818993208635847168
DivN/A,divN/A,divN/A,divN/A,divN/A,divN/A,False,1847133590078799872
DivN/A,divN/A,divN/A,divN/A,divN/A,divN/A,False,1767597845668942080
DivN/A,divN/A,divN/A,divN/A,divN/A,divN/A,False,1769807768825790720
DivN/A,divN/A,divN/A,divN/A,divN/A,divN/A,False,1770664035060510976
DivN/A,divN/A,divN/A,divN/A,divN/A,divN/A,False,1771593053372829696
DivN/A,divN/A,divN/A,divN/A,divN/A,divN/A,False,1776113145318367744
DivN/A,divN/A,divN/A,divN/A,divN/A,divN/A,False,1794184373404840448
DivN/A,divN/A,divN/A,divN/A,divN/A,divN/A,False,1845493960493445120
DivN/A,divN/A,divN/A,divN/A,divN/A,divN/A,False,1768446801269428480
DivN/A,divN/A,divN/A,divN/A,divN/A,divN/A,False,1845760392011629056
DivN/A,divN/A,divN/A,divN/A,divN/A,divN/A,False,1774418789888635136
DivN/A,divN/A,divN/A,divN/A,divN/A,divN/A,False,1818634070248521984
DivN/A,divN/A,divN/A,divN/A,divN/A,divN/A,False,1774919676998697216
DivN/A,divN/A,divN/A,divN/A,divN/A,divN/A,False,1869414233483698688
DivN/A,divN/A,divN/A,divN/A,divN/A,divN/A,False,1845931395148812544
DivN/A,divN/A,divN/A,divN/A,divN/A,divN/A,False,1831356844214042624
DivN/A,divN/A,divN/A,divN/A,divN/A,divN/A,False,1726415078566531072
DivN/A,divN/A,divN/A,divN/A,divN/A,divN/A,False,1753913802138026240
DivN/A,divN/A,divN/A,divN/A,divN/A,divN/A,False,1855650251077722112
DivN/A,divN/A,divN/A,divN/A,divN/A,divN/A,False,1837135088057819648
DivN/A,divN/A,divN/A,divN/A,divN/A,divN/A,False,1844938477512675584
DivN/A,divN/A,divN/A,divN/A,divN/A,divN/A,False,1798798709980795392
DivN/A,divN/A,divN/A,divN/A,divN/A,divN/A,False,1851929090548211712
DivN/A,divN/A,divN/A,divN/A,divN/A,divN/A,False,1852607151044235264
DivN/A,divN/A,divN/A,divN/A,divN/A,divN/A,False,1876130589000323584
DivN/A,divN/A,divN/A,divN/A,divN/A,divN/A,False,1817918169962725888
DivN/A,divN/A,divN/A,divN/A,divN/A,divN/A,False,1806499974219190272
DivN/A,divN/A,divN/A,divN/A,divN/A,divN/A,False,1817953425558269952
DivN/A,divN/A,divN/A,divN/A,divN/A,divN/A,False,1853367608549974016
DivN/A,divN/A,divN/A,divN/A,divN/A,divN/A,False,1779245941888806912
DivN/A,divN/A,divN/A,divN/A,divN/A,divN/A,False,1808867891204235520
DivN/A,divN/A,divN/A,divN/A,divN/A,divN/A,False,1841283151928381440
DivN/A,divN/A,divN/A,divN/A,divN/A,divN/A,False,1816209383136862720
DivN/A,divN/A,divN/A,divN/A,divN/A,divN/A,False,1785942304509047040
DivN/A,divN/A,divN/A,divN/A,divN/A,divN/A,False,1692567335129764096
DivN/A,divN/A,divN/A,divN/A,divN/A,divN/A,False,1709121927623885056
DivN/A,divN/A,divN/A,divN/A,divN/A,divN/A,False,1841021881509360128
DivN/A,divN/A,divN/A,divN/A,divN/A,divN/A,False,1835720861657305600
DivN/A,divN/A,divN/A,divN/A,divN/A,divN/A,False,1807908631897334016
DivN/A,divN/A,divN/A,divN/A,divN/A,divN/A,False,1878147362880692480
DivN/A,divN/A,divN/A,divN/A,divN/A,divN/A,False,1871234363674726656
DivN/A,divN/A,divN/A,divN/A,divN/A,divN/A,False,1768815795864257024
DivN/A,divN/A,divN/A,divN/A,divN/A,divN/A,False,1817683882734391296
DivN/A,divN/A,divN/A,divN/A,divN/A,divN/A,False,1847785772646052352
DivN/A,divN/A,divN/A,divN/A,divN/A,divN/A,False,1777393794662441216
DivN/A,divN/A,divN/A,divN/A,divN/A,divN/A,False,1863037453776687360
DivN/A,divN/A,divN/A,divN/A,divN/A,divN/A,False,1827404273271108096
DivN/A,divN/A,divN/A,divN/A,divN/A,divN/A,False,1827536653654618624
DivN/A,divN/A,divN/A,divN/A,divN/A,divN/A,False,1767511226890793216
DivN/A,divN/A,divN/A,divN/A,divN/A,divN/A,False,1652714287478059008
DivN/A,divN/A,divN/A,divN/A,divN/A,divN/A,False,1867147851127730176
DivN/A,divN/A,divN/A,divN/A,divN/A,divN/A,False,1806058352503386112
DivN/A,divN/A,divN/A,divN/A,divN/A,divN/A,False,1783144760892395520
DivN/A,divN/A,divN/A,divN/A,divN/A,divN/A,False,1795180128042963200
DivN/A,divN/A,divN/A,divN/A,divN/A,divN/A,False,1803046818797761024
DivN/A,divN/A,divN/A,divN/A,divN/A,divN/A,False,1803772208625390080
DivN/A,divN/A,divN/A,divN/A,divN/A,divN/A,False,1853421131946160128
DivN/A,divN/A,divN/A,divN/A,divN/A,divN/A,False,1874456204350492672
DivN/A,divN/A,divN/A,divN/A,divN/A,divN/A,False,1837076740600217856
DivN/A,divN/A,divN/A,divN/A,divN/A,divN/A,False,1851793126496546816
DivN/A,divN/A,divN/A,divN/A,divN/A,divN/A,False,1798437138452631552
DivN/A,divN/A,divN/A,divN/A,divN/A,divN/A,False,1881808288964321536
DivN/A,divN/A,divN/A,divN/A,divN/A,divN/A,False,1821879836953948416
DivN/A,divN/A,divN/A,divN/A,divN/A,divN/A,False,1834061680067989504
DivN/A,divN/A,divN/A,divN/A,divN/A,divN/A,False,1878280008994615296
DivN/A,divN/A,divN/A,divN/A,divN/A,divN/A,False,1828446781472203264
DivN/A,divN/A,divN/A,divN/A,divN/A,divN/A,False,1730016239156597248
DivN/A,divN/A,divN/A,divN/A,divN/A,divN/A,False,1862884596683046912
DivN/A,divN/A,divN/A,divN/A,divN/A,divN/A,False,1830638776617664512
DivN/A,divN/A,divN/A,divN/A,divN/A,divN/A,False,1845993766441644544
DivN/A,divN/A,divN/A,divN/A,divN/A,divN/A,False,1852022667735634176
DivN/A,divN/A,divN/A,divN/A,divN/A,divN/A,False,1822403627568582656
DivN/A,divN/A,divN/A,divN/A,divN/A,divN/A,False,1801666040197239040
DivN/A,divN/A,divN/A,divN/A,divN/A,divN/A,False,1812594071581409280
DivN/A,divN/A,divN/A,divN/A,divN/A,divN/A,False,1856783252071354880
DivN/A,divN/A,divN/A,divN/A,divN/A,divN/A,False,1800433059730182400
DivN/A,divN/A,divN/A,divN/A,divN/A,divN/A,False,1866163289937629696
DivN/A,divN/A,divN/A,divN/A,divN/A,divN/A,False,1831813445500510464
DivN/A,divN/A,divN/A,divN/A,divN/A,divN/A,False,1869769685975392768
DivN/A,divN/A,divN/A,divN/A,divN/A,divN/A,False,1732973897392255488
DivN/A,divN/A,divN/A,divN/A,divN/A,divN/A,False,1876236340452564992
DivN/A,divN/A,divN/A,divN/A,divN/A,divN/A,False,1876435054622388224
DivN/A,divN/A,divN/A,divN/A,divN/A,divN/A,False,1855265768646045696
DivN/A,divN/A,divN/A,divN/A,divN/A,divN/A,False,1846206450827424256
DivN/A,divN/A,divN/A,divN/A,divN/A,divN/A,False,1817229118510973184
DivN/A,divN/A,divN/A,divN/A,divN/A,divN/A,False,1857423312617713920
DivN/A,divN/A,divN/A,divN/A,divN/A,divN/A,False,1759604785592795136
DivN/A,divN/A,divN/A,divN/A,divN/A,divN/A,False,1871999514816692480
DivN/A,divN/A,divN/A,divN/A,divN/A,divN/A,False,1829655704959140096
DivN/A,divN/A,divN/A,divN/A,divN/A,divN/A,False,1860713940176470016
DivN/A,divN/A,divN/A,divN/A,divN/A,divN/A,False,1872786197208244480
DivN/A,divN/A,divN/A,divN/A,divN/A,divN/A,False,1845117354167915008
DivN/A,divN/A,divN/A,divN/A,divN/A,divN/A,False,1763468405825470720
DivN/A,divN/A,divN/A,divN/A,divN/A,divN/A,False,1873484833084842240
DivN/A,divN/A,divN/A,divN/A,divN/A,divN/A,False,1761034188390638080
DivN/A,divN/A,divN/A,divN/A,divN/A,divN/A,False,1741979235089010944
DivN/A,divN/A,divN/A,divN/A,divN/A,divN/A,False,1755314042845966848
DivN/A,divN/A,divN/A,divN/A,divN/A,divN/A,False,1765024395217474048
DivN/A,divN/A,divN/A,divN/A,divN/A,divN/A,False,1775943619511296000
DivN/A,divN/A,divN/A,divN/A,divN/A,divN/A,False,1781750510153818112
DivN/A,divN/A,divN/A,divN/A,divN/A,divN/A,False,1782419329532723456
DivN/A,divN/A,divN/A,divN/A,divN/A,divN/A,False,1830028008419189248
DivN/A,divN/A,divN/A,divN/A,divN/A,divN/A,False,1880278113571184896
DivN/A,divN/A,divN/A,divN/A,divN/A,divN/A,False,1849490091854516480
DivN/A,divN/A,divN/A,divN/A,divN/A,divN/A,False,1866986427159830784
DivN/A,divN/A,divN/A,divN/A,divN/A,divN/A,False,1760699884724789504
DivN/A,divN/A,divN/A,divN/A,divN/A,divN/A,False,1878460930620637184
DivN/A,divN/A,divN/A,divN/A,divN/A,divN/A,False,1765049935312085504
DivN/A,divN/A,divN/A,divN/A,divN/A,divN/A,False,1681330844495912960
DivN/A,divN/A,divN/A,divN/A,divN/A,divN/A,False,1715465410856841728
DivN/A,divN/A,divN/A,divN/A,divN/A,divN/A,False,1730766135841206272
DivN/A,divN/A,divN/A,divN/A,divN/A,divN/A,False,1844822927805456640
DivN/A,divN/A,divN/A,divN/A,divN/A,divN/A,False,1763002101469180416
DivN/A,divN/A,divN/A,divN/A,divN/A,divN/A,False,1869468415993557504
DivN/A,divN/A,divN/A,divN/A,divN/A,divN/A,False,1833873022152741120
DivN/A,divN/A,divN/A,divN/A,divN/A,divN/A,False,1827730975343939840
DivN/A,divN/A,divN/A,divN/A,divN/A,divN/A,False,1797408210808393984
DivN/A,divN/A,divN/A,divN/A,divN/A,divN/A,False,1782082600368283904
DivN/A,divN/A,divN/A,divN/A,divN/A,divN/A,False,1825534473829859840
DivN/A,divN/A,divN/A,divN/A,divN/A,divN/A,False,1832984775377768704
DivN/A,divN/A,divN/A,divN/A,divN/A,divN/A,False,1841460386182369280
DivN/A,divN/A,divN/A,divN/A,divN/A,divN/A,False,1841783506315432448
DivN/A,divN/A,divN/A,divN/A,divN/A,divN/A,False,1841767283162776064
DivN/A,divN/A,divN/A,divN/A,divN/A,divN/A,False,1851764913020231936
DivN/A,divN/A,divN/A,divN/A,divN/A,divN/A,False,1854829756082200576
DivN/A,divN/A,divN/A,divN/A,divN/A,divN/A,False,1856518759198142976
DivN/A,divN/A,divN/A,divN/A,divN/A,divN/A,False,1857035164381020160
DivN/A,divN/A,divN/A,divN/A,divN/A,divN/A,False,1865785208328376576
DivN/A,divN/A,divN/A,divN/A,divN/A,divN/A,False,1786192373422141696
DivN/A,divN/A,divN/A,divN/A,divN/A,divN/A,False,1793990578453319936
DivN/A,divN/A,divN/A,divN/A,divN/A,divN/A,False,1857939745919074560
DivN/A,divN/A,divN/A,divN/A,divN/A,divN/A,False,1850692612417581568
DivN/A,divN/A,divN/A,divN/A,divN/A,divN/A,False,1874465620655296512
DivN/A,divN/A,divN/A,divN/A,divN/A,divN/A,False,1860095002740773120
DivN/A,divN/A,divN/A,divN/A,divN/A,divN/A,False,1854554773623578880
DivN/A,divN/A,divN/A,divN/A,divN/A,divN/A,False,1848388536174829824
DivN/A,divN/A,divN/A,divN/A,divN/A,divN/A,False,1813129690384666880
DivN/A,divN/A,divN/A,divN/A,divN/A,divN/A,False,1878983684185108736
DivN/A,divN/A,divN/A,divN/A,divN/A,divN/A,False,1802660385176142336
DivN/A,divN/A,divN/A,divN/A,divN/A,divN/A,False,1738998593631969536
DivN/A,divN/A,divN/A,divN/A,divN/A,divN/A,False,1822268266552717312
DivN/A,divN/A,divN/A,divN/A,divN/A,divN/A,False,1877717446779428864
DivN/A,divN/A,divN/A,divN/A,divN/A,divN/A,False,1825522550405058816
DivN/A,divN/A,divN/A,divN/A,divN/A,divN/A,False,1856894029230715136
DivN/A,divN/A,divN/A,divN/A,divN/A,divN/A,False,1819771511554662400
DivN/A,divN/A,divN/A,divN/A,divN/A,divN/A,False,1821211639854829824
DivN/A,divN/A,divN/A,divN/A,divN/A,divN/A,False,1877911681973510400
DivN/A,divN/A,divN/A,divN/A,divN/A,divN/A,False,1814805151808708864
DivN/A,divN/A,divN/A,divN/A,divN/A,divN/A,False,1847416291747041792
DivN/A,divN/A,divN/A,divN/A,divN/A,divN/A,False,1855235419098497280
DivN/A,divN/A,divN/A,divN/A,divN/A,divN/A,False,1864804141735842304
DivN/A,divN/A,divN/A,divN/A,divN/A,divN/A,False,1792338712455787008
DivN/A,divN/A,divN/A,divN/A,divN/A,divN/A,False,1852344960374161920
DivN/A,divN/A,divN/A,divN/A,divN/A,divN/A,False,1810279089753792512
DivN/A,divN/A,divN/A,divN/A,divN/A,divN/A,False,1838780123610243072
DivN/A,divN/A,divN/A,divN/A,divN/A,divN/A,False,1854576310699348480
DivN/A,divN/A,divN/A,divN/A,divN/A,divN/A,False,1876393762701656576
DivN/A,divN/A,divN/A,divN/A,divN/A,divN/A,False,1873612917553451520
DivN/A,divN/A,divN/A,divN/A,divN/A,divN/A,False,1829252072094749184
DivN/A,divN/A,divN/A,divN/A,divN/A,divN/A,False,1881371861134508032
DivN/A,divN/A,divN/A,divN/A,divN/A,divN/A,False,1821962001314160896
DivN/A,divN/A,divN/A,divN/A,divN/A,divN/A,False,1826283826785484800
DivN/A,divN/A,divN/A,divN/A,divN/A,divN/A,False,1828066149638013184
DivN/A,divN/A,divN/A,divN/A,divN/A,divN/A,False,1840576275166974464
DivN/A,divN/A,divN/A,divN/A,divN/A,divN/A,False,1871135343824736768
DivN/A,divN/A,divN/A,divN/A,divN/A,divN/A,False,1830996676888199680
DivN/A,divN/A,divN/A,divN/A,divN/A,divN/A,False,1878097602643734784
DivN/A,divN/A,divN/A,divN/A,divN/A,divN/A,False,1827496486013219328
DivN/A,divN/A,divN/A,divN/A,divN/A,divN/A,False,1865872239477870592
DivN/A,divN/A,divN/A,divN/A,divN/A,divN/A,False,1733725751440974080
DivN/A,divN/A,divN/A,divN/A,divN/A,divN/A,False,1814003235021283840
DivN/A,divN/A,divN/A,divN/A,divN/A,divN/A,False,1759692774805242368
DivN/A,divN/A,divN/A,divN/A,divN/A,divN/A,False,1876594936142782464
DivN/A,divN/A,divN/A,divN/A,divN/A,divN/A,False,1766557947700658688
DivN/A,divN/A,divN/A,divN/A,divN/A,divN/A,False,1802151872071147776
DivN/A,divN/A,divN/A,divN/A,divN/A,divN/A,False,1755236231569441024
DivN/A,divN/A,divN/A,divN/A,divN/A,divN/A,False,1771944850532770304
DivN/A,divN/A,divN/A,divN/A,divN/A,divN/A,False,1819748584109076736
DivN/A,divN/A,divN/A,divN/A,divN/A,divN/A,False,1816800124334424320
DivN/A,divN/A,divN/A,divN/A,divN/A,divN/A,False,1830733169072767488
DivN/A,divN/A,divN/A,divN/A,divN/A,divN/A,False,1823021413269184512
DivN/A,divN/A,divN/A,divN/A,divN/A,divN/A,False,1771536520723227136
DivN/A,divN/A,divN/A,divN/A,divN/A,divN/A,False,1806077147293106176
DivN/A,divN/A,divN/A,divN/A,divN/A,divN/A,False,1801909218313933056
DivN/A,divN/A,divN/A,divN/A,divN/A,divN/A,False,1812284925493871104
DivN/A,divN/A,divN/A,divN/A,divN/A,divN/A,False,1806758633230709248
DivN/A,divN/A,divN/A,divN/A,divN/A,divN/A,False,1.852809769587e+18
DivN/A,divN/A,divN/A,divN/A,divN/A,divN/A,False,1629964651797573632
DivN/A,divN/A,divN/A,divN/A,divN/A,divN/A,False,1851442890687594496
DivN/A,divN/A,divN/A,divN/A,divN/A,divN/A,False,1837999865889947904
DivN/A,divN/A,divN/A,divN/A,divN/A,divN/A,False,1859295102000066816
DivN/A,divN/A,divN/A,divN/A,divN/A,divN/A,False,1872874141239656704
DivN/A,divN/A,divN/A,divN/A,divN/A,divN/A,False,1754548279172370944
DivN/A,divN/A,divN/A,divN/A,divN/A,divN/A,False,1758981776679096576
DivN/A,divN/A,divN/A,divN/A,divN/A,divN/A,False,1819702393266651136
DivN/A,divN/A,divN/A,divN/A,divN/A,divN/A,False,1812276295448891392
DivN/A,divN/A,divN/A,divN/A,divN/A,divN/A,False,1797588425610351104
DivN/A,divN/A,divN/A,divN/A,divN/A,divN/A,False,1818720032794333184
DivN/A,divN/A,divN/A,divN/A,divN/A,divN/A,False,1846061819707678976
DivN/A,divN/A,divN/A,divN/A,divN/A,divN/A,False,1758529993280205056
DivN/A,divN/A,divN/A,divN/A,divN/A,divN/A,False,1875559003012604416
DivN/A,divN/A,divN/A,divN/A,divN/A,divN/A,False,1876025643902885888
DivN/A,divN/A,divN/A,divN/A,divN/A,divN/A,False,1800167356284719360
DivN/A,divN/A,divN/A,divN/A,divN/A,divN/A,False,1866161261840658944
DivN/A,divN/A,divN/A,divN/A,divN/A,divN/A,False,1878276946716504320
DivN/A,divN/A,divN/A,divN/A,divN/A,divN/A,False,1880446012168249344
DivN/A,divN/A,divN/A,divN/A,divN/A,divN/A,False,1854738975560171520
DivN/A,divN/A,divN/A,divN/A,divN/A,divN/A,False,1877717703643050240
DivN/A,divN/A,divN/A,divN/A,divN/A,divN/A,False,1721342365896491264
DivN/A,divN/A,divN/A,divN/A,divN/A,divN/A,False,1790776652252754176
DivN/A,divN/A,divN/A,divN/A,divN/A,divN/A,False,1799404075974533376
DivN/A,divN/A,divN/A,divN/A,divN/A,divN/A,False,1819224978597777664
DivN/A,divN/A,divN/A,divN/A,divN/A,divN/A,False,1650533617636966400
DivN/A,divN/A,divN/A,divN/A,divN/A,divN/A,False,1880987434349154560
DivN/A,divN/A,divN/A,divN/A,divN/A,divN/A,False,1830351108516270336
DivN/A,divN/A,divN/A,divN/A,divN/A,divN/A,False,1858861930972053760
DivN/A,divN/A,divN/A,divN/A,divN/A,divN/A,False,1873020979984908288
DivN/A,divN/A,divN/A,divN/A,divN/A,divN/A,False,1805681388567331328
DivN/A,divN/A,divN/A,divN/A,divN/A,divN/A,False,1871563732402503936
DivN/A,divN/A,divN/A,divN/A,divN/A,divN/A,False,1795479276139261952
DivN/A,divN/A,divN/A,divN/A,divN/A,divN/A,False,1870138831003164672
DivN/A,divN/A,divN/A,divN/A,divN/A,divN/A,False,1774509220869587456
DivN/A,divN/A,divN/A,divN/A,divN/A,divN/A,False,1832580549921141248
DivN/A,divN/A,divN/A,divN/A,divN/A,divN/A,False,1860701079937450496
DivN/A,divN/A,divN/A,divN/A,divN/A,divN/A,False,1841165266832491008
DivN/A,divN/A,divN/A,divN/A,divN/A,divN/A,False,1775918152682988032
DivN/A,divN/A,divN/A,divN/A,divN/A,divN/A,False,1800192477644853760
DivN/A,divN/A,divN/A,divN/A,divN/A,divN/A,False,1800901119662497792
DivN/A,divN/A,divN/A,divN/A,divN/A,divN/A,False,1851728578293170176
DivN/A,divN/A,divN/A,divN/A,divN/A,divN/A,False,1658502707370508288
DivN/A,divN/A,divN/A,divN/A,divN/A,divN/A,False,1809777443617796608
DivN/A,divN/A,divN/A,divN/A,divN/A,divN/A,False,1826292229302084096
DivN/A,divN/A,divN/A,divN/A,divN/A,divN/A,False,1880264894567837696
DivN/A,divN/A,divN/A,divN/A,divN/A,divN/A,False,1870183979644539392
DivN/A,divN/A,divN/A,divN/A,divN/A,divN/A,False,1786970562201289216
DivN/A,divN/A,divN/A,divN/A,divN/A,divN/A,False,1877267378465124352
DivN/A,divN/A,divN/A,divN/A,divN/A,divN/A,False,1732738132599091712
DivN/A,divN/A,divN/A,divN/A,divN/A,divN/A,False,1828932387117392384
DivN/A,divN/A,divN/A,divN/A,divN/A,divN/A,False,1698649465949769984
DivN/A,divN/A,divN/A,divN/A,divN/A,divN/A,False,1875586601356816640
DivN/A,divN/A,divN/A,divN/A,divN/A,divN/A,False,1870209373408244224
DivN/A,divN/A,divN/A,divN/A,divN/A,divN/A,False,1742653436393406720
DivN/A,divN/A,divN/A,divN/A,divN/A,divN/A,False,1774749954629652736
DivN/A,divN/A,divN/A,divN/A,divN/A,divN/A,False,1849325215479992320
DivN/A,divN/A,divN/A,divN/A,divN/A,divN/A,False,1844371141487636480
DivN/A,divN/A,divN/A,divN/A,divN/A,divN/A,False,1860411739973751296
DivN/A,divN/A,divN/A,divN/A,divN/A,divN/A,False,1724315771340214272
DivN/A,divN/A,divN/A,divN/A,divN/A,divN/A,False,1816855892232667648
DivN/A,divN/A,divN/A,divN/A,divN/A,divN/A,False,1849811521850712064
DivN/A,divN/A,divN/A,divN/A,divN/A,divN/A,False,1854544683646558464
DivN/A,divN/A,divN/A,divN/A,divN/A,divN/A,False,1875862939586171136
DivN/A,divN/A,divN/A,divN/A,divN/A,divN/A,False,1851241661478945024
DivN/A,divN/A,divN/A,divN/A,divN/A,divN/A,False,1851658184676741120
DivN/A,divN/A,divN/A,divN/A,divN/A,divN/A,False,1876841570072170496
DivN/A,divN/A,divN/A,divN/A,divN/A,divN/A,False,1860669656442576896
DivN/A,divN/A,divN/A,divN/A,divN/A,divN/A,False,1740378154055925760
DivN/A,divN/A,divN/A,divN/A,divN/A,divN/A,False,1876005770992783872
DivN/A,divN/A,divN/A,divN/A,divN/A,divN/A,False,1838350186097041664
DivN/A,divN/A,divN/A,divN/A,divN/A,divN/A,False,1875028823173177856
DivN/A,divN/A,divN/A,divN/A,divN/A,divN/A,False,1873183643558134272
DivN/A,divN/A,divN/A,divN/A,divN/A,divN/A,False,1731254086136181248
DivN/A,divN/A,divN/A,divN/A,divN/A,divN/A,False,1870287560993583360
DivN/A,divN/A,divN/A,divN/A,divN/A,divN/A,False,1872960773019881472
DivN/A,divN/A,divN/A,divN/A,divN/A,divN/A,False,1881143219188380160
DivN/A,divN/A,divN/A,divN/A,divN/A,divN/A,False,1721029443160772864
DivN/A,divN/A,divN/A,divN/A,divN/A,divN/A,False,1823167913987277056
DivN/A,divN/A,divN/A,divN/A,divN/A,divN/A,False,1823033048109367808
DivN/A,divN/A,divN/A,divN/A,divN/A,divN/A,False,1777064428929761536
DivN/A,divN/A,divN/A,divN/A,divN/A,divN/A,False,1869808997601292800
DivN/A,divN/A,divN/A,divN/A,divN/A,divN/A,False,1844524935953428480
DivN/A,divN/A,divN/A,divN/A,divN/A,divN/A,False,1858117883781414912
DivN/A,divN/A,divN/A,divN/A,divN/A,divN/A,False,1838646493118632448
DivN/A,divN/A,divN/A,divN/A,divN/A,divN/A,False,1865048875263832320
DivN/A,divN/A,divN/A,divN/A,divN/A,divN/A,False,1874664089894695424
DivN/A,divN/A,divN/A,divN/A,divN/A,divN/A,False,1877373187761090816
DivN/A,divN/A,divN/A,divN/A,divN/A,divN/A,False,1739040882509136384
DivN/A,divN/A,divN/A,divN/A,divN/A,divN/A,False,1740412540608237568
DivN/A,divN/A,divN/A,divN/A,divN/A,divN/A,False,1817160866439041024
DivN/A,divN/A,divN/A,divN/A,divN/A,divN/A,False,1.87963969676e+18
DivN/A,divN/A,divN/A,divN/A,divN/A,divN/A,False,1866679379511874048
DivN/A,divN/A,divN/A,divN/A,divN/A,divN/A,False,1859828390473367552
DivN/A,divN/A,divN/A,divN/A,divN/A,divN/A,False,1856034190350758400
DivN/A,divN/A,divN/A,divN/A,divN/A,divN/A,False,1823194536983556608
DivN/A,divN/A,divN/A,divN/A,divN/A,divN/A,False,1850616657477095680
DivN/A,divN/A,divN/A,divN/A,divN/A,divN/A,False,1843050098642632960
DivN/A,divN/A,divN/A,divN/A,divN/A,divN/A,False,1874105037120782848
"Sex is clearly binary, declaring oneself to be otherwise is a distortion of reality. ",7.5M,2.1K,10K,44K,3.8K,False,1686119970034339840
DivN/A,divN/A,divN/A,divN/A,divN/A,divN/A,False,1758994946340556800
DivN/A,divN/A,divN/A,divN/A,divN/A,divN/A,False,1844199163908538624
DivN/A,divN/A,divN/A,divN/A,divN/A,divN/A,False,1835905990220460032
DivN/A,divN/A,divN/A,divN/A,divN/A,divN/A,False,1857982106057805824
DivN/A,divN/A,divN/A,divN/A,divN/A,divN/A,False,1817008755231588352
DivN/A,divN/A,divN/A,divN/A,divN/A,divN/A,False,1846158563040796672
DivN/A,divN/A,divN/A,divN/A,divN/A,divN/A,False,1843785846643994880
DivN/A,divN/A,divN/A,divN/A,divN/A,divN/A,False,1844435192884416512
DivN/A,divN/A,divN/A,divN/A,divN/A,divN/A,False,1867627271189627392
DivN/A,divN/A,divN/A,divN/A,divN/A,divN/A,False,1830024150049796096
DivN/A,divN/A,divN/A,divN/A,divN/A,divN/A,False,1813980369735283200
DivN/A,divN/A,divN/A,divN/A,divN/A,divN/A,False,1729621217089323520
DivN/A,divN/A,divN/A,divN/A,divN/A,divN/A,False,1757949077021450496
DivN/A,divN/A,divN/A,divN/A,divN/A,divN/A,False,1853053393230610432
DivN/A,divN/A,divN/A,divN/A,divN/A,divN/A,False,1874614362612326656
DivN/A,divN/A,divN/A,divN/A,divN/A,divN/A,False,1682183734471303168
DivN/A,divN/A,divN/A,divN/A,divN/A,divN/A,False,1802864078379229696
DivN/A,divN/A,divN/A,divN/A,divN/A,divN/A,False,1820007636177465600
DivN/A,divN/A,divN/A,divN/A,divN/A,divN/A,False,1866476144352276736
DivN/A,divN/A,divN/A,divN/A,divN/A,divN/A,False,1781566326554714112
DivN/A,divN/A,divN/A,divN/A,divN/A,divN/A,False,1796343114250018816
DivN/A,divN/A,divN/A,divN/A,divN/A,divN/A,False,1878520252285288704
DivN/A,divN/A,divN/A,divN/A,divN/A,divN/A,False,1678873144201818112
DivN/A,divN/A,divN/A,divN/A,divN/A,divN/A,False,1727818965236302080
DivN/A,divN/A,divN/A,divN/A,divN/A,divN/A,False,1772739965320913408
DivN/A,divN/A,divN/A,divN/A,divN/A,divN/A,False,1788996442574450944
DivN/A,divN/A,divN/A,divN/A,divN/A,divN/A,False,1816938415822159872
DivN/A,divN/A,divN/A,divN/A,divN/A,divN/A,False,1817189903521976576
DivN/A,divN/A,divN/A,divN/A,divN/A,divN/A,False,1816977236085416448
DivN/A,divN/A,divN/A,divN/A,divN/A,divN/A,False,1817569151432458240
DivN/A,divN/A,divN/A,divN/A,divN/A,divN/A,False,1829025187544674304
DivN/A,divN/A,divN/A,divN/A,divN/A,divN/A,False,1800300034933526784
DivN/A,divN/A,divN/A,divN/A,divN/A,divN/A,False,1818043109919605248
DivN/A,divN/A,divN/A,divN/A,divN/A,divN/A,False,1784399533700727040
DivN/A,divN/A,divN/A,divN/A,divN/A,divN/A,False,1784720312535265536
DivN/A,divN/A,divN/A,divN/A,divN/A,divN/A,False,1855233994540863744
DivN/A,divN/A,divN/A,divN/A,divN/A,divN/A,False,1827063928901255424
DivN/A,divN/A,divN/A,divN/A,divN/A,divN/A,False,1.836049986708e+18
DivN/A,divN/A,divN/A,divN/A,divN/A,divN/A,False,1714984929979675136
DivN/A,divN/A,divN/A,divN/A,divN/A,divN/A,False,1732457928496496640
DivN/A,divN/A,divN/A,divN/A,divN/A,divN/A,False,1866387895852072960
DivN/A,divN/A,divN/A,divN/A,divN/A,divN/A,False,1775266965814431744
DivN/A,divN/A,divN/A,divN/A,divN/A,divN/A,False,1805013976276705280
DivN/A,divN/A,divN/A,divN/A,divN/A,divN/A,False,1865320138192351744
DivN/A,divN/A,divN/A,divN/A,divN/A,divN/A,False,1867650936459419904
DivN/A,divN/A,divN/A,divN/A,divN/A,divN/A,False,1769762027663147264
DivN/A,divN/A,divN/A,divN/A,divN/A,divN/A,False,1870056977562513664
DivN/A,divN/A,divN/A,divN/A,divN/A,divN/A,False,1828867088351457536
DivN/A,divN/A,divN/A,divN/A,divN/A,divN/A,False,1769354102088040704
DivN/A,divN/A,divN/A,divN/A,divN/A,divN/A,False,1760699849861984768
DivN/A,divN/A,divN/A,divN/A,divN/A,divN/A,False,1877084667075056128
DivN/A,divN/A,divN/A,divN/A,divN/A,divN/A,False,1846313636975071744
DivN/A,divN/A,divN/A,divN/A,divN/A,divN/A,False,1834898659697098752
DivN/A,divN/A,divN/A,divN/A,divN/A,divN/A,False,1847833088170348800
DivN/A,divN/A,divN/A,divN/A,divN/A,divN/A,False,1877775282595299328
DivN/A,divN/A,divN/A,divN/A,divN/A,divN/A,False,1781557358713278720
DivN/A,divN/A,divN/A,divN/A,divN/A,divN/A,False,1832282441417158656
DivN/A,divN/A,divN/A,divN/A,divN/A,divN/A,False,1742944810682535936
DivN/A,divN/A,divN/A,divN/A,divN/A,divN/A,False,1769645170478158080
DivN/A,divN/A,divN/A,divN/A,divN/A,divN/A,False,1852558869983076864
DivN/A,divN/A,divN/A,divN/A,divN/A,divN/A,False,1769357813510226432
DivN/A,divN/A,divN/A,divN/A,divN/A,divN/A,False,1834995793540903424
DivN/A,divN/A,divN/A,divN/A,divN/A,divN/A,False,1854087548597100544
DivN/A,divN/A,divN/A,divN/A,divN/A,divN/A,False,1828005190257033728
DivN/A,divN/A,divN/A,divN/A,divN/A,divN/A,False,1881887233516482560
DivN/A,divN/A,divN/A,divN/A,divN/A,divN/A,False,1836877990724083712
DivN/A,divN/A,divN/A,divN/A,divN/A,divN/A,False,1845847872287424512
DivN/A,divN/A,divN/A,divN/A,divN/A,divN/A,False,1776601723445879040
DivN/A,divN/A,divN/A,divN/A,divN/A,divN/A,False,1846471510900580352
DivN/A,divN/A,divN/A,divN/A,divN/A,divN/A,False,1834199177246769152
DivN/A,divN/A,divN/A,divN/A,divN/A,divN/A,False,1857388360442224896
DivN/A,divN/A,divN/A,divN/A,divN/A,divN/A,False,1746360780436427264
DivN/A,divN/A,divN/A,divN/A,divN/A,divN/A,False,1839720957004706304
DivN/A,divN/A,divN/A,divN/A,divN/A,divN/A,False,1873750987015659776
DivN/A,divN/A,divN/A,divN/A,divN/A,divN/A,False,1798686638706676224
DivN/A,divN/A,divN/A,divN/A,divN/A,divN/A,False,1711095470226055424
DivN/A,divN/A,divN/A,divN/A,divN/A,divN/A,False,1741133362117681664
DivN/A,divN/A,divN/A,divN/A,divN/A,divN/A,False,1765397025967710464
DivN/A,divN/A,divN/A,divN/A,divN/A,divN/A,False,1765675808520032768
DivN/A,divN/A,divN/A,divN/A,divN/A,divN/A,False,1767692785203728640
DivN/A,divN/A,divN/A,divN/A,divN/A,divN/A,False,1860707697210908672
DivN/A,divN/A,divN/A,divN/A,divN/A,divN/A,False,1819456483005776384
DivN/A,divN/A,divN/A,divN/A,divN/A,divN/A,False,1880585559212429312
DivN/A,divN/A,divN/A,divN/A,divN/A,divN/A,False,1870648451085545472
DivN/A,divN/A,divN/A,divN/A,divN/A,divN/A,False,1875254358201528832
DivN/A,divN/A,divN/A,divN/A,divN/A,divN/A,False,1875077091554976000
DivN/A,divN/A,divN/A,divN/A,divN/A,divN/A,False,1820109809154424832
DivN/A,divN/A,divN/A,divN/A,divN/A,divN/A,False,1779358921796243968
DivN/A,divN/A,divN/A,divN/A,divN/A,divN/A,False,1833869730735603712
DivN/A,divN/A,divN/A,divN/A,divN/A,divN/A,False,1876275279150379264
DivN/A,divN/A,divN/A,divN/A,divN/A,divN/A,False,1742283015097626880
DivN/A,divN/A,divN/A,divN/A,divN/A,divN/A,False,1848914615251702016
DivN/A,divN/A,divN/A,divN/A,divN/A,divN/A,False,1803342977177403904
DivN/A,divN/A,divN/A,divN/A,divN/A,divN/A,False,1870143457911574784
DivN/A,divN/A,divN/A,divN/A,divN/A,divN/A,False,1849207760463757312
DivN/A,divN/A,divN/A,divN/A,divN/A,divN/A,False,1800956045344326144
DivN/A,divN/A,divN/A,divN/A,divN/A,divN/A,False,1782552493928460544
DivN/A,divN/A,divN/A,divN/A,divN/A,divN/A,False,1859599076536263168
DivN/A,divN/A,divN/A,divN/A,divN/A,divN/A,False,1724179504661434368
DivN/A,divN/A,divN/A,divN/A,divN/A,divN/A,False,1743930368649249280
DivN/A,divN/A,divN/A,divN/A,divN/A,divN/A,False,1793756316672180480
DivN/A,divN/A,divN/A,divN/A,divN/A,divN/A,False,1779544596172689920
DivN/A,divN/A,divN/A,divN/A,divN/A,divN/A,False,1870890154602230016
DivN/A,divN/A,divN/A,divN/A,divN/A,divN/A,False,1832403535935217920
DivN/A,divN/A,divN/A,divN/A,divN/A,divN/A,False,1865447796041511424
DivN/A,divN/A,divN/A,divN/A,divN/A,divN/A,False,1856052301494137344
DivN/A,divN/A,divN/A,divN/A,divN/A,divN/A,False,1823970430685749504
DivN/A,divN/A,divN/A,divN/A,divN/A,divN/A,False,1834250593436635136
DivN/A,divN/A,divN/A,divN/A,divN/A,divN/A,False,1786384928470413312
DivN/A,divN/A,divN/A,divN/A,divN/A,divN/A,False,1793297402285138176
DivN/A,divN/A,divN/A,divN/A,divN/A,divN/A,False,1863962621629874688
DivN/A,divN/A,divN/A,divN/A,divN/A,divN/A,False,1830631894440149504
DivN/A,divN/A,divN/A,divN/A,divN/A,divN/A,False,1838302465776927232
DivN/A,divN/A,divN/A,divN/A,divN/A,divN/A,False,1848703831581893120
DivN/A,divN/A,divN/A,divN/A,divN/A,divN/A,False,1849475072974872576
DivN/A,divN/A,divN/A,divN/A,divN/A,divN/A,False,1854270559171031296
DivN/A,divN/A,divN/A,divN/A,divN/A,divN/A,False,1875622150897602560
DivN/A,divN/A,divN/A,divN/A,divN/A,divN/A,False,1877701761923691008
DivN/A,divN/A,divN/A,divN/A,divN/A,divN/A,False,1877814980399030272
DivN/A,divN/A,divN/A,divN/A,divN/A,divN/A,False,1820350313729032192
DivN/A,divN/A,divN/A,divN/A,divN/A,divN/A,False,1820988755773440256
DivN/A,divN/A,divN/A,divN/A,divN/A,divN/A,False,1819013206129418752
DivN/A,divN/A,divN/A,divN/A,divN/A,divN/A,False,1876243077565972736
DivN/A,divN/A,divN/A,divN/A,divN/A,divN/A,False,1845481701205488128
DivN/A,divN/A,divN/A,divN/A,divN/A,divN/A,False,1864952737693098240
DivN/A,divN/A,divN/A,divN/A,divN/A,divN/A,False,1877201223096369152
DivN/A,divN/A,divN/A,divN/A,divN/A,divN/A,False,1818363509937467904
DivN/A,divN/A,divN/A,divN/A,divN/A,divN/A,False,1863994965501603840
DivN/A,divN/A,divN/A,divN/A,divN/A,divN/A,False,1823074122131546112
DivN/A,divN/A,divN/A,divN/A,divN/A,divN/A,False,1824564435853197824
DivN/A,divN/A,divN/A,divN/A,divN/A,divN/A,False,1829574265731182592
DivN/A,divN/A,divN/A,divN/A,divN/A,divN/A,False,1732850536641069568
DivN/A,divN/A,divN/A,divN/A,divN/A,divN/A,False,1804261454025310720
DivN/A,divN/A,divN/A,divN/A,divN/A,divN/A,False,1834738329624916480
DivN/A,divN/A,divN/A,divN/A,divN/A,divN/A,False,1834723098371014656
DivN/A,divN/A,divN/A,divN/A,divN/A,divN/A,False,1819128788862882304
DivN/A,divN/A,divN/A,divN/A,divN/A,divN/A,False,1869468382267068416
DivN/A,divN/A,divN/A,divN/A,divN/A,divN/A,False,1872043181350470144
DivN/A,divN/A,divN/A,divN/A,divN/A,divN/A,False,1791564874557931776
DivN/A,divN/A,divN/A,divN/A,divN/A,divN/A,False,1877930583000805888
DivN/A,divN/A,divN/A,divN/A,divN/A,divN/A,False,1778557571739382016
DivN/A,divN/A,divN/A,divN/A,divN/A,divN/A,False,1858842258860290304
DivN/A,divN/A,divN/A,divN/A,divN/A,divN/A,False,1764267551893196800
DivN/A,divN/A,divN/A,divN/A,divN/A,divN/A,False,1787511253398654976
DivN/A,divN/A,divN/A,divN/A,divN/A,divN/A,False,1787497957429793024
DivN/A,divN/A,divN/A,divN/A,divN/A,divN/A,False,1854011486936375808
DivN/A,divN/A,divN/A,divN/A,divN/A,divN/A,False,1878778133337522688
DivN/A,divN/A,divN/A,divN/A,divN/A,divN/A,False,1853625288615158016
DivN/A,divN/A,divN/A,divN/A,divN/A,divN/A,False,1744377699655720960
DivN/A,divN/A,divN/A,divN/A,divN/A,divN/A,False,1767618985397273088
DivN/A,divN/A,divN/A,divN/A,divN/A,divN/A,False,1858162268967501824
DivN/A,divN/A,divN/A,divN/A,divN/A,divN/A,False,1859658593588613376
DivN/A,divN/A,divN/A,divN/A,divN/A,divN/A,False,1779335512148304384
DivN/A,divN/A,divN/A,divN/A,divN/A,divN/A,False,1849189689623805952
DivN/A,divN/A,divN/A,divN/A,divN/A,divN/A,False,1822027963006865664
DivN/A,divN/A,divN/A,divN/A,divN/A,divN/A,False,1773024595701825536
DivN/A,divN/A,divN/A,divN/A,divN/A,divN/A,False,1852361351798104064
DivN/A,divN/A,divN/A,divN/A,divN/A,divN/A,False,1879221530581991424
DivN/A,divN/A,divN/A,divN/A,divN/A,divN/A,False,1838030809359417344
DivN/A,divN/A,divN/A,divN/A,divN/A,divN/A,False,1871858300352131072
DivN/A,divN/A,divN/A,divN/A,divN/A,divN/A,False,1.814094573138e+18
DivN/A,divN/A,divN/A,divN/A,divN/A,divN/A,False,1835706688592072960
DivN/A,divN/A,divN/A,divN/A,divN/A,divN/A,False,1758856575588909056
DivN/A,divN/A,divN/A,divN/A,divN/A,divN/A,False,1818386735593918720
DivN/A,divN/A,divN/A,divN/A,divN/A,divN/A,False,1877573967403216896
DivN/A,divN/A,divN/A,divN/A,divN/A,divN/A,False,1829137319221506304
DivN/A,divN/A,divN/A,divN/A,divN/A,divN/A,False,1836811576868745728
DivN/A,divN/A,divN/A,divN/A,divN/A,divN/A,False,1816201649993527808
DivN/A,divN/A,divN/A,divN/A,divN/A,divN/A,False,1816166195797631488
DivN/A,divN/A,divN/A,divN/A,divN/A,divN/A,False,1817957248964182016
DivN/A,divN/A,divN/A,divN/A,divN/A,divN/A,False,1756338449919905792
DivN/A,divN/A,divN/A,divN/A,divN/A,divN/A,False,1778247108719480832
DivN/A,divN/A,divN/A,divN/A,divN/A,divN/A,False,1793442358039560704
DivN/A,divN/A,divN/A,divN/A,divN/A,divN/A,False,1756414506723320064
DivN/A,divN/A,divN/A,divN/A,divN/A,divN/A,False,1799707441975697920
DivN/A,divN/A,divN/A,divN/A,divN/A,divN/A,False,1812526870312718848
DivN/A,divN/A,divN/A,divN/A,divN/A,divN/A,False,1877831328172826624
DivN/A,divN/A,divN/A,divN/A,divN/A,divN/A,False,1743434867839521280
DivN/A,divN/A,divN/A,divN/A,divN/A,divN/A,False,1881464571187310592
DivN/A,divN/A,divN/A,divN/A,divN/A,divN/A,False,1778077846537203712
DivN/A,divN/A,divN/A,divN/A,divN/A,divN/A,False,1775715412581454080
DivN/A,divN/A,divN/A,divN/A,divN/A,divN/A,False,1808557804547960832
DivN/A,divN/A,divN/A,divN/A,divN/A,divN/A,False,1766964360830652928
DivN/A,divN/A,divN/A,divN/A,divN/A,divN/A,False,1775901381422883328
DivN/A,divN/A,divN/A,divN/A,divN/A,divN/A,False,1819438900529483776
DivN/A,divN/A,divN/A,divN/A,divN/A,divN/A,False,1724382534396686848
DivN/A,divN/A,divN/A,divN/A,divN/A,divN/A,False,1848512585626239488
DivN/A,divN/A,divN/A,divN/A,divN/A,divN/A,False,1819822086212243456
DivN/A,divN/A,divN/A,divN/A,divN/A,divN/A,False,1723456916557287680
DivN/A,divN/A,divN/A,divN/A,divN/A,divN/A,False,1847709972441817344
DivN/A,divN/A,divN/A,divN/A,divN/A,divN/A,False,1876449293898293504
DivN/A,divN/A,divN/A,divN/A,divN/A,divN/A,False,1774473046373581056
DivN/A,divN/A,divN/A,divN/A,divN/A,divN/A,False,1853071386425651456
DivN/A,divN/A,divN/A,divN/A,divN/A,divN/A,False,1728569982290743808
DivN/A,divN/A,divN/A,divN/A,divN/A,divN/A,False,1773456392591982592
DivN/A,divN/A,divN/A,divN/A,divN/A,divN/A,False,1875831138918531072
DivN/A,divN/A,divN/A,divN/A,divN/A,divN/A,False,1732939049340416000
DivN/A,divN/A,divN/A,divN/A,divN/A,divN/A,False,1754966332909511168
DivN/A,divN/A,divN/A,divN/A,divN/A,divN/A,False,1854337211262476544
DivN/A,divN/A,divN/A,divN/A,divN/A,divN/A,False,1876667051567456256
DivN/A,divN/A,divN/A,divN/A,divN/A,divN/A,False,1848418591726833920
DivN/A,divN/A,divN/A,divN/A,divN/A,divN/A,False,1757474164850798592
DivN/A,divN/A,divN/A,divN/A,divN/A,divN/A,False,1777556974453830144
DivN/A,divN/A,divN/A,divN/A,divN/A,divN/A,False,1846319574163010048
DivN/A,divN/A,divN/A,divN/A,divN/A,divN/A,False,1825703504477839616
DivN/A,divN/A,divN/A,divN/A,divN/A,divN/A,False,1723736647966089216
DivN/A,divN/A,divN/A,divN/A,divN/A,divN/A,False,1857570446910304768
DivN/A,divN/A,divN/A,divN/A,divN/A,divN/A,False,1827573383124439552
DivN/A,divN/A,divN/A,divN/A,divN/A,divN/A,False,1816029727921979392
DivN/A,divN/A,divN/A,divN/A,divN/A,divN/A,False,1854547864728326144
DivN/A,divN/A,divN/A,divN/A,divN/A,divN/A,False,1847848267100393984
DivN/A,divN/A,divN/A,divN/A,divN/A,divN/A,False,1850206170566320384
DivN/A,divN/A,divN/A,divN/A,divN/A,divN/A,False,1854201945134673920
DivN/A,divN/A,divN/A,divN/A,divN/A,divN/A,False,1840721553786372608
DivN/A,divN/A,divN/A,divN/A,divN/A,divN/A,False,1773532023241482496
DivN/A,divN/A,divN/A,divN/A,divN/A,divN/A,False,1719662664090075136
DivN/A,divN/A,divN/A,divN/A,divN/A,divN/A,False,1788379168981327872
DivN/A,divN/A,divN/A,divN/A,divN/A,divN/A,False,1837897947339542784
DivN/A,divN/A,divN/A,divN/A,divN/A,divN/A,False,1770841932354199552
DivN/A,divN/A,divN/A,divN/A,divN/A,divN/A,False,1804919529811702016
DivN/A,divN/A,divN/A,divN/A,divN/A,divN/A,False,1805227139341467904
DivN/A,divN/A,divN/A,divN/A,divN/A,divN/A,False,1807450669986570496
DivN/A,divN/A,divN/A,divN/A,divN/A,divN/A,False,1818979512006201600
DivN/A,divN/A,divN/A,divN/A,divN/A,divN/A,False,1723415955303219456
DivN/A,divN/A,divN/A,divN/A,divN/A,divN/A,False,1776948033067819264
DivN/A,divN/A,divN/A,divN/A,divN/A,divN/A,False,1816506986701168896
DivN/A,divN/A,divN/A,divN/A,divN/A,divN/A,False,1826593036505420288
DivN/A,divN/A,divN/A,divN/A,divN/A,divN/A,False,1846241974132609280
DivN/A,divN/A,divN/A,divN/A,divN/A,divN/A,False,1861421359697428736
DivN/A,divN/A,divN/A,divN/A,divN/A,divN/A,False,1864037173663764480
DivN/A,divN/A,divN/A,divN/A,divN/A,divN/A,False,1871982487372779776
DivN/A,divN/A,divN/A,divN/A,divN/A,divN/A,False,1853771964009041920
DivN/A,divN/A,divN/A,divN/A,divN/A,divN/A,False,1859047060361634304
DivN/A,divN/A,divN/A,divN/A,divN/A,divN/A,False,1866238764143792640
DivN/A,divN/A,divN/A,divN/A,divN/A,divN/A,False,1870733543183393024
The LA DEI Fire Department is ready to serve.,7.7M,1.1K,639,1.1K,135,False,1877574405217235200
DivN/A,divN/A,divN/A,divN/A,divN/A,divN/A,False,1827822605195169792
DivN/A,divN/A,divN/A,divN/A,divN/A,divN/A,False,1837574551565488128
DivN/A,divN/A,divN/A,divN/A,divN/A,divN/A,False,1870206519121199104
DivN/A,divN/A,divN/A,divN/A,divN/A,divN/A,False,1735721623007924480
DivN/A,divN/A,divN/A,divN/A,divN/A,divN/A,False,1875153589318115840
DivN/A,divN/A,divN/A,divN/A,divN/A,divN/A,False,1878231761047757056
DivN/A,divN/A,divN/A,divN/A,divN/A,divN/A,False,1667284936666087424
DivN/A,divN/A,divN/A,divN/A,divN/A,divN/A,False,1788883769186783232
DivN/A,divN/A,divN/A,divN/A,divN/A,divN/A,False,1853113059402801152
DivN/A,divN/A,divN/A,divN/A,divN/A,divN/A,False,1812296672510112000
DivN/A,divN/A,divN/A,divN/A,divN/A,divN/A,False,1874607473413488896
DivN/A,divN/A,divN/A,divN/A,divN/A,divN/A,False,1878042817454374912
DivN/A,divN/A,divN/A,divN/A,divN/A,divN/A,False,1795555974083752448
DivN/A,divN/A,divN/A,divN/A,divN/A,divN/A,False,1712461886195921408
DivN/A,divN/A,divN/A,divN/A,divN/A,divN/A,False,1746280790948782336
DivN/A,divN/A,divN/A,divN/A,divN/A,divN/A,False,1724908130554044928
DivN/A,divN/A,divN/A,divN/A,divN/A,divN/A,False,1737027603255492864
DivN/A,divN/A,divN/A,divN/A,divN/A,divN/A,False,1820859617813098496
DivN/A,divN/A,divN/A,divN/A,divN/A,divN/A,False,1756990510487449600
DivN/A,divN/A,divN/A,divN/A,divN/A,divN/A,False,1699245595867971840
DivN/A,divN/A,divN/A,divN/A,divN/A,divN/A,False,1792930048980164864
DivN/A,divN/A,divN/A,divN/A,divN/A,divN/A,False,1770497249665069568
DivN/A,divN/A,divN/A,divN/A,divN/A,divN/A,False,1842732067588600064
DivN/A,divN/A,divN/A,divN/A,divN/A,divN/A,False,1874508673361510656
DivN/A,divN/A,divN/A,divN/A,divN/A,divN/A,False,1812580439061926400
DivN/A,divN/A,divN/A,divN/A,divN/A,divN/A,False,1854516506169585920
DivN/A,divN/A,divN/A,divN/A,divN/A,divN/A,False,1720125104326156544
DivN/A,divN/A,divN/A,divN/A,divN/A,divN/A,False,1796663966522876160
DivN/A,divN/A,divN/A,divN/A,divN/A,divN/A,False,1881943040836911360
DivN/A,divN/A,divN/A,divN/A,divN/A,divN/A,False,1714279937279160576
DivN/A,divN/A,divN/A,divN/A,divN/A,divN/A,False,1878454207453278720
DivN/A,divN/A,divN/A,divN/A,divN/A,divN/A,False,1822301100046733312
DivN/A,divN/A,divN/A,divN/A,divN/A,divN/A,False,1831101700020600832
DivN/A,divN/A,divN/A,divN/A,divN/A,divN/A,False,1838334025116643584
DivN/A,divN/A,divN/A,divN/A,divN/A,divN/A,False,1876499937757900800
DivN/A,divN/A,divN/A,divN/A,divN/A,divN/A,False,1879580389423144960
DivN/A,divN/A,divN/A,divN/A,divN/A,divN/A,False,1881686799678140416
DivN/A,divN/A,divN/A,divN/A,divN/A,divN/A,False,1875920956738473984
DivN/A,divN/A,divN/A,divN/A,divN/A,divN/A,False,1829487863920009216
DivN/A,divN/A,divN/A,divN/A,divN/A,divN/A,False,1856046118322188544
DivN/A,divN/A,divN/A,divN/A,divN/A,divN/A,False,1858897161569603840
DivN/A,divN/A,divN/A,divN/A,divN/A,divN/A,False,1805015499266552320
DivN/A,divN/A,divN/A,divN/A,divN/A,divN/A,False,1836964812049269248
DivN/A,divN/A,divN/A,divN/A,divN/A,divN/A,False,1817776064250487040
"The New York Times actually has the nerve to support calls for genocide! If ever there was a time to cancel that publication, it is now.

You can read their articles for free anyway using ",37M,17K,48K,197K,9.5K,False,1687520435825745920
DivN/A,divN/A,divN/A,divN/A,divN/A,divN/A,False,1877883626429284352
The most important code to raise awareness!,viewsN/A,2K,13K,107K,7.9K,False,1597354992209305600
DivN/A,divN/A,divN/A,divN/A,divN/A,divN/A,False,1781534209837826560
DivN/A,divN/A,divN/A,divN/A,divN/A,divN/A,False,1832505040348823552
DivN/A,divN/A,divN/A,divN/A,divN/A,divN/A,False,1838335534076133376
DivN/A,divN/A,divN/A,divN/A,divN/A,divN/A,False,1818740223511048704
DivN/A,divN/A,divN/A,divN/A,divN/A,divN/A,False,1804565965679845376
DivN/A,divN/A,divN/A,divN/A,divN/A,divN/A,False,1878535597469442560
DivN/A,divN/A,divN/A,divN/A,divN/A,divN/A,False,1801301002533978624
DivN/A,divN/A,divN/A,divN/A,divN/A,divN/A,False,1850358823208304640
DivN/A,divN/A,divN/A,divN/A,divN/A,divN/A,False,1878159817191149824
DivN/A,divN/A,divN/A,divN/A,divN/A,divN/A,False,1773384380645331200
DivN/A,divN/A,divN/A,divN/A,divN/A,divN/A,False,1847718759412216064
DivN/A,divN/A,divN/A,divN/A,divN/A,divN/A,False,1871622697341661440
DivN/A,divN/A,divN/A,divN/A,divN/A,divN/A,False,1821377479514464256
DivN/A,divN/A,divN/A,divN/A,divN/A,divN/A,False,1777066719347130880
DivN/A,divN/A,divN/A,divN/A,divN/A,divN/A,False,1681309370523742208
DivN/A,divN/A,divN/A,divN/A,divN/A,divN/A,False,1848097694402691072
DivN/A,divN/A,divN/A,divN/A,divN/A,divN/A,False,1854385260798287872
DivN/A,divN/A,divN/A,divN/A,divN/A,divN/A,False,1865589973832888576
DivN/A,divN/A,divN/A,divN/A,divN/A,divN/A,False,1881111761056838144
DivN/A,divN/A,divN/A,divN/A,divN/A,divN/A,False,1758592974483608064
DivN/A,divN/A,divN/A,divN/A,divN/A,divN/A,False,1776732112013463552
DivN/A,divN/A,divN/A,divN/A,divN/A,divN/A,False,1874972142905016320
DivN/A,divN/A,divN/A,divN/A,divN/A,divN/A,False,1838321017867112704
DivN/A,divN/A,divN/A,divN/A,divN/A,divN/A,False,1860350575314944256
DivN/A,divN/A,divN/A,divN/A,divN/A,divN/A,False,1857957335689277696
DivN/A,divN/A,divN/A,divN/A,divN/A,divN/A,False,1774143429720596736
DivN/A,divN/A,divN/A,divN/A,divN/A,divN/A,False,1820809612083229184
DivN/A,divN/A,divN/A,divN/A,divN/A,divN/A,False,1764885292199063552
DivN/A,divN/A,divN/A,divN/A,divN/A,divN/A,False,1755321379564523776
DivN/A,divN/A,divN/A,divN/A,divN/A,divN/A,False,1853089784203464960
DivN/A,divN/A,divN/A,divN/A,divN/A,divN/A,False,1822595592327233536
DivN/A,divN/A,divN/A,divN/A,divN/A,divN/A,False,1797849624449110528
DivN/A,divN/A,divN/A,divN/A,divN/A,divN/A,False,1846685899159228416
DivN/A,divN/A,divN/A,divN/A,divN/A,divN/A,False,1827282706574536960
DivN/A,divN/A,divN/A,divN/A,divN/A,divN/A,False,1836576357612163072
DivN/A,divN/A,divN/A,divN/A,divN/A,divN/A,False,1872000462863352064
DivN/A,divN/A,divN/A,divN/A,divN/A,divN/A,False,1838237406476075264
DivN/A,divN/A,divN/A,divN/A,divN/A,divN/A,False,1659739956263243776
DivN/A,divN/A,divN/A,divN/A,divN/A,divN/A,False,1849854528751010304
DivN/A,divN/A,divN/A,divN/A,divN/A,divN/A,False,1870645760146247936
DivN/A,divN/A,divN/A,divN/A,divN/A,divN/A,False,1821268786592542976
DivN/A,divN/A,divN/A,divN/A,divN/A,divN/A,False,1862331730490753280
DivN/A,divN/A,divN/A,divN/A,divN/A,divN/A,False,1819535800465228288
DivN/A,divN/A,divN/A,divN/A,divN/A,divN/A,False,1836591025340715264
DivN/A,divN/A,divN/A,divN/A,divN/A,divN/A,False,1838796482557714432
DivN/A,divN/A,divN/A,divN/A,divN/A,divN/A,False,1833544007953035520
DivN/A,divN/A,divN/A,divN/A,divN/A,divN/A,False,1816325299585405184
DivN/A,divN/A,divN/A,divN/A,divN/A,divN/A,False,1.799289563955e+18
DivN/A,divN/A,divN/A,divN/A,divN/A,divN/A,False,1776735900799549696
DivN/A,divN/A,divN/A,divN/A,divN/A,divN/A,False,1779247501402382336
DivN/A,divN/A,divN/A,divN/A,divN/A,divN/A,False,1795510704998617344
DivN/A,divN/A,divN/A,divN/A,divN/A,divN/A,False,1810842679523115264
DivN/A,divN/A,divN/A,divN/A,divN/A,divN/A,False,1817273263761817600
DivN/A,divN/A,divN/A,divN/A,divN/A,divN/A,False,1819231109432885504
DivN/A,divN/A,divN/A,divN/A,divN/A,divN/A,False,1832604882945134592
DivN/A,divN/A,divN/A,divN/A,divN/A,divN/A,False,1845838366316670976
DivN/A,divN/A,divN/A,divN/A,divN/A,divN/A,False,1848379858331566080
DivN/A,divN/A,divN/A,divN/A,divN/A,divN/A,False,1849810360850595840
DivN/A,divN/A,divN/A,divN/A,divN/A,divN/A,False,1719076410428473600
"'Cis' is ideological language, signifying belief in the unfalsifiable concept of gender identity. You have a perfect right to believe in unprovable essences that may or may not match the sexed body, but the rest of us have a right to disagree, and to refuse to adopt your jargon.",21M,10K,41K,200K,5.3K,False,1671507557175681024
DivN/A,divN/A,divN/A,divN/A,divN/A,divN/A,False,1784893820343329024
DivN/A,divN/A,divN/A,divN/A,divN/A,divN/A,False,1877471941176513024
DivN/A,divN/A,divN/A,divN/A,divN/A,divN/A,False,1815098561106714880
DivN/A,divN/A,divN/A,divN/A,divN/A,divN/A,False,1817734733591147008
DivN/A,divN/A,divN/A,divN/A,divN/A,divN/A,False,1838825640700567552
DivN/A,divN/A,divN/A,divN/A,divN/A,divN/A,False,1847494500727333120
DivN/A,divN/A,divN/A,divN/A,divN/A,divN/A,False,1775646582311948544
DivN/A,divN/A,divN/A,divN/A,divN/A,divN/A,False,1873821393109864704
DivN/A,divN/A,divN/A,divN/A,divN/A,divN/A,False,1874490123464925184
DivN/A,divN/A,divN/A,divN/A,divN/A,divN/A,False,1684578946548117504
DivN/A,divN/A,divN/A,divN/A,divN/A,divN/A,False,1836878060173295616
DivN/A,divN/A,divN/A,divN/A,divN/A,divN/A,False,1738566702252630528
DivN/A,divN/A,divN/A,divN/A,divN/A,divN/A,False,1870220442209849344
DivN/A,divN/A,divN/A,divN/A,divN/A,divN/A,False,1856546803170038016
DivN/A,divN/A,divN/A,divN/A,divN/A,divN/A,False,1701171918903075328
DivN/A,divN/A,divN/A,divN/A,divN/A,divN/A,False,1843664856446316800
DivN/A,divN/A,divN/A,divN/A,divN/A,divN/A,False,1827667318400253952
DivN/A,divN/A,divN/A,divN/A,divN/A,divN/A,False,1718012786104525056
DivN/A,divN/A,divN/A,divN/A,divN/A,divN/A,False,1798845475509956864
DivN/A,divN/A,divN/A,divN/A,divN/A,divN/A,False,1806599936504467968
DivN/A,divN/A,divN/A,divN/A,divN/A,divN/A,False,1838160636020215808
DivN/A,divN/A,divN/A,divN/A,divN/A,divN/A,False,1803864123941306624
DivN/A,divN/A,divN/A,divN/A,divN/A,divN/A,False,1805702515536838656
DivN/A,divN/A,divN/A,divN/A,divN/A,divN/A,False,1847777079435092224
DivN/A,divN/A,divN/A,divN/A,divN/A,divN/A,False,1866665425234166016
DivN/A,divN/A,divN/A,divN/A,divN/A,divN/A,False,1826032061309923328
DivN/A,divN/A,divN/A,divN/A,divN/A,divN/A,False,1833716011889037312
DivN/A,divN/A,divN/A,divN/A,divN/A,divN/A,False,1668589229046112256
DivN/A,divN/A,divN/A,divN/A,divN/A,divN/A,False,1716994962703724800
DivN/A,divN/A,divN/A,divN/A,divN/A,divN/A,False,1824833934573666560
DivN/A,divN/A,divN/A,divN/A,divN/A,divN/A,False,1790105474567729152
DivN/A,divN/A,divN/A,divN/A,divN/A,divN/A,False,1846605254864888320
DivN/A,divN/A,divN/A,divN/A,divN/A,divN/A,False,1834230977788313600
DivN/A,divN/A,divN/A,divN/A,divN/A,divN/A,False,1834141567009042432
DivN/A,divN/A,divN/A,divN/A,divN/A,divN/A,False,1839743757660402176
DivN/A,divN/A,divN/A,divN/A,divN/A,divN/A,False,1730289068762918912
DivN/A,divN/A,divN/A,divN/A,divN/A,divN/A,False,1849087674457464832
DivN/A,divN/A,divN/A,divN/A,divN/A,divN/A,False,1749621444856664320
DivN/A,divN/A,divN/A,divN/A,divN/A,divN/A,False,1877462752526053376
DivN/A,divN/A,divN/A,divN/A,divN/A,divN/A,False,1779063463421386752
DivN/A,divN/A,divN/A,divN/A,divN/A,divN/A,False,1783738055549239808
DivN/A,divN/A,divN/A,divN/A,divN/A,divN/A,False,1867229184105267456
DivN/A,divN/A,divN/A,divN/A,divN/A,divN/A,False,1813585289883136000
DivN/A,divN/A,divN/A,divN/A,divN/A,divN/A,False,1827743994186780672
DivN/A,divN/A,divN/A,divN/A,divN/A,divN/A,False,1720318729395863552
DivN/A,divN/A,divN/A,divN/A,divN/A,divN/A,False,1756346339409965056
DivN/A,divN/A,divN/A,divN/A,divN/A,divN/A,False,1763615781068185600
DivN/A,divN/A,divN/A,divN/A,divN/A,divN/A,False,1774236165522297344
DivN/A,divN/A,divN/A,divN/A,divN/A,divN/A,False,1783191454308864256
DivN/A,divN/A,divN/A,divN/A,divN/A,divN/A,False,1718240244129059328
DivN/A,divN/A,divN/A,divN/A,divN/A,divN/A,False,1776752834857382400
DivN/A,divN/A,divN/A,divN/A,divN/A,divN/A,False,1879576028743704576
DivN/A,divN/A,divN/A,divN/A,divN/A,divN/A,False,1739778709052162304
DivN/A,divN/A,divN/A,divN/A,divN/A,divN/A,False,1.816245957711e+18
DivN/A,divN/A,divN/A,divN/A,divN/A,divN/A,False,1880799086355587584
DivN/A,divN/A,divN/A,divN/A,divN/A,divN/A,False,1854833375057428736
DivN/A,divN/A,divN/A,divN/A,divN/A,divN/A,False,1844762232900477440
DivN/A,divN/A,divN/A,divN/A,divN/A,divN/A,False,1739489244429648384
DivN/A,divN/A,divN/A,divN/A,divN/A,divN/A,False,1876325206484038144
DivN/A,divN/A,divN/A,divN/A,divN/A,divN/A,False,1782433379490623488
DivN/A,divN/A,divN/A,divN/A,divN/A,divN/A,False,1828928986833137920
DivN/A,divN/A,divN/A,divN/A,divN/A,divN/A,False,1788138964781547776
DivN/A,divN/A,divN/A,divN/A,divN/A,divN/A,False,1744181492098449408
DivN/A,divN/A,divN/A,divN/A,divN/A,divN/A,False,1801641694602899968
My podcast with Roseanne was removed from another platform so i want it to be able to live somewhere.,81M,1.9K,7K,55K,5.2K,False,1675248238226706432
DivN/A,divN/A,divN/A,divN/A,divN/A,divN/A,False,1755287281059918080
DivN/A,divN/A,divN/A,divN/A,divN/A,divN/A,False,1816415690040939008
DivN/A,divN/A,divN/A,divN/A,divN/A,divN/A,False,1844449775992893696
DivN/A,divN/A,divN/A,divN/A,divN/A,divN/A,False,1860386628893835264
DivN/A,divN/A,divN/A,divN/A,divN/A,divN/A,False,1765148893036139008
DivN/A,divN/A,divN/A,divN/A,divN/A,divN/A,False,1779179829310423296
DivN/A,divN/A,divN/A,divN/A,divN/A,divN/A,False,1712578534336586240
DivN/A,divN/A,divN/A,divN/A,divN/A,divN/A,False,1881765967338131456
DivN/A,divN/A,divN/A,divN/A,divN/A,divN/A,False,1866588756339458560
DivN/A,divN/A,divN/A,divN/A,divN/A,divN/A,False,1819481345405358080
DivN/A,divN/A,divN/A,divN/A,divN/A,divN/A,False,1655063150591451136
DivN/A,divN/A,divN/A,divN/A,divN/A,divN/A,False,1656454979790487552
DivN/A,divN/A,divN/A,divN/A,divN/A,divN/A,False,1733678493215453696
DivN/A,divN/A,divN/A,divN/A,divN/A,divN/A,False,1870521679111168000
DivN/A,divN/A,divN/A,divN/A,divN/A,divN/A,False,1856779822682574848
DivN/A,divN/A,divN/A,divN/A,divN/A,divN/A,False,1769459571989295360
DivN/A,divN/A,divN/A,divN/A,divN/A,divN/A,False,1874518346332295424
DivN/A,divN/A,divN/A,divN/A,divN/A,divN/A,False,1881494345682936064
"To address extreme levels of data scraping & system manipulation, we’ve applied the following temporary limits:

- Verified accounts are limited to reading 6000 posts/day
- Unverified accounts to 600 posts/day
- New unverified accounts to 300/day",607.1M,185K,542K,430K,26K,False,1675187969420828672
DivN/A,divN/A,divN/A,divN/A,divN/A,divN/A,False,1810315077574353408
DivN/A,divN/A,divN/A,divN/A,divN/A,divN/A,False,1846405459495854336
DivN/A,divN/A,divN/A,divN/A,divN/A,divN/A,False,1803308587667824896
DivN/A,divN/A,divN/A,divN/A,divN/A,divN/A,False,1811908837219192832
DivN/A,divN/A,divN/A,divN/A,divN/A,divN/A,False,1839257608575705344
DivN/A,divN/A,divN/A,divN/A,divN/A,divN/A,False,1810303220595446016
DivN/A,divN/A,divN/A,divN/A,divN/A,divN/A,False,1802483186712363264
DivN/A,divN/A,divN/A,divN/A,divN/A,divN/A,False,1806341713826377984
DivN/A,divN/A,divN/A,divN/A,divN/A,divN/A,False,1765527229914923264
DivN/A,divN/A,divN/A,divN/A,divN/A,divN/A,False,1846605208119353600
DivN/A,divN/A,divN/A,divN/A,divN/A,divN/A,False,1869542400059899904
DivN/A,divN/A,divN/A,divN/A,divN/A,divN/A,False,1727409278636478464
DivN/A,divN/A,divN/A,divN/A,divN/A,divN/A,False,1788948940177441024
DivN/A,divN/A,divN/A,divN/A,divN/A,divN/A,False,1853653940505870848
DivN/A,divN/A,divN/A,divN/A,divN/A,divN/A,False,1852365608790249472
DivN/A,divN/A,divN/A,divN/A,divN/A,divN/A,False,1881442417653743616
DivN/A,divN/A,divN/A,divN/A,divN/A,divN/A,False,1881446968679088384
DivN/A,divN/A,divN/A,divN/A,divN/A,divN/A,False,1846646182841385216
DivN/A,divN/A,divN/A,divN/A,divN/A,divN/A,False,1852390845766377984
DivN/A,divN/A,divN/A,divN/A,divN/A,divN/A,False,1745595223533662464
DivN/A,divN/A,divN/A,divN/A,divN/A,divN/A,False,1877238022380397056
DivN/A,divN/A,divN/A,divN/A,divN/A,divN/A,False,1842600717032591360
DivN/A,divN/A,divN/A,divN/A,divN/A,divN/A,False,1852946465850621952
DivN/A,divN/A,divN/A,divN/A,divN/A,divN/A,False,1827280340899041280
DivN/A,divN/A,divN/A,divN/A,divN/A,divN/A,False,1872860577057448448
DivN/A,divN/A,divN/A,divN/A,divN/A,divN/A,False,1784236124212183040
DivN/A,divN/A,divN/A,divN/A,divN/A,divN/A,False,1798685173216928000
DivN/A,divN/A,divN/A,divN/A,divN/A,divN/A,False,1803834784948347136
DivN/A,divN/A,divN/A,divN/A,divN/A,divN/A,False,1815230459523268864
DivN/A,divN/A,divN/A,divN/A,divN/A,divN/A,False,1815328334894551296
DivN/A,divN/A,divN/A,divN/A,divN/A,divN/A,False,1815816807090905344
DivN/A,divN/A,divN/A,divN/A,divN/A,divN/A,False,1819390103619301888
DivN/A,divN/A,divN/A,divN/A,divN/A,divN/A,False,1819964433977807360
DivN/A,divN/A,divN/A,divN/A,divN/A,divN/A,False,1820603166951665664
DivN/A,divN/A,divN/A,divN/A,divN/A,divN/A,False,1827819638857900544
DivN/A,divN/A,divN/A,divN/A,divN/A,divN/A,False,1829275391971959040
DivN/A,divN/A,divN/A,divN/A,divN/A,divN/A,False,1832096928538227200
DivN/A,divN/A,divN/A,divN/A,divN/A,divN/A,False,1833678822912536576
DivN/A,divN/A,divN/A,divN/A,divN/A,divN/A,False,1834978478740877824
DivN/A,divN/A,divN/A,divN/A,divN/A,divN/A,False,1835344310419493120
DivN/A,divN/A,divN/A,divN/A,divN/A,divN/A,False,1835480820779258368
DivN/A,divN/A,divN/A,divN/A,divN/A,divN/A,False,1837610640967409920
DivN/A,divN/A,divN/A,divN/A,divN/A,divN/A,False,1838977245756482048
DivN/A,divN/A,divN/A,divN/A,divN/A,divN/A,False,1840547767174779136
DivN/A,divN/A,divN/A,divN/A,divN/A,divN/A,False,1845958756393537536
DivN/A,divN/A,divN/A,divN/A,divN/A,divN/A,False,1847832169407754496
DivN/A,divN/A,divN/A,divN/A,divN/A,divN/A,False,1848061362679025920
DivN/A,divN/A,divN/A,divN/A,divN/A,divN/A,False,1848073937948643328
DivN/A,divN/A,divN/A,divN/A,divN/A,divN/A,False,1848067824171773952
DivN/A,divN/A,divN/A,divN/A,divN/A,divN/A,False,1848071378966077696
DivN/A,divN/A,divN/A,divN/A,divN/A,divN/A,False,1848078771661783296
DivN/A,divN/A,divN/A,divN/A,divN/A,divN/A,False,1848154561367691520
DivN/A,divN/A,divN/A,divN/A,divN/A,divN/A,False,1853444639136890880
DivN/A,divN/A,divN/A,divN/A,divN/A,divN/A,False,1855726580594598144
DivN/A,divN/A,divN/A,divN/A,divN/A,divN/A,False,1863065867128553984
DivN/A,divN/A,divN/A,divN/A,divN/A,divN/A,False,1845622877317640192
DivN/A,divN/A,divN/A,divN/A,divN/A,divN/A,False,1783237229252346368
DivN/A,divN/A,divN/A,divN/A,divN/A,divN/A,False,1756561127557718528
DivN/A,divN/A,divN/A,divN/A,divN/A,divN/A,False,1813980126117609472
DivN/A,divN/A,divN/A,divN/A,divN/A,divN/A,False,1851798053201580544
DivN/A,divN/A,divN/A,divN/A,divN/A,divN/A,False,1777144328156037120
DivN/A,divN/A,divN/A,divN/A,divN/A,divN/A,False,1814055902653059584
DivN/A,divN/A,divN/A,divN/A,divN/A,divN/A,False,1680225717794091008
DivN/A,divN/A,divN/A,divN/A,divN/A,divN/A,False,1851017106059403520
DivN/A,divN/A,divN/A,divN/A,divN/A,divN/A,False,1814071041146475008
DivN/A,divN/A,divN/A,divN/A,divN/A,divN/A,False,1833709773168259072
DivN/A,divN/A,divN/A,divN/A,divN/A,divN/A,False,1841290639134404864
DivN/A,divN/A,divN/A,divN/A,divN/A,divN/A,False,1850205765593673984
DivN/A,divN/A,divN/A,divN/A,divN/A,divN/A,False,1853909084627783680
DivN/A,divN/A,divN/A,divN/A,divN/A,divN/A,False,1881515146310508800
DivN/A,divN/A,divN/A,divN/A,divN/A,divN/A,False,1806649067763802112
DivN/A,divN/A,divN/A,divN/A,divN/A,divN/A,False,1853542588948885760
DivN/A,divN/A,divN/A,divN/A,divN/A,divN/A,False,1775050082271871488
DivN/A,divN/A,divN/A,divN/A,divN/A,divN/A,False,1803734398807994368
DivN/A,divN/A,divN/A,divN/A,divN/A,divN/A,False,1877852930461634560
DivN/A,divN/A,divN/A,divN/A,divN/A,divN/A,False,1822254173359890432
DivN/A,divN/A,divN/A,divN/A,divN/A,divN/A,False,1866687139054039040
DivN/A,divN/A,divN/A,divN/A,divN/A,divN/A,False,1775153459777650944
DivN/A,divN/A,divN/A,divN/A,divN/A,divN/A,False,1825317529054851584
DivN/A,divN/A,divN/A,divN/A,divN/A,divN/A,False,1845280075287060736
DivN/A,divN/A,divN/A,divN/A,divN/A,divN/A,False,1806743123474715136
DivN/A,divN/A,divN/A,divN/A,divN/A,divN/A,False,1863736980506308864
DivN/A,divN/A,divN/A,divN/A,divN/A,divN/A,False,1778828616433864960
DivN/A,divN/A,divN/A,divN/A,divN/A,divN/A,False,1804690208002126080
DivN/A,divN/A,divN/A,divN/A,divN/A,divN/A,False,1863795362601095424
DivN/A,divN/A,divN/A,divN/A,divN/A,divN/A,False,1853646486933778432
DivN/A,divN/A,divN/A,divN/A,divN/A,divN/A,False,1758536219300950016
DivN/A,divN/A,divN/A,divN/A,divN/A,divN/A,False,1846205088865378560
DivN/A,divN/A,divN/A,divN/A,divN/A,divN/A,False,1804203284883759360
DivN/A,divN/A,divN/A,divN/A,divN/A,divN/A,False,1838584774664867840
DivN/A,divN/A,divN/A,divN/A,divN/A,divN/A,False,1856945205318226176
DivN/A,divN/A,divN/A,divN/A,divN/A,divN/A,False,1.830552210503e+18
DivN/A,divN/A,divN/A,divN/A,divN/A,divN/A,False,1810375141614039296
DivN/A,divN/A,divN/A,divN/A,divN/A,divN/A,False,1762429617715950080
DivN/A,divN/A,divN/A,divN/A,divN/A,divN/A,False,1762925637852168704
DivN/A,divN/A,divN/A,divN/A,divN/A,divN/A,False,1864497930264084480
DivN/A,divN/A,divN/A,divN/A,divN/A,divN/A,False,1806995927426609664
DivN/A,divN/A,divN/A,divN/A,divN/A,divN/A,False,1814489451051048960
DivN/A,divN/A,divN/A,divN/A,divN/A,divN/A,False,1870068494529609984
DivN/A,divN/A,divN/A,divN/A,divN/A,divN/A,False,1863122825219051776
DivN/A,divN/A,divN/A,divN/A,divN/A,divN/A,False,1869871557557768192
DivN/A,divN/A,divN/A,divN/A,divN/A,divN/A,False,1823353570881655296
DivN/A,divN/A,divN/A,divN/A,divN/A,divN/A,False,1836559560989118720
DivN/A,divN/A,divN/A,divN/A,divN/A,divN/A,False,1732479619238961664
DivN/A,divN/A,divN/A,divN/A,divN/A,divN/A,False,1838988418715615744
DivN/A,divN/A,divN/A,divN/A,divN/A,divN/A,False,1836561308029980672
DivN/A,divN/A,divN/A,divN/A,divN/A,divN/A,False,1871525502542135296
DivN/A,divN/A,divN/A,divN/A,divN/A,divN/A,False,1877031670106259968
DivN/A,divN/A,divN/A,divN/A,divN/A,divN/A,False,1879055550031257600
DivN/A,divN/A,divN/A,divN/A,divN/A,divN/A,False,1854785801718255616
DivN/A,divN/A,divN/A,divN/A,divN/A,divN/A,False,1840454101894680576
DivN/A,divN/A,divN/A,divN/A,divN/A,divN/A,False,1857569970198294528
DivN/A,divN/A,divN/A,divN/A,divN/A,divN/A,False,1765017799553159424
DivN/A,divN/A,divN/A,divN/A,divN/A,divN/A,False,1765045223720185856
DivN/A,divN/A,divN/A,divN/A,divN/A,divN/A,False,1767249850171572480
DivN/A,divN/A,divN/A,divN/A,divN/A,divN/A,False,1768685129088565504
DivN/A,divN/A,divN/A,divN/A,divN/A,divN/A,False,1840610806200746240
"命乞いなんかしていませんが。セリフという言葉は知っていますか？
日本政府は救出活動をしていない。一般論としての情報収集をしていただけで、拘束者の特定もしていない。
救出活動をしない日本政府と日本国民にどのような迷惑がかかったのか、了見がどうとか言う前に具体的に提示をお願いします。 ",11.2M,1.9K,2.5K,3.3K,205,True,1686750608403943424
DivN/A,divN/A,divN/A,divN/A,divN/A,divN/A,False,1829409225493172480
DivN/A,divN/A,divN/A,divN/A,divN/A,divN/A,False,1814091615704674816
DivN/A,divN/A,divN/A,divN/A,divN/A,divN/A,False,1815193554588717568
DivN/A,divN/A,divN/A,divN/A,divN/A,divN/A,False,1843219935230832640
DivN/A,divN/A,divN/A,divN/A,divN/A,divN/A,False,1855090141167337984
DivN/A,divN/A,divN/A,divN/A,divN/A,divN/A,False,1844316896029733120
DivN/A,divN/A,divN/A,divN/A,divN/A,divN/A,False,1751691808210362624
DivN/A,divN/A,divN/A,divN/A,divN/A,divN/A,False,1769825046216757504
DivN/A,divN/A,divN/A,divN/A,divN/A,divN/A,False,1802761976365675008
DivN/A,divN/A,divN/A,divN/A,divN/A,divN/A,False,1781183251731677184
DivN/A,divN/A,divN/A,divN/A,divN/A,divN/A,False,1820790297233592320
DivN/A,divN/A,divN/A,divN/A,divN/A,divN/A,False,1822240041785024512
DivN/A,divN/A,divN/A,divN/A,divN/A,divN/A,False,1857420350516056064
DivN/A,divN/A,divN/A,divN/A,divN/A,divN/A,False,1830692344296886272
DivN/A,divN/A,divN/A,divN/A,divN/A,divN/A,False,1843293009594769664
DivN/A,divN/A,divN/A,divN/A,divN/A,divN/A,False,1825978285118910976
DivN/A,divN/A,divN/A,divN/A,divN/A,divN/A,False,1814863467901223424
DivN/A,divN/A,divN/A,divN/A,divN/A,divN/A,False,1870466368426140160
DivN/A,divN/A,divN/A,divN/A,divN/A,divN/A,False,1872386329717412096
DivN/A,divN/A,divN/A,divN/A,divN/A,divN/A,False,1654599351350575104
this how i’m gonna be playing in them people gym tomorrow,5.8M,615,15K,138K,4.2K,False,1874249330204565760
DivN/A,divN/A,divN/A,divN/A,divN/A,divN/A,False,1878398450414608640
DivN/A,divN/A,divN/A,divN/A,divN/A,divN/A,False,1790061837058187520
DivN/A,divN/A,divN/A,divN/A,divN/A,divN/A,False,1849788101809537280
DivN/A,divN/A,divN/A,divN/A,divN/A,divN/A,False,1796633162077855744
DivN/A,divN/A,divN/A,divN/A,divN/A,divN/A,False,1854344362748183040
DivN/A,divN/A,divN/A,divN/A,divN/A,divN/A,False,1736830306575905024
DivN/A,divN/A,divN/A,divN/A,divN/A,divN/A,False,1823379465914741248
DivN/A,divN/A,divN/A,divN/A,divN/A,divN/A,False,1852672866325549568
DivN/A,divN/A,divN/A,divN/A,divN/A,divN/A,False,1881522011945713920
DivN/A,divN/A,divN/A,divN/A,divN/A,divN/A,False,1744436804932063232
DivN/A,divN/A,divN/A,divN/A,divN/A,divN/A,False,1849510144415236096
DivN/A,divN/A,divN/A,divN/A,divN/A,divN/A,False,1852569802725900544
DivN/A,divN/A,divN/A,divN/A,divN/A,divN/A,False,1720427545177301504
DivN/A,divN/A,divN/A,divN/A,divN/A,divN/A,False,1818331555288523264
DivN/A,divN/A,divN/A,divN/A,divN/A,divN/A,False,1877343903315075584
DivN/A,divN/A,divN/A,divN/A,divN/A,divN/A,False,1849722963358257664
DivN/A,divN/A,divN/A,divN/A,divN/A,divN/A,False,1849910087009063424
DivN/A,divN/A,divN/A,divN/A,divN/A,divN/A,False,1857480985304277504
DivN/A,divN/A,divN/A,divN/A,divN/A,divN/A,False,1754685546155085824
DivN/A,divN/A,divN/A,divN/A,divN/A,divN/A,False,1805375357182427136
DivN/A,divN/A,divN/A,divN/A,divN/A,divN/A,False,1802795861019148544
DivN/A,divN/A,divN/A,divN/A,divN/A,divN/A,False,1743407502312505856
DivN/A,divN/A,divN/A,divN/A,divN/A,divN/A,False,1727969733306167296
DivN/A,divN/A,divN/A,divN/A,divN/A,divN/A,False,1793262834597728256
DivN/A,divN/A,divN/A,divN/A,divN/A,divN/A,False,1864883025827495936
DivN/A,divN/A,divN/A,divN/A,divN/A,divN/A,False,1848364274009411840
DivN/A,divN/A,divN/A,divN/A,divN/A,divN/A,False,1845968270316249344
DivN/A,divN/A,divN/A,divN/A,divN/A,divN/A,False,1844314889327915264
DivN/A,divN/A,divN/A,divN/A,divN/A,divN/A,False,1841401794871566848
DivN/A,divN/A,divN/A,divN/A,divN/A,divN/A,False,1808177388351561984
DivN/A,divN/A,divN/A,divN/A,divN/A,divN/A,False,1763187530474656000
DivN/A,divN/A,divN/A,divN/A,divN/A,divN/A,False,1763187570349850880
DivN/A,divN/A,divN/A,divN/A,divN/A,divN/A,False,1823053088544240128
DivN/A,divN/A,divN/A,divN/A,divN/A,divN/A,False,1868040198669709824
DivN/A,divN/A,divN/A,divN/A,divN/A,divN/A,False,1848452031599505664
DivN/A,divN/A,divN/A,divN/A,divN/A,divN/A,False,1.849077835413e+18
DivN/A,divN/A,divN/A,divN/A,divN/A,divN/A,False,1859656862628708864
DivN/A,divN/A,divN/A,divN/A,divN/A,divN/A,False,1865121404552642560
DivN/A,divN/A,divN/A,divN/A,divN/A,divN/A,False,1711603606032732416
DivN/A,divN/A,divN/A,divN/A,divN/A,divN/A,False,1863281911390429440
DivN/A,divN/A,divN/A,divN/A,divN/A,divN/A,False,1833538506326716416
DivN/A,divN/A,divN/A,divN/A,divN/A,divN/A,False,1787631701616730112
DivN/A,divN/A,divN/A,divN/A,divN/A,divN/A,False,1796931004440944896
DivN/A,divN/A,divN/A,divN/A,divN/A,divN/A,False,1777599655611629568
DivN/A,divN/A,divN/A,divN/A,divN/A,divN/A,False,1750283034799026688
DivN/A,divN/A,divN/A,divN/A,divN/A,divN/A,False,1801707517069955072
DivN/A,divN/A,divN/A,divN/A,divN/A,divN/A,False,1765182854596820992
DivN/A,divN/A,divN/A,divN/A,divN/A,divN/A,False,1780384755919487488
DivN/A,divN/A,divN/A,divN/A,divN/A,divN/A,False,1856963766816313856
DivN/A,divN/A,divN/A,divN/A,divN/A,divN/A,False,1859055924268188160
DivN/A,divN/A,divN/A,divN/A,divN/A,divN/A,False,1835020065722580992
DivN/A,divN/A,divN/A,divN/A,divN/A,divN/A,False,1816279710244160000
DivN/A,divN/A,divN/A,divN/A,divN/A,divN/A,False,1794367828293816576
DivN/A,divN/A,divN/A,divN/A,divN/A,divN/A,False,1815918107006824704
DivN/A,divN/A,divN/A,divN/A,divN/A,divN/A,False,1818994135187030528
DivN/A,divN/A,divN/A,divN/A,divN/A,divN/A,False,1760427475098579200
DivN/A,divN/A,divN/A,divN/A,divN/A,divN/A,False,1810126743933739520
DivN/A,divN/A,divN/A,divN/A,divN/A,divN/A,False,1790774952120955136
DivN/A,divN/A,divN/A,divN/A,divN/A,divN/A,False,1790768648233144576
DivN/A,divN/A,divN/A,divN/A,divN/A,divN/A,False,1837482259303022592
DivN/A,divN/A,divN/A,divN/A,divN/A,divN/A,False,1812266536897515776
DivN/A,divN/A,divN/A,divN/A,divN/A,divN/A,False,1806621998434435072
DivN/A,divN/A,divN/A,divN/A,divN/A,divN/A,False,1743644738375540736
DivN/A,divN/A,divN/A,divN/A,divN/A,divN/A,False,1875610172103569920
DivN/A,divN/A,divN/A,divN/A,divN/A,divN/A,False,1728644198465712640
DivN/A,divN/A,divN/A,divN/A,divN/A,divN/A,False,1857815956539539968
DivN/A,divN/A,divN/A,divN/A,divN/A,divN/A,False,1746151287941419264
DivN/A,divN/A,divN/A,divN/A,divN/A,divN/A,False,1805400574373851648
DivN/A,divN/A,divN/A,divN/A,divN/A,divN/A,False,1821569470856404992
DivN/A,divN/A,divN/A,divN/A,divN/A,divN/A,False,1757080853665169664
DivN/A,divN/A,divN/A,divN/A,divN/A,divN/A,False,1743923809714102784
DivN/A,divN/A,divN/A,divN/A,divN/A,divN/A,False,1833121670682341888
DivN/A,divN/A,divN/A,divN/A,divN/A,divN/A,False,1809961806338945024
DivN/A,divN/A,divN/A,divN/A,divN/A,divN/A,False,1853411149418484224
DivN/A,divN/A,divN/A,divN/A,divN/A,divN/A,False,1819802938367160320
DivN/A,divN/A,divN/A,divN/A,divN/A,divN/A,False,1777784320452620544
DivN/A,divN/A,divN/A,divN/A,divN/A,divN/A,False,1859658193565253632
DivN/A,divN/A,divN/A,divN/A,divN/A,divN/A,False,1881289715082842112
DivN/A,divN/A,divN/A,divN/A,divN/A,divN/A,False,1833673682205511680
DivN/A,divN/A,divN/A,divN/A,divN/A,divN/A,False,1839327275923460608
DivN/A,divN/A,divN/A,divN/A,divN/A,divN/A,False,1693761723230990336
DivN/A,divN/A,divN/A,divN/A,divN/A,divN/A,False,1816299504674464000
DivN/A,divN/A,divN/A,divN/A,divN/A,divN/A,False,1851690689421296128
DivN/A,divN/A,divN/A,divN/A,divN/A,divN/A,False,1.856137706864e+18
DivN/A,divN/A,divN/A,divN/A,divN/A,divN/A,False,1872762390414278656
DivN/A,divN/A,divN/A,divN/A,divN/A,divN/A,False,1832106747928179200
DivN/A,divN/A,divN/A,divN/A,divN/A,divN/A,False,1722411232651591680
DivN/A,divN/A,divN/A,divN/A,divN/A,divN/A,False,1770944666810339584
DivN/A,divN/A,divN/A,divN/A,divN/A,divN/A,False,1880975630646612224
DivN/A,divN/A,divN/A,divN/A,divN/A,divN/A,False,1727478198823198976
DivN/A,divN/A,divN/A,divN/A,divN/A,divN/A,False,1793021516818309376
DivN/A,divN/A,divN/A,divN/A,divN/A,divN/A,False,1800269249912381696
DivN/A,divN/A,divN/A,divN/A,divN/A,divN/A,False,1810318379921875200
DivN/A,divN/A,divN/A,divN/A,divN/A,divN/A,False,1816649443157930496
DivN/A,divN/A,divN/A,divN/A,divN/A,divN/A,False,1829016043018191104
DivN/A,divN/A,divN/A,divN/A,divN/A,divN/A,False,1852397134194307584
DivN/A,divN/A,divN/A,divN/A,divN/A,divN/A,False,1796293213990313984
DivN/A,divN/A,divN/A,divN/A,divN/A,divN/A,False,1865601468893667584
DivN/A,divN/A,divN/A,divN/A,divN/A,divN/A,False,1858552628600299520
DivN/A,divN/A,divN/A,divN/A,divN/A,divN/A,False,1858557929210659328
DivN/A,divN/A,divN/A,divN/A,divN/A,divN/A,False,1795844069878579200
DivN/A,divN/A,divN/A,divN/A,divN/A,divN/A,False,1818842889339764736
DivN/A,divN/A,divN/A,divN/A,divN/A,divN/A,False,1875114288173436928
DivN/A,divN/A,divN/A,divN/A,divN/A,divN/A,False,1757686064490095104
DivN/A,divN/A,divN/A,divN/A,divN/A,divN/A,False,1842590398797263104
DivN/A,divN/A,divN/A,divN/A,divN/A,divN/A,False,1874871236653932800
DivN/A,divN/A,divN/A,divN/A,divN/A,divN/A,False,1774036545101779200
DivN/A,divN/A,divN/A,divN/A,divN/A,divN/A,False,1858943927006736640
DivN/A,divN/A,divN/A,divN/A,divN/A,divN/A,False,1876717170069221376
DivN/A,divN/A,divN/A,divN/A,divN/A,divN/A,False,1717613478167683072
DivN/A,divN/A,divN/A,divN/A,divN/A,divN/A,False,1823176344261562368
DivN/A,divN/A,divN/A,divN/A,divN/A,divN/A,False,1828613004256051456
DivN/A,divN/A,divN/A,divN/A,divN/A,divN/A,False,1829007760991695360
DivN/A,divN/A,divN/A,divN/A,divN/A,divN/A,False,1835289676959064064
DivN/A,divN/A,divN/A,divN/A,divN/A,divN/A,False,1841166441812316416
DivN/A,divN/A,divN/A,divN/A,divN/A,divN/A,False,1843132050242777344
DivN/A,divN/A,divN/A,divN/A,divN/A,divN/A,False,1853585160459211264
DivN/A,divN/A,divN/A,divN/A,divN/A,divN/A,False,1876700732725871104
DivN/A,divN/A,divN/A,divN/A,divN/A,divN/A,False,1821655350191526144
DivN/A,divN/A,divN/A,divN/A,divN/A,divN/A,False,1827155331002007552
DivN/A,divN/A,divN/A,divN/A,divN/A,divN/A,False,1859699642809843712
DivN/A,divN/A,divN/A,divN/A,divN/A,divN/A,False,1859409260414746880
DivN/A,divN/A,divN/A,divN/A,divN/A,divN/A,False,1816942900460257536
DivN/A,divN/A,divN/A,divN/A,divN/A,divN/A,False,1838171326068249088
DivN/A,divN/A,divN/A,divN/A,divN/A,divN/A,False,1743573994836754432
DivN/A,divN/A,divN/A,divN/A,divN/A,divN/A,False,1856625558760657408
DivN/A,divN/A,divN/A,divN/A,divN/A,divN/A,False,1854079880218222592
DivN/A,divN/A,divN/A,divN/A,divN/A,divN/A,False,1692187155789926656
DivN/A,divN/A,divN/A,divN/A,divN/A,divN/A,False,1818626532715184384
DivN/A,divN/A,divN/A,divN/A,divN/A,divN/A,False,1869443628466311424
"驚いた。
自衛隊は「国民」を守るのではなく「国家」を守るそうだ。
つまり体制を守るということ。
体制を批判する者、体制の決めた事に逆らう者は、自衛隊から威嚇され攻撃される（その頃には軍隊だろうが）未来が見えてくる。",6.2M,3.7K,9.1K,16K,294,False,1688495165793771520
DivN/A,divN/A,divN/A,divN/A,divN/A,divN/A,False,1876356555907440896
DivN/A,divN/A,divN/A,divN/A,divN/A,divN/A,False,1834126513761124864
DivN/A,divN/A,divN/A,divN/A,divN/A,divN/A,False,1867733528118747136
DivN/A,divN/A,divN/A,divN/A,divN/A,divN/A,False,1854061458058818048
DivN/A,divN/A,divN/A,divN/A,divN/A,divN/A,False,1849894314173735424
DivN/A,divN/A,divN/A,divN/A,divN/A,divN/A,False,1875271068719419904
DivN/A,divN/A,divN/A,divN/A,divN/A,divN/A,False,1833844205036216320
DivN/A,divN/A,divN/A,divN/A,divN/A,divN/A,False,1817792700717892096
DivN/A,divN/A,divN/A,divN/A,divN/A,divN/A,False,1825453954005635072
DivN/A,divN/A,divN/A,divN/A,divN/A,divN/A,False,1780173876896375040
DivN/A,divN/A,divN/A,divN/A,divN/A,divN/A,False,1814932356404314624
DivN/A,divN/A,divN/A,divN/A,divN/A,divN/A,False,1845522362550116864
DivN/A,divN/A,divN/A,divN/A,divN/A,divN/A,False,1878835211443835136
DivN/A,divN/A,divN/A,divN/A,divN/A,divN/A,False,1786372650287485440
DivN/A,divN/A,divN/A,divN/A,divN/A,divN/A,False,1755240969216082176
DivN/A,divN/A,divN/A,divN/A,divN/A,divN/A,False,1772996402421146112
DivN/A,divN/A,divN/A,divN/A,divN/A,divN/A,False,1874896096675389952
DivN/A,divN/A,divN/A,divN/A,divN/A,divN/A,False,1840121233343688960
DivN/A,divN/A,divN/A,divN/A,divN/A,divN/A,False,1848144223192629760
DivN/A,divN/A,divN/A,divN/A,divN/A,divN/A,False,1831402544142414080
DivN/A,divN/A,divN/A,divN/A,divN/A,divN/A,False,1881478431101395200
DivN/A,divN/A,divN/A,divN/A,divN/A,divN/A,False,1713226658348494848
DivN/A,divN/A,divN/A,divN/A,divN/A,divN/A,False,1771967729270145280
DivN/A,divN/A,divN/A,divN/A,divN/A,divN/A,False,1830147680468607488
DivN/A,divN/A,divN/A,divN/A,divN/A,divN/A,False,1816300602684760320
DivN/A,divN/A,divN/A,divN/A,divN/A,divN/A,False,1860553109283701248
DivN/A,divN/A,divN/A,divN/A,divN/A,divN/A,False,1864123999896121600
DivN/A,divN/A,divN/A,divN/A,divN/A,divN/A,False,1842960980252434432
DivN/A,divN/A,divN/A,divN/A,divN/A,divN/A,False,1818375227258421504
DivN/A,divN/A,divN/A,divN/A,divN/A,divN/A,False,1870137427492544512
DivN/A,divN/A,divN/A,divN/A,divN/A,divN/A,False,1824831207839818240
DivN/A,divN/A,divN/A,divN/A,divN/A,divN/A,False,1834682187800826368
DivN/A,divN/A,divN/A,divN/A,divN/A,divN/A,False,1846049221369024512
DivN/A,divN/A,divN/A,divN/A,divN/A,divN/A,False,1762628832291704832
DivN/A,divN/A,divN/A,divN/A,divN/A,divN/A,False,1789226799999922176
DivN/A,divN/A,divN/A,divN/A,divN/A,divN/A,False,1831943121133040128
DivN/A,divN/A,divN/A,divN/A,divN/A,divN/A,False,1833349210818920704
DivN/A,divN/A,divN/A,divN/A,divN/A,divN/A,False,1819450760784236800
DivN/A,divN/A,divN/A,divN/A,divN/A,divN/A,False,1851802533125091840
DivN/A,divN/A,divN/A,divN/A,divN/A,divN/A,False,1811056137640530176
DivN/A,divN/A,divN/A,divN/A,divN/A,divN/A,False,1708481721170104832
DivN/A,divN/A,divN/A,divN/A,divN/A,divN/A,False,1707795993528599040
DivN/A,divN/A,divN/A,divN/A,divN/A,divN/A,False,1852299148243980544
DivN/A,divN/A,divN/A,divN/A,divN/A,divN/A,False,1876835097745211904
DivN/A,divN/A,divN/A,divN/A,divN/A,divN/A,False,1849147561027707136
DivN/A,divN/A,divN/A,divN/A,divN/A,divN/A,False,1881389354754756864
DivN/A,divN/A,divN/A,divN/A,divN/A,divN/A,False,1856706054496587776
DivN/A,divN/A,divN/A,divN/A,divN/A,divN/A,False,1873739132784259584
DivN/A,divN/A,divN/A,divN/A,divN/A,divN/A,False,1727548956572356864
DivN/A,divN/A,divN/A,divN/A,divN/A,divN/A,False,1856734112444264448
DivN/A,divN/A,divN/A,divN/A,divN/A,divN/A,False,1838985868117164032
DivN/A,divN/A,divN/A,divN/A,divN/A,divN/A,False,1848062467928215552
DivN/A,divN/A,divN/A,divN/A,divN/A,divN/A,False,1870257498302886144
DivN/A,divN/A,divN/A,divN/A,divN/A,divN/A,False,1727942310577520896
DivN/A,divN/A,divN/A,divN/A,divN/A,divN/A,False,1773733124746232064
DivN/A,divN/A,divN/A,divN/A,divN/A,divN/A,False,1833702943561818624
DivN/A,divN/A,divN/A,divN/A,divN/A,divN/A,False,1798028688057131264
DivN/A,divN/A,divN/A,divN/A,divN/A,divN/A,False,1826736315590918656
DivN/A,divN/A,divN/A,divN/A,divN/A,divN/A,False,1732754037949263872
DivN/A,divN/A,divN/A,divN/A,divN/A,divN/A,False,1793310557065330944
DivN/A,divN/A,divN/A,divN/A,divN/A,divN/A,False,1853941842779541760
DivN/A,divN/A,divN/A,divN/A,divN/A,divN/A,False,1870644824384188416
DivN/A,divN/A,divN/A,divN/A,divN/A,divN/A,False,1849854572317245952
DivN/A,divN/A,divN/A,divN/A,divN/A,divN/A,False,1756377920254218496
DivN/A,divN/A,divN/A,divN/A,divN/A,divN/A,False,1835823158957391872
DivN/A,divN/A,divN/A,divN/A,divN/A,divN/A,False,1824800573813575936
DivN/A,divN/A,divN/A,divN/A,divN/A,divN/A,False,1754458596065329664
DivN/A,divN/A,divN/A,divN/A,divN/A,divN/A,False,1844373105650827520
DivN/A,divN/A,divN/A,divN/A,divN/A,divN/A,False,1740581845291728896
DivN/A,divN/A,divN/A,divN/A,divN/A,divN/A,False,1742307017086148864
DivN/A,divN/A,divN/A,divN/A,divN/A,divN/A,False,1785060792704107008
DivN/A,divN/A,divN/A,divN/A,divN/A,divN/A,False,1761854831663427840
DivN/A,divN/A,divN/A,divN/A,divN/A,divN/A,False,1847016153358434560
DivN/A,divN/A,divN/A,divN/A,divN/A,divN/A,False,1819101701975978240
DivN/A,divN/A,divN/A,divN/A,divN/A,divN/A,False,1839135960027599104
DivN/A,divN/A,divN/A,divN/A,divN/A,divN/A,False,1805613997502382336
DivN/A,divN/A,divN/A,divN/A,divN/A,divN/A,False,1876817479973982720
DivN/A,divN/A,divN/A,divN/A,divN/A,divN/A,False,1805475252958543872
DivN/A,divN/A,divN/A,divN/A,divN/A,divN/A,False,1859051086662811904
DivN/A,divN/A,divN/A,divN/A,divN/A,divN/A,False,1836113359449567744
DivN/A,divN/A,divN/A,divN/A,divN/A,divN/A,False,1820954258168279296
DivN/A,divN/A,divN/A,divN/A,divN/A,divN/A,False,1780966004002025984
DivN/A,divN/A,divN/A,divN/A,divN/A,divN/A,False,1784423039481913856
DivN/A,divN/A,divN/A,divN/A,divN/A,divN/A,False,1816284560134381824
DivN/A,divN/A,divN/A,divN/A,divN/A,divN/A,False,1839448042828869632
DivN/A,divN/A,divN/A,divN/A,divN/A,divN/A,False,1763685110983909888
DivN/A,divN/A,divN/A,divN/A,divN/A,divN/A,False,1821230967526453760
DivN/A,divN/A,divN/A,divN/A,divN/A,divN/A,False,1869800611207885056
DivN/A,divN/A,divN/A,divN/A,divN/A,divN/A,False,1812929026492928000
DivN/A,divN/A,divN/A,divN/A,divN/A,divN/A,False,1877791626124562432
DivN/A,divN/A,divN/A,divN/A,divN/A,divN/A,False,1807205277646909696
DivN/A,divN/A,divN/A,divN/A,divN/A,divN/A,False,1858651200465277184
DivN/A,divN/A,divN/A,divN/A,divN/A,divN/A,False,1873966681242132736
DivN/A,divN/A,divN/A,divN/A,divN/A,divN/A,False,1816892168679629056
DivN/A,divN/A,divN/A,divN/A,divN/A,divN/A,False,1874848402032455936
DivN/A,divN/A,divN/A,divN/A,divN/A,divN/A,False,1873408964366651392
DivN/A,divN/A,divN/A,divN/A,divN/A,divN/A,False,1863200928536420352
DivN/A,divN/A,divN/A,divN/A,divN/A,divN/A,False,1867382483714502656
DivN/A,divN/A,divN/A,divN/A,divN/A,divN/A,False,1786025758386688000
DivN/A,divN/A,divN/A,divN/A,divN/A,divN/A,False,1846213654720737280
DivN/A,divN/A,divN/A,divN/A,divN/A,divN/A,False,1844024762621980672
DivN/A,divN/A,divN/A,divN/A,divN/A,divN/A,False,1839063460539146496
DivN/A,divN/A,divN/A,divN/A,divN/A,divN/A,False,1877089590537814528
DivN/A,divN/A,divN/A,divN/A,divN/A,divN/A,False,1788580191763153408
DivN/A,divN/A,divN/A,divN/A,divN/A,divN/A,False,1856726456438546432
DivN/A,divN/A,divN/A,divN/A,divN/A,divN/A,False,1877529548285166080
DivN/A,divN/A,divN/A,divN/A,divN/A,divN/A,False,1716025663558156800
DivN/A,divN/A,divN/A,divN/A,divN/A,divN/A,False,1877904667583152640
DivN/A,divN/A,divN/A,divN/A,divN/A,divN/A,False,1777972950358253824
DivN/A,divN/A,divN/A,divN/A,divN/A,divN/A,False,1851659567345566208
DivN/A,divN/A,divN/A,divN/A,divN/A,divN/A,False,1786562069904400640
DivN/A,divN/A,divN/A,divN/A,divN/A,divN/A,False,1832821567652274176
DivN/A,divN/A,divN/A,divN/A,divN/A,divN/A,False,1842668145955459072
DivN/A,divN/A,divN/A,divN/A,divN/A,divN/A,False,1822056518155694336
DivN/A,divN/A,divN/A,divN/A,divN/A,divN/A,False,1854243100559872000
DivN/A,divN/A,divN/A,divN/A,divN/A,divN/A,False,1865319606233010688
DivN/A,divN/A,divN/A,divN/A,divN/A,divN/A,False,1806649716706300160
DivN/A,divN/A,divN/A,divN/A,divN/A,divN/A,False,1750001198558535936
DivN/A,divN/A,divN/A,divN/A,divN/A,divN/A,False,1712907816741069056
DivN/A,divN/A,divN/A,divN/A,divN/A,divN/A,False,1611492929331240960
Extremely destructive if accurate,70.3M,20K,49K,333K,7.9K,False,1657469848429948928
DivN/A,divN/A,divN/A,divN/A,divN/A,divN/A,False,1866659978108616960
DivN/A,divN/A,divN/A,divN/A,divN/A,divN/A,False,1843487591544299520
DivN/A,divN/A,divN/A,divN/A,divN/A,divN/A,False,1844837440282083584
DivN/A,divN/A,divN/A,divN/A,divN/A,divN/A,False,1834304729184182784
DivN/A,divN/A,divN/A,divN/A,divN/A,divN/A,False,1849113645675941888
DivN/A,divN/A,divN/A,divN/A,divN/A,divN/A,False,1860092552709345280
DivN/A,divN/A,divN/A,divN/A,divN/A,divN/A,False,1842707234322530304
DivN/A,divN/A,divN/A,divN/A,divN/A,divN/A,False,1867278347610599680
DivN/A,divN/A,divN/A,divN/A,divN/A,divN/A,False,1870739695950594304
DivN/A,divN/A,divN/A,divN/A,divN/A,divN/A,False,1816079567804678400
DivN/A,divN/A,divN/A,divN/A,divN/A,divN/A,False,1798909666405278208
DivN/A,divN/A,divN/A,divN/A,divN/A,divN/A,False,1832366533076774912
DivN/A,divN/A,divN/A,divN/A,divN/A,divN/A,False,1847417559064465408
DivN/A,divN/A,divN/A,divN/A,divN/A,divN/A,False,1757060091625296384
DivN/A,divN/A,divN/A,divN/A,divN/A,divN/A,False,1853113579609727488
DivN/A,divN/A,divN/A,divN/A,divN/A,divN/A,False,1842235626655216128
DivN/A,divN/A,divN/A,divN/A,divN/A,divN/A,False,1881517664390311936
DivN/A,divN/A,divN/A,divN/A,divN/A,divN/A,False,1845242630877135360
DivN/A,divN/A,divN/A,divN/A,divN/A,divN/A,False,1873700596986868224
DivN/A,divN/A,divN/A,divN/A,divN/A,divN/A,False,1868557586376642816
DivN/A,divN/A,divN/A,divN/A,divN/A,divN/A,False,1.807850415247e+18
DivN/A,divN/A,divN/A,divN/A,divN/A,divN/A,False,1811560865025454336
DivN/A,divN/A,divN/A,divN/A,divN/A,divN/A,False,1837675045621322240
DivN/A,divN/A,divN/A,divN/A,divN/A,divN/A,False,1818312880577782016
DivN/A,divN/A,divN/A,divN/A,divN/A,divN/A,False,1882115079241687040
DivN/A,divN/A,divN/A,divN/A,divN/A,divN/A,False,1838240860372156928
DivN/A,divN/A,divN/A,divN/A,divN/A,divN/A,False,1847990269125227008
DivN/A,divN/A,divN/A,divN/A,divN/A,divN/A,False,1754969570744336640
DivN/A,divN/A,divN/A,divN/A,divN/A,divN/A,False,1845016888901812480
DivN/A,divN/A,divN/A,divN/A,divN/A,divN/A,False,1715449211490058496
DivN/A,divN/A,divN/A,divN/A,divN/A,divN/A,False,1823244091133464576
DivN/A,divN/A,divN/A,divN/A,divN/A,divN/A,False,1858591467381338624
DivN/A,divN/A,divN/A,divN/A,divN/A,divN/A,False,1831518336775012864
DivN/A,divN/A,divN/A,divN/A,divN/A,divN/A,False,1776010087804313856
DivN/A,divN/A,divN/A,divN/A,divN/A,divN/A,False,1793301309849747968
DivN/A,divN/A,divN/A,divN/A,divN/A,divN/A,False,1856710106081100288
DivN/A,divN/A,divN/A,divN/A,divN/A,divN/A,False,1823265886649679872
DivN/A,divN/A,divN/A,divN/A,divN/A,divN/A,False,1844569834530492928
DivN/A,divN/A,divN/A,divN/A,divN/A,divN/A,False,1714266171199869184
DivN/A,divN/A,divN/A,divN/A,divN/A,divN/A,False,1856071108946014464
DivN/A,divN/A,divN/A,divN/A,divN/A,divN/A,False,1778754944486481920
DivN/A,divN/A,divN/A,divN/A,divN/A,divN/A,False,1818167369979847168
DivN/A,divN/A,divN/A,divN/A,divN/A,divN/A,False,1879544462289846784
DivN/A,divN/A,divN/A,divN/A,divN/A,divN/A,False,1880673359400428032
DivN/A,divN/A,divN/A,divN/A,divN/A,divN/A,False,1797990688522715648
DivN/A,divN/A,divN/A,divN/A,divN/A,divN/A,False,1819366408930869504
DivN/A,divN/A,divN/A,divN/A,divN/A,divN/A,False,1854547018007687424
DivN/A,divN/A,divN/A,divN/A,divN/A,divN/A,False,1732450267348582656
DivN/A,divN/A,divN/A,divN/A,divN/A,divN/A,False,1816564986950402560
DivN/A,divN/A,divN/A,divN/A,divN/A,divN/A,False,1850985600976842752
DivN/A,divN/A,divN/A,divN/A,divN/A,divN/A,False,1881442126862639616
DivN/A,divN/A,divN/A,divN/A,divN/A,divN/A,False,1799417761539805440
DivN/A,divN/A,divN/A,divN/A,divN/A,divN/A,False,1854051759909638400
DivN/A,divN/A,divN/A,divN/A,divN/A,divN/A,False,1850597632965513216
DivN/A,divN/A,divN/A,divN/A,divN/A,divN/A,False,1780637092772766208
DivN/A,divN/A,divN/A,divN/A,divN/A,divN/A,False,1831894912985657344
DivN/A,divN/A,divN/A,divN/A,divN/A,divN/A,False,1791880134355501568
DivN/A,divN/A,divN/A,divN/A,divN/A,divN/A,False,1856884952677454080
DivN/A,divN/A,divN/A,divN/A,divN/A,divN/A,False,1743658029893984768
DivN/A,divN/A,divN/A,divN/A,divN/A,divN/A,False,1796954881393041664
DivN/A,divN/A,divN/A,divN/A,divN/A,divN/A,False,1787615564187238656
DivN/A,divN/A,divN/A,divN/A,divN/A,divN/A,False,1.823344758565e+18
DivN/A,divN/A,divN/A,divN/A,divN/A,divN/A,False,1873391327964172800
DivN/A,divN/A,divN/A,divN/A,divN/A,divN/A,False,1857150982704058624
DivN/A,divN/A,divN/A,divN/A,divN/A,divN/A,False,1881437444316545280
DivN/A,divN/A,divN/A,divN/A,divN/A,divN/A,False,1817939120473206784
DivN/A,divN/A,divN/A,divN/A,divN/A,divN/A,False,1827313350268666368
DivN/A,divN/A,divN/A,divN/A,divN/A,divN/A,False,1810460701611454720
DivN/A,divN/A,divN/A,divN/A,divN/A,divN/A,False,1819047144562565120
DivN/A,divN/A,divN/A,divN/A,divN/A,divN/A,False,1793359318697558528
DivN/A,divN/A,divN/A,divN/A,divN/A,divN/A,False,1808006205392277760
DivN/A,divN/A,divN/A,divN/A,divN/A,divN/A,False,1823763121917583616
DivN/A,divN/A,divN/A,divN/A,divN/A,divN/A,False,1815741799392239616
DivN/A,divN/A,divN/A,divN/A,divN/A,divN/A,False,1753347775574757888
DivN/A,divN/A,divN/A,divN/A,divN/A,divN/A,False,1697633353376125184
DivN/A,divN/A,divN/A,divN/A,divN/A,divN/A,False,1762114791290662912
DivN/A,divN/A,divN/A,divN/A,divN/A,divN/A,False,1856929369899323392
DivN/A,divN/A,divN/A,divN/A,divN/A,divN/A,False,1821787205217517824
DivN/A,divN/A,divN/A,divN/A,divN/A,divN/A,False,1877803377544827136
DivN/A,divN/A,divN/A,divN/A,divN/A,divN/A,False,1871208171408372224
DivN/A,divN/A,divN/A,divN/A,divN/A,divN/A,False,1813289927087718656
DivN/A,divN/A,divN/A,divN/A,divN/A,divN/A,False,1813314266143093248
DivN/A,divN/A,divN/A,divN/A,divN/A,divN/A,False,1810009748697448704
DivN/A,divN/A,divN/A,divN/A,divN/A,divN/A,False,1771457601424826624
DivN/A,divN/A,divN/A,divN/A,divN/A,divN/A,False,1767557769320943616
DivN/A,divN/A,divN/A,divN/A,divN/A,divN/A,False,1857570973643415552
DivN/A,divN/A,divN/A,divN/A,divN/A,divN/A,False,1769684087340753408
DivN/A,divN/A,divN/A,divN/A,divN/A,divN/A,False,1798400415114875136
DivN/A,divN/A,divN/A,divN/A,divN/A,divN/A,False,1875181937721327616
DivN/A,divN/A,divN/A,divN/A,divN/A,divN/A,False,1828798826385125376
DivN/A,divN/A,divN/A,divN/A,divN/A,divN/A,False,1841596664030887936
DivN/A,divN/A,divN/A,divN/A,divN/A,divN/A,False,1868870618537496576
DivN/A,divN/A,divN/A,divN/A,divN/A,divN/A,False,1874361743427899392
DivN/A,divN/A,divN/A,divN/A,divN/A,divN/A,False,1810103225749537024
DivN/A,divN/A,divN/A,divN/A,divN/A,divN/A,False,1877077864341766656
DivN/A,divN/A,divN/A,divN/A,divN/A,divN/A,False,1808517429858849024
DivN/A,divN/A,divN/A,divN/A,divN/A,divN/A,False,1843134748295877120
DivN/A,divN/A,divN/A,divN/A,divN/A,divN/A,False,1835607539389497600
DivN/A,divN/A,divN/A,divN/A,divN/A,divN/A,False,1856456570420257280
DivN/A,divN/A,divN/A,divN/A,divN/A,divN/A,False,1732932535922131200
DivN/A,divN/A,divN/A,divN/A,divN/A,divN/A,False,1800184023349972992
DivN/A,divN/A,divN/A,divN/A,divN/A,divN/A,False,1872797749063885056
DivN/A,divN/A,divN/A,divN/A,divN/A,divN/A,False,1847330608009089024
DivN/A,divN/A,divN/A,divN/A,divN/A,divN/A,False,1856820716907184640
DivN/A,divN/A,divN/A,divN/A,divN/A,divN/A,False,1811522006996652544
DivN/A,divN/A,divN/A,divN/A,divN/A,divN/A,False,1762548055730192640
DivN/A,divN/A,divN/A,divN/A,divN/A,divN/A,False,1849460844242858240
DivN/A,divN/A,divN/A,divN/A,divN/A,divN/A,False,1850713527012503552
DivN/A,divN/A,divN/A,divN/A,divN/A,divN/A,False,1860800825414586624
"Japan does not fluoridate their water. 

Japan does not give the Hep B vaccine to babies on the first day of life. 

The Japanese live 10 YEARS longer than Americans. 

It is not anti-science to assess and update American public health policies. 

It is a scientific imperative.",8.6M,4.2K,13K,71K,5.1K,False,1868408001155231744
DivN/A,divN/A,divN/A,divN/A,divN/A,divN/A,False,1881393912360898816
DivN/A,divN/A,divN/A,divN/A,divN/A,divN/A,False,1823197133308297728
DivN/A,divN/A,divN/A,divN/A,divN/A,divN/A,False,1778001358446100736
DivN/A,divN/A,divN/A,divN/A,divN/A,divN/A,False,1788947786890613248
DivN/A,divN/A,divN/A,divN/A,divN/A,divN/A,False,1708922989033447680
DivN/A,divN/A,divN/A,divN/A,divN/A,divN/A,False,1781737546415735040
DivN/A,divN/A,divN/A,divN/A,divN/A,divN/A,False,1815085727249846272
DivN/A,divN/A,divN/A,divN/A,divN/A,divN/A,False,1837592713266593792
DivN/A,divN/A,divN/A,divN/A,divN/A,divN/A,False,1786492191503753216
DivN/A,divN/A,divN/A,divN/A,divN/A,divN/A,False,1758549634052497664
DivN/A,divN/A,divN/A,divN/A,divN/A,divN/A,False,1778728393535561984
DivN/A,divN/A,divN/A,divN/A,divN/A,divN/A,False,1828147815668941312
DivN/A,divN/A,divN/A,divN/A,divN/A,divN/A,False,1659552178720178176
DivN/A,divN/A,divN/A,divN/A,divN/A,divN/A,False,1839971510259249152
DivN/A,divN/A,divN/A,divN/A,divN/A,divN/A,False,1877083210397499392
DivN/A,divN/A,divN/A,divN/A,divN/A,divN/A,False,1805956729630302720
DivN/A,divN/A,divN/A,divN/A,divN/A,divN/A,False,1834982412331499520
DivN/A,divN/A,divN/A,divN/A,divN/A,divN/A,False,1841151136713118208
DivN/A,divN/A,divN/A,divN/A,divN/A,divN/A,False,1824166671571141120
DivN/A,divN/A,divN/A,divN/A,divN/A,divN/A,False,1816879939121041664
DivN/A,divN/A,divN/A,divN/A,divN/A,divN/A,False,1837407511248326656
DivN/A,divN/A,divN/A,divN/A,divN/A,divN/A,False,1805318727258239488
DivN/A,divN/A,divN/A,divN/A,divN/A,divN/A,False,1817926925110989056
DivN/A,divN/A,divN/A,divN/A,divN/A,divN/A,False,1838745270898642944
DivN/A,divN/A,divN/A,divN/A,divN/A,divN/A,False,1839088064754254080
DivN/A,divN/A,divN/A,divN/A,divN/A,divN/A,False,1840002240896991744
DivN/A,divN/A,divN/A,divN/A,divN/A,divN/A,False,1865048193429278976
DivN/A,divN/A,divN/A,divN/A,divN/A,divN/A,False,1709982262895276032
DivN/A,divN/A,divN/A,divN/A,divN/A,divN/A,False,1852033142061707776
DivN/A,divN/A,divN/A,divN/A,divN/A,divN/A,False,1857056530979229696
DivN/A,divN/A,divN/A,divN/A,divN/A,divN/A,False,1841872801633903104
DivN/A,divN/A,divN/A,divN/A,divN/A,divN/A,False,1876401654549066240
DivN/A,divN/A,divN/A,divN/A,divN/A,divN/A,False,1764724986835501056
DivN/A,divN/A,divN/A,divN/A,divN/A,divN/A,False,1877433713832734720
DivN/A,divN/A,divN/A,divN/A,divN/A,divN/A,False,1773877227194548480
DivN/A,divN/A,divN/A,divN/A,divN/A,divN/A,False,1781334515702432256
DivN/A,divN/A,divN/A,divN/A,divN/A,divN/A,False,1879893899499712512
DivN/A,divN/A,divN/A,divN/A,divN/A,divN/A,False,1854925239693832704
DivN/A,divN/A,divN/A,divN/A,divN/A,divN/A,False,1877961051863454208
DivN/A,divN/A,divN/A,divN/A,divN/A,divN/A,False,1765131100207075840
DivN/A,divN/A,divN/A,divN/A,divN/A,divN/A,False,1866552073531150848
DivN/A,divN/A,divN/A,divN/A,divN/A,divN/A,False,1824521657882480640
DivN/A,divN/A,divN/A,divN/A,divN/A,divN/A,False,1782787105350983680
DivN/A,divN/A,divN/A,divN/A,divN/A,divN/A,False,1673136668948197376
DivN/A,divN/A,divN/A,divN/A,divN/A,divN/A,False,1817171673226904064
DivN/A,divN/A,divN/A,divN/A,divN/A,divN/A,False,1746917108649275904
DivN/A,divN/A,divN/A,divN/A,divN/A,divN/A,False,1834346029350879232
DivN/A,divN/A,divN/A,divN/A,divN/A,divN/A,False,1830912921741808128
DivN/A,divN/A,divN/A,divN/A,divN/A,divN/A,False,1732743197816693248
DivN/A,divN/A,divN/A,divN/A,divN/A,divN/A,False,1825510540753428736
DivN/A,divN/A,divN/A,divN/A,divN/A,divN/A,False,1824917619503239168
DivN/A,divN/A,divN/A,divN/A,divN/A,divN/A,False,1873501683206230016
DivN/A,divN/A,divN/A,divN/A,divN/A,divN/A,False,1838599269638623744
DivN/A,divN/A,divN/A,divN/A,divN/A,divN/A,False,1817611138500092416
DivN/A,divN/A,divN/A,divN/A,divN/A,divN/A,False,1868995529109389312
DivN/A,divN/A,divN/A,divN/A,divN/A,divN/A,False,1803089000703332864
DivN/A,divN/A,divN/A,divN/A,divN/A,divN/A,False,1811001082946146304
DivN/A,divN/A,divN/A,divN/A,divN/A,divN/A,False,1746640970752339968
DivN/A,divN/A,divN/A,divN/A,divN/A,divN/A,False,1857117497910305280
DivN/A,divN/A,divN/A,divN/A,divN/A,divN/A,False,1732852477849211136
DivN/A,divN/A,divN/A,divN/A,divN/A,divN/A,False,1778543563329917440
DivN/A,divN/A,divN/A,divN/A,divN/A,divN/A,False,1798052229708144896
DivN/A,divN/A,divN/A,divN/A,divN/A,divN/A,False,1824336777483587584
DivN/A,divN/A,divN/A,divN/A,divN/A,divN/A,False,1820529425303458304
DivN/A,divN/A,divN/A,divN/A,divN/A,divN/A,False,1798803486101897216
DivN/A,divN/A,divN/A,divN/A,divN/A,divN/A,False,1652551648835772416
DivN/A,divN/A,divN/A,divN/A,divN/A,divN/A,False,1817148078995976192
DivN/A,divN/A,divN/A,divN/A,divN/A,divN/A,False,1784201625344905728
DivN/A,divN/A,divN/A,divN/A,divN/A,divN/A,False,1833808396618764288
DivN/A,divN/A,divN/A,divN/A,divN/A,divN/A,False,1869406920768917760
DivN/A,divN/A,divN/A,divN/A,divN/A,divN/A,False,1869860927144898816
DivN/A,divN/A,divN/A,divN/A,divN/A,divN/A,False,1878534290209726720
DivN/A,divN/A,divN/A,divN/A,divN/A,divN/A,False,1821652334914531584
DivN/A,divN/A,divN/A,divN/A,divN/A,divN/A,False,1864781991100715264
DivN/A,divN/A,divN/A,divN/A,divN/A,divN/A,False,1871861491944792320
DivN/A,divN/A,divN/A,divN/A,divN/A,divN/A,False,1859373342970741248
DivN/A,divN/A,divN/A,divN/A,divN/A,divN/A,False,1836835835410538496
DivN/A,divN/A,divN/A,divN/A,divN/A,divN/A,False,1796527931248030208
DivN/A,divN/A,divN/A,divN/A,divN/A,divN/A,False,1804269256470577152
DivN/A,divN/A,divN/A,divN/A,divN/A,divN/A,False,1810765945729863936
DivN/A,divN/A,divN/A,divN/A,divN/A,divN/A,False,1834337244775133696
DivN/A,divN/A,divN/A,divN/A,divN/A,divN/A,False,1843474103157830144
DivN/A,divN/A,divN/A,divN/A,divN/A,divN/A,False,1732078207820583424
DivN/A,divN/A,divN/A,divN/A,divN/A,divN/A,False,1812166350049026048
DivN/A,divN/A,divN/A,divN/A,divN/A,divN/A,False,1812352853736047104
DivN/A,divN/A,divN/A,divN/A,divN/A,divN/A,False,1783254594480730112
DivN/A,divN/A,divN/A,divN/A,divN/A,divN/A,False,1799180470615240704
DivN/A,divN/A,divN/A,divN/A,divN/A,divN/A,False,1807108044725104640
DivN/A,divN/A,divN/A,divN/A,divN/A,divN/A,False,1731851645691056384
DivN/A,divN/A,divN/A,divN/A,divN/A,divN/A,False,1732900026051878912
DivN/A,divN/A,divN/A,divN/A,divN/A,divN/A,False,1736039120441377280
DivN/A,divN/A,divN/A,divN/A,divN/A,divN/A,False,1781544288179851776
DivN/A,divN/A,divN/A,divN/A,divN/A,divN/A,False,1818436356009570560
DivN/A,divN/A,divN/A,divN/A,divN/A,divN/A,False,1714367757968384000
DivN/A,divN/A,divN/A,divN/A,divN/A,divN/A,False,1817212284512481536
DivN/A,divN/A,divN/A,divN/A,divN/A,divN/A,False,1628303585866919936
DivN/A,divN/A,divN/A,divN/A,divN/A,divN/A,False,1827642452087275520
DivN/A,divN/A,divN/A,divN/A,divN/A,divN/A,False,1777198952158294528
DivN/A,divN/A,divN/A,divN/A,divN/A,divN/A,False,1867128028335350016
DivN/A,divN/A,divN/A,divN/A,divN/A,divN/A,False,1873738057536664064
DivN/A,divN/A,divN/A,divN/A,divN/A,divN/A,False,1816659052362912000
DivN/A,divN/A,divN/A,divN/A,divN/A,divN/A,False,1817188829108777216
DivN/A,divN/A,divN/A,divN/A,divN/A,divN/A,False,1879721838890356736
DivN/A,divN/A,divN/A,divN/A,divN/A,divN/A,False,1726673918533210112
DivN/A,divN/A,divN/A,divN/A,divN/A,divN/A,False,1816905031653675520
DivN/A,divN/A,divN/A,divN/A,divN/A,divN/A,False,1879684793715380736
DivN/A,divN/A,divN/A,divN/A,divN/A,divN/A,False,1816461453638918400
DivN/A,divN/A,divN/A,divN/A,divN/A,divN/A,False,1852185912802762752
DivN/A,divN/A,divN/A,divN/A,divN/A,divN/A,False,1821015606864609536
DivN/A,divN/A,divN/A,divN/A,divN/A,divN/A,False,1871726072913698816
DivN/A,divN/A,divN/A,divN/A,divN/A,divN/A,False,1864092222091657728
DivN/A,divN/A,divN/A,divN/A,divN/A,divN/A,False,1856955686367993856
DivN/A,divN/A,divN/A,divN/A,divN/A,divN/A,False,1827501966643073280
DivN/A,divN/A,divN/A,divN/A,divN/A,divN/A,False,1872016098285240576
DivN/A,divN/A,divN/A,divN/A,divN/A,divN/A,False,1870144863418650880
DivN/A,divN/A,divN/A,divN/A,divN/A,divN/A,False,1880350899677327616
DivN/A,divN/A,divN/A,divN/A,divN/A,divN/A,False,1753125929147080704
DivN/A,divN/A,divN/A,divN/A,divN/A,divN/A,False,1808606839694561536
DivN/A,divN/A,divN/A,divN/A,divN/A,divN/A,False,1840994404309615104
DivN/A,divN/A,divN/A,divN/A,divN/A,divN/A,False,1834580521856258304
DivN/A,divN/A,divN/A,divN/A,divN/A,divN/A,False,1866017636976390400
DivN/A,divN/A,divN/A,divN/A,divN/A,divN/A,False,1819704536056950784
DivN/A,divN/A,divN/A,divN/A,divN/A,divN/A,False,1864741196259823616
DivN/A,divN/A,divN/A,divN/A,divN/A,divN/A,False,1877379860252783104
DivN/A,divN/A,divN/A,divN/A,divN/A,divN/A,False,1879891396599169280
DivN/A,divN/A,divN/A,divN/A,divN/A,divN/A,False,1870651279040733184
DivN/A,divN/A,divN/A,divN/A,divN/A,divN/A,False,1788664883212423680
DivN/A,divN/A,divN/A,divN/A,divN/A,divN/A,False,1856825588633293056
DivN/A,divN/A,divN/A,divN/A,divN/A,divN/A,False,1858568824930324736
DivN/A,divN/A,divN/A,divN/A,divN/A,divN/A,False,1860406082352431360
DivN/A,divN/A,divN/A,divN/A,divN/A,divN/A,False,1757901280830504960
DivN/A,divN/A,divN/A,divN/A,divN/A,divN/A,False,1869133454950228224
DivN/A,divN/A,divN/A,divN/A,divN/A,divN/A,False,1806551877838045440
DivN/A,divN/A,divN/A,divN/A,divN/A,divN/A,False,1854913279384010752
DivN/A,divN/A,divN/A,divN/A,divN/A,divN/A,False,1853904959412338944
DivN/A,divN/A,divN/A,divN/A,divN/A,divN/A,False,1818993945491513600
DivN/A,divN/A,divN/A,divN/A,divN/A,divN/A,False,1802371235076063232
DivN/A,divN/A,divN/A,divN/A,divN/A,divN/A,False,1827985599099220480
DivN/A,divN/A,divN/A,divN/A,divN/A,divN/A,False,1805608022875484160
DivN/A,divN/A,divN/A,divN/A,divN/A,divN/A,False,1877551875194568960
DivN/A,divN/A,divN/A,divN/A,divN/A,divN/A,False,1785408259932713216
DivN/A,divN/A,divN/A,divN/A,divN/A,divN/A,False,1819824835138142720
DivN/A,divN/A,divN/A,divN/A,divN/A,divN/A,False,1766961877978898944
DivN/A,divN/A,divN/A,divN/A,divN/A,divN/A,False,1842253899975307520
DivN/A,divN/A,divN/A,divN/A,divN/A,divN/A,False,1853976515341693184
DivN/A,divN/A,divN/A,divN/A,divN/A,divN/A,False,1841189370306470144
DivN/A,divN/A,divN/A,divN/A,divN/A,divN/A,False,1837976255326474240
DivN/A,divN/A,divN/A,divN/A,divN/A,divN/A,False,1809770338336866304
DivN/A,divN/A,divN/A,divN/A,divN/A,divN/A,False,1818993613113634816
DivN/A,divN/A,divN/A,divN/A,divN/A,divN/A,False,1848983104326930944
DivN/A,divN/A,divN/A,divN/A,divN/A,divN/A,False,1849116446451737088
DivN/A,divN/A,divN/A,divN/A,divN/A,divN/A,False,1866317430403863040
DivN/A,divN/A,divN/A,divN/A,divN/A,divN/A,False,1819808519891374336
DivN/A,divN/A,divN/A,divN/A,divN/A,divN/A,False,1666157312271056896
DivN/A,divN/A,divN/A,divN/A,divN/A,divN/A,False,1799161912673927680
DivN/A,divN/A,divN/A,divN/A,divN/A,divN/A,False,1845475580755747328
DivN/A,divN/A,divN/A,divN/A,divN/A,divN/A,False,1800675659506991360
DivN/A,divN/A,divN/A,divN/A,divN/A,divN/A,False,1857901698204721152
DivN/A,divN/A,divN/A,divN/A,divN/A,divN/A,False,1805650134828728320
DivN/A,divN/A,divN/A,divN/A,divN/A,divN/A,False,1859343019327226368
DivN/A,divN/A,divN/A,divN/A,divN/A,divN/A,False,1784352547672580608
DivN/A,divN/A,divN/A,divN/A,divN/A,divN/A,False,1784464197868564736
DivN/A,divN/A,divN/A,divN/A,divN/A,divN/A,False,1797389321508430336
DivN/A,divN/A,divN/A,divN/A,divN/A,divN/A,False,1816669852079182080
DivN/A,divN/A,divN/A,divN/A,divN/A,divN/A,False,1823443176830419456
DivN/A,divN/A,divN/A,divN/A,divN/A,divN/A,False,1781094859132289536
DivN/A,divN/A,divN/A,divN/A,divN/A,divN/A,False,1845889127629176832
DivN/A,divN/A,divN/A,divN/A,divN/A,divN/A,False,1815137702561689856
DivN/A,divN/A,divN/A,divN/A,divN/A,divN/A,False,1875665581585945088
DivN/A,divN/A,divN/A,divN/A,divN/A,divN/A,False,1820481491874263296
DivN/A,divN/A,divN/A,divN/A,divN/A,divN/A,False,1843016063501382144
DivN/A,divN/A,divN/A,divN/A,divN/A,divN/A,False,1875138315676242176
It’s about time the super-wealthy start paying their fair share.,12.6M,15K,4.9K,29K,270,False,1670246955103010816
DivN/A,divN/A,divN/A,divN/A,divN/A,divN/A,False,1797533078505836800
DivN/A,divN/A,divN/A,divN/A,divN/A,divN/A,False,1873924769000939520
DivN/A,divN/A,divN/A,divN/A,divN/A,divN/A,False,1728645955891630336
DivN/A,divN/A,divN/A,divN/A,divN/A,divN/A,False,1760605572284456960
DivN/A,divN/A,divN/A,divN/A,divN/A,divN/A,False,1815106826326654976
DivN/A,divN/A,divN/A,divN/A,divN/A,divN/A,False,1822813953942040576
DivN/A,divN/A,divN/A,divN/A,divN/A,divN/A,False,1864920701251059712
DivN/A,divN/A,divN/A,divN/A,divN/A,divN/A,False,1823052643733823744
DivN/A,divN/A,divN/A,divN/A,divN/A,divN/A,False,1816836217582862848
DivN/A,divN/A,divN/A,divN/A,divN/A,divN/A,False,1831602287300464896
DivN/A,divN/A,divN/A,divN/A,divN/A,divN/A,False,1850971586037498368
DivN/A,divN/A,divN/A,divN/A,divN/A,divN/A,False,1859274653404893440
DivN/A,divN/A,divN/A,divN/A,divN/A,divN/A,False,1868789953443832320
DivN/A,divN/A,divN/A,divN/A,divN/A,divN/A,False,1839829209402712320
DivN/A,divN/A,divN/A,divN/A,divN/A,divN/A,False,1716462311370633728
DivN/A,divN/A,divN/A,divN/A,divN/A,divN/A,False,1716939762614026240
DivN/A,divN/A,divN/A,divN/A,divN/A,divN/A,False,1845677245630742784
DivN/A,divN/A,divN/A,divN/A,divN/A,divN/A,False,1799835907698348544
DivN/A,divN/A,divN/A,divN/A,divN/A,divN/A,False,1784672041376903424
DivN/A,divN/A,divN/A,divN/A,divN/A,divN/A,False,1808903648669270528
"I am deeply disturbed by the possible assassination attempt of former President Trump today. As we gather the facts, I will be clear: I condemn political violence. We all must do our part to ensure that this incident does not lead to more to violence.

Read my statement:",2M,11K,4.2K,21K,507,False,1835533293455867904
DivN/A,divN/A,divN/A,divN/A,divN/A,divN/A,False,1783328326020399360
DivN/A,divN/A,divN/A,divN/A,divN/A,divN/A,False,1801409752733491456
DivN/A,divN/A,divN/A,divN/A,divN/A,divN/A,False,1829105024393253120
DivN/A,divN/A,divN/A,divN/A,divN/A,divN/A,False,1852083429665325056
DivN/A,divN/A,divN/A,divN/A,divN/A,divN/A,False,1877127773551989248
DivN/A,divN/A,divN/A,divN/A,divN/A,divN/A,False,1878798170114994688
DivN/A,divN/A,divN/A,divN/A,divN/A,divN/A,False,1822609291947167744
DivN/A,divN/A,divN/A,divN/A,divN/A,divN/A,False,1841558483919155456
DivN/A,divN/A,divN/A,divN/A,divN/A,divN/A,False,1843432743163834880
DivN/A,divN/A,divN/A,divN/A,divN/A,divN/A,False,1827641001747370240
DivN/A,divN/A,divN/A,divN/A,divN/A,divN/A,False,1752952307451347200
DivN/A,divN/A,divN/A,divN/A,divN/A,divN/A,False,1755573370635059456
DivN/A,divN/A,divN/A,divN/A,divN/A,divN/A,False,1820169812040921344
DivN/A,divN/A,divN/A,divN/A,divN/A,divN/A,False,1721070704806989824
DivN/A,divN/A,divN/A,divN/A,divN/A,divN/A,False,1858731724295074304
DivN/A,divN/A,divN/A,divN/A,divN/A,divN/A,False,1788278091539718144
DivN/A,divN/A,divN/A,divN/A,divN/A,divN/A,False,1867407592370450432
DivN/A,divN/A,divN/A,divN/A,divN/A,divN/A,False,1874502847255183360
DivN/A,divN/A,divN/A,divN/A,divN/A,divN/A,False,1882542158311514624
DivN/A,divN/A,divN/A,divN/A,divN/A,divN/A,False,1822290335059353856
DivN/A,divN/A,divN/A,divN/A,divN/A,divN/A,False,1851159300435238912
DivN/A,divN/A,divN/A,divN/A,divN/A,divN/A,False,1811794058873819648
DivN/A,divN/A,divN/A,divN/A,divN/A,divN/A,False,1879255677052616960
DivN/A,divN/A,divN/A,divN/A,divN/A,divN/A,False,1835770423612707328
DivN/A,divN/A,divN/A,divN/A,divN/A,divN/A,False,1876582315062858240
DivN/A,divN/A,divN/A,divN/A,divN/A,divN/A,False,1833875738711490816
DivN/A,divN/A,divN/A,divN/A,divN/A,divN/A,False,1869399001336054016
DivN/A,divN/A,divN/A,divN/A,divN/A,divN/A,False,1865019291545772032
DivN/A,divN/A,divN/A,divN/A,divN/A,divN/A,False,1810669071228358656
DivN/A,divN/A,divN/A,divN/A,divN/A,divN/A,False,1815105968381820928
DivN/A,divN/A,divN/A,divN/A,divN/A,divN/A,False,1775159927545245696
DivN/A,divN/A,divN/A,divN/A,divN/A,divN/A,False,1865803532537930240
DivN/A,divN/A,divN/A,divN/A,divN/A,divN/A,False,1830626197317058816
DivN/A,divN/A,divN/A,divN/A,divN/A,divN/A,False,1853609325761273856
DivN/A,divN/A,divN/A,divN/A,divN/A,divN/A,False,1838943167057637376
DivN/A,divN/A,divN/A,divN/A,divN/A,divN/A,False,1818739213980123648
DivN/A,divN/A,divN/A,divN/A,divN/A,divN/A,False,1846973605768217088
DivN/A,divN/A,divN/A,divN/A,divN/A,divN/A,False,1875758660154163200
DivN/A,divN/A,divN/A,divN/A,divN/A,divN/A,False,1835012393795305984
DivN/A,divN/A,divN/A,divN/A,divN/A,divN/A,False,1881431301460472064
DivN/A,divN/A,divN/A,divN/A,divN/A,divN/A,False,1856520299849936896
DivN/A,divN/A,divN/A,divN/A,divN/A,divN/A,False,1802483975635779840
DivN/A,divN/A,divN/A,divN/A,divN/A,divN/A,False,1851326606150901760
DivN/A,divN/A,divN/A,divN/A,divN/A,divN/A,False,1851328401644405248
DivN/A,divN/A,divN/A,divN/A,divN/A,divN/A,False,1771608257397919744
DivN/A,divN/A,divN/A,divN/A,divN/A,divN/A,False,1825251471635665408
DivN/A,divN/A,divN/A,divN/A,divN/A,divN/A,False,1851781152501010432
DivN/A,divN/A,divN/A,divN/A,divN/A,divN/A,False,1866552096612356608
DivN/A,divN/A,divN/A,divN/A,divN/A,divN/A,False,1815924717750009856
DivN/A,divN/A,divN/A,divN/A,divN/A,divN/A,False,1869813537662743040
DivN/A,divN/A,divN/A,divN/A,divN/A,divN/A,False,1824476780020838656
DivN/A,divN/A,divN/A,divN/A,divN/A,divN/A,False,1777147516829757696
DivN/A,divN/A,divN/A,divN/A,divN/A,divN/A,False,1851023004496789760
DivN/A,divN/A,divN/A,divN/A,divN/A,divN/A,False,1845839060633297408
DivN/A,divN/A,divN/A,divN/A,divN/A,divN/A,False,1777427513460892160
DivN/A,divN/A,divN/A,divN/A,divN/A,divN/A,False,1842518437949735424
DivN/A,divN/A,divN/A,divN/A,divN/A,divN/A,False,1878342090771537920
DivN/A,divN/A,divN/A,divN/A,divN/A,divN/A,False,1749413850816868352
DivN/A,divN/A,divN/A,divN/A,divN/A,divN/A,False,1780236411829879040
DivN/A,divN/A,divN/A,divN/A,divN/A,divN/A,False,1837626042485469440
DivN/A,divN/A,divN/A,divN/A,divN/A,divN/A,False,1874463948462055680
DivN/A,divN/A,divN/A,divN/A,divN/A,divN/A,False,1832630793736241664
DivN/A,divN/A,divN/A,divN/A,divN/A,divN/A,False,1833587307792024064
DivN/A,divN/A,divN/A,divN/A,divN/A,divN/A,False,1830005075743236096
DivN/A,divN/A,divN/A,divN/A,divN/A,divN/A,False,1793796052744573184
DivN/A,divN/A,divN/A,divN/A,divN/A,divN/A,False,1836692607503843584
DivN/A,divN/A,divN/A,divN/A,divN/A,divN/A,False,1809528964404175104
DivN/A,divN/A,divN/A,divN/A,divN/A,divN/A,False,1784428001024938496
DivN/A,divN/A,divN/A,divN/A,divN/A,divN/A,False,1776252944377057536
DivN/A,divN/A,divN/A,divN/A,divN/A,divN/A,False,1799243113229328640
DivN/A,divN/A,divN/A,divN/A,divN/A,divN/A,False,1835717567907786752
DivN/A,divN/A,divN/A,divN/A,divN/A,divN/A,False,1755241253573169664
DivN/A,divN/A,divN/A,divN/A,divN/A,divN/A,False,1756051756763521280
DivN/A,divN/A,divN/A,divN/A,divN/A,divN/A,False,1766352612733923840
DivN/A,divN/A,divN/A,divN/A,divN/A,divN/A,False,1768308641201811968
DivN/A,divN/A,divN/A,divN/A,divN/A,divN/A,False,1787853544093065728
DivN/A,divN/A,divN/A,divN/A,divN/A,divN/A,False,1813000360161648896
DivN/A,divN/A,divN/A,divN/A,divN/A,divN/A,False,1824815950660600064
DivN/A,divN/A,divN/A,divN/A,divN/A,divN/A,False,1773498506503704576
DivN/A,divN/A,divN/A,divN/A,divN/A,divN/A,False,1855342286739271936
DivN/A,divN/A,divN/A,divN/A,divN/A,divN/A,False,1858518596344832256
DivN/A,divN/A,divN/A,divN/A,divN/A,divN/A,False,1826557487064949248
DivN/A,divN/A,divN/A,divN/A,divN/A,divN/A,False,1850253677485051904
DivN/A,divN/A,divN/A,divN/A,divN/A,divN/A,False,1847297972540669952
DivN/A,divN/A,divN/A,divN/A,divN/A,divN/A,False,1867585267059527680
DivN/A,divN/A,divN/A,divN/A,divN/A,divN/A,False,1773581427189203200
DivN/A,divN/A,divN/A,divN/A,divN/A,divN/A,False,1851174971894042880
DivN/A,divN/A,divN/A,divN/A,divN/A,divN/A,False,1852362189744607744
DivN/A,divN/A,divN/A,divN/A,divN/A,divN/A,False,1718676793165750272
DivN/A,divN/A,divN/A,divN/A,divN/A,divN/A,False,1873733087483621888
DivN/A,divN/A,divN/A,divN/A,divN/A,divN/A,False,1849179027849851136
DivN/A,divN/A,divN/A,divN/A,divN/A,divN/A,False,1757033600199934464
DivN/A,divN/A,divN/A,divN/A,divN/A,divN/A,False,1769338623940289024
DivN/A,divN/A,divN/A,divN/A,divN/A,divN/A,False,1868349333860733184
DivN/A,divN/A,divN/A,divN/A,divN/A,divN/A,False,1872395652379865344
Commenting & deliberate sharing will be allowed. Sensitive content just won’t be pushed to people unless they ask for it or a friend sends it to them.,13.5M,9.2K,1.6K,6.7K,202,False,1664435953459396608
DivN/A,divN/A,divN/A,divN/A,divN/A,divN/A,False,1789641182164688896
DivN/A,divN/A,divN/A,divN/A,divN/A,divN/A,False,1797976676057448960
DivN/A,divN/A,divN/A,divN/A,divN/A,divN/A,False,1875994379053400576
DivN/A,divN/A,divN/A,divN/A,divN/A,divN/A,False,1867623024117399552
DivN/A,divN/A,divN/A,divN/A,divN/A,divN/A,False,1811723602288374016
DivN/A,divN/A,divN/A,divN/A,divN/A,divN/A,False,1809995798366552064
DivN/A,divN/A,divN/A,divN/A,divN/A,divN/A,False,1828847413286560000
DivN/A,divN/A,divN/A,divN/A,divN/A,divN/A,False,1748198297506894336
DivN/A,divN/A,divN/A,divN/A,divN/A,divN/A,False,1868793087184847104
DivN/A,divN/A,divN/A,divN/A,divN/A,divN/A,False,1826820708640469504
DivN/A,divN/A,divN/A,divN/A,divN/A,divN/A,False,1792213683428372480
DivN/A,divN/A,divN/A,divN/A,divN/A,divN/A,False,1735568882499211520
DivN/A,divN/A,divN/A,divN/A,divN/A,divN/A,False,1783643000759091200
DivN/A,divN/A,divN/A,divN/A,divN/A,divN/A,False,1822101072736923904
DivN/A,divN/A,divN/A,divN/A,divN/A,divN/A,False,1837800303938220032
DivN/A,divN/A,divN/A,divN/A,divN/A,divN/A,False,1876939404360462336
DivN/A,divN/A,divN/A,divN/A,divN/A,divN/A,False,1802701932777160704
DivN/A,divN/A,divN/A,divN/A,divN/A,divN/A,False,1850746720352661504
DivN/A,divN/A,divN/A,divN/A,divN/A,divN/A,False,1815674629643719168
DivN/A,divN/A,divN/A,divN/A,divN/A,divN/A,False,1845353670407234048
DivN/A,divN/A,divN/A,divN/A,divN/A,divN/A,False,1831365045277860096
DivN/A,divN/A,divN/A,divN/A,divN/A,divN/A,False,1747730495482310656
DivN/A,divN/A,divN/A,divN/A,divN/A,divN/A,False,1851171617185071360
DivN/A,divN/A,divN/A,divN/A,divN/A,divN/A,False,1851107330102018560
DivN/A,divN/A,divN/A,divN/A,divN/A,divN/A,False,1800601727789322496
DivN/A,divN/A,divN/A,divN/A,divN/A,divN/A,False,1828461090570690816
DivN/A,divN/A,divN/A,divN/A,divN/A,divN/A,False,1710622315816337664
DivN/A,divN/A,divN/A,divN/A,divN/A,divN/A,False,1748792947259113472
DivN/A,divN/A,divN/A,divN/A,divN/A,divN/A,False,1749975264174497792
DivN/A,divN/A,divN/A,divN/A,divN/A,divN/A,False,1753504100354859520
DivN/A,divN/A,divN/A,divN/A,divN/A,divN/A,False,1784308418586546176
DivN/A,divN/A,divN/A,divN/A,divN/A,divN/A,False,1805352725695144448
DivN/A,divN/A,divN/A,divN/A,divN/A,divN/A,False,1789924313220423936
DivN/A,divN/A,divN/A,divN/A,divN/A,divN/A,False,1871633002410975744
DivN/A,divN/A,divN/A,divN/A,divN/A,divN/A,False,1832388346678566912
DivN/A,divN/A,divN/A,divN/A,divN/A,divN/A,False,1819400183123255808
DivN/A,divN/A,divN/A,divN/A,divN/A,divN/A,False,1835454204975976704
DivN/A,divN/A,divN/A,divN/A,divN/A,divN/A,False,1791775920854056960
DivN/A,divN/A,divN/A,divN/A,divN/A,divN/A,False,1823102824089059584
DivN/A,divN/A,divN/A,divN/A,divN/A,divN/A,False,1828556001252872704
DivN/A,divN/A,divN/A,divN/A,divN/A,divN/A,False,1852362160636400128
DivN/A,divN/A,divN/A,divN/A,divN/A,divN/A,False,1782259484124992000
DivN/A,divN/A,divN/A,divN/A,divN/A,divN/A,False,1768356426336866560
DivN/A,divN/A,divN/A,divN/A,divN/A,divN/A,False,1847009047796416512
DivN/A,divN/A,divN/A,divN/A,divN/A,divN/A,False,1830686863075492096
DivN/A,divN/A,divN/A,divN/A,divN/A,divN/A,False,1810013613844795904
DivN/A,divN/A,divN/A,divN/A,divN/A,divN/A,False,1812252919086936320
DivN/A,divN/A,divN/A,divN/A,divN/A,divN/A,False,1868744645213405696
DivN/A,divN/A,divN/A,divN/A,divN/A,divN/A,False,1859729600110047744
DivN/A,divN/A,divN/A,divN/A,divN/A,divN/A,False,1840901493614084608
DivN/A,divN/A,divN/A,divN/A,divN/A,divN/A,False,1831887665047994624
DivN/A,divN/A,divN/A,divN/A,divN/A,divN/A,False,1816631256399909120
DivN/A,divN/A,divN/A,divN/A,divN/A,divN/A,False,1694280124026270208
DivN/A,divN/A,divN/A,divN/A,divN/A,divN/A,False,1757030786161627136
DivN/A,divN/A,divN/A,divN/A,divN/A,divN/A,False,1817129350191276544
DivN/A,divN/A,divN/A,divN/A,divN/A,divN/A,False,1860326137471090944
DivN/A,divN/A,divN/A,divN/A,divN/A,divN/A,False,1814316942821355520
DivN/A,divN/A,divN/A,divN/A,divN/A,divN/A,False,1842358615971119360
DivN/A,divN/A,divN/A,divN/A,divN/A,divN/A,False,1874111090252226816
DivN/A,divN/A,divN/A,divN/A,divN/A,divN/A,False,1876438360564347136
DivN/A,divN/A,divN/A,divN/A,divN/A,divN/A,False,1712623398306861568
DivN/A,divN/A,divN/A,divN/A,divN/A,divN/A,False,1861334580047028480
DivN/A,divN/A,divN/A,divN/A,divN/A,divN/A,False,1810539521034879488
DivN/A,divN/A,divN/A,divN/A,divN/A,divN/A,False,1881906596160422144
DivN/A,divN/A,divN/A,divN/A,divN/A,divN/A,False,1850641658599399680
DivN/A,divN/A,divN/A,divN/A,divN/A,divN/A,False,1845058418815508480
DivN/A,divN/A,divN/A,divN/A,divN/A,divN/A,False,1746529355591721216
DivN/A,divN/A,divN/A,divN/A,divN/A,divN/A,False,1872794081556086784
DivN/A,divN/A,divN/A,divN/A,divN/A,divN/A,False,1834104386303521024
DivN/A,divN/A,divN/A,divN/A,divN/A,divN/A,False,1839942328192061440
DivN/A,divN/A,divN/A,divN/A,divN/A,divN/A,False,1859616060061737216
DivN/A,divN/A,divN/A,divN/A,divN/A,divN/A,False,1730676425919782912
DivN/A,divN/A,divN/A,divN/A,divN/A,divN/A,False,1755622562678149376
DivN/A,divN/A,divN/A,divN/A,divN/A,divN/A,False,1797979261665444096
DivN/A,divN/A,divN/A,divN/A,divN/A,divN/A,False,1830149197208617216
Fanaticism is always a function of repressed doubt – Dune,26.4M,10K,17K,154K,1.9K,False,1673428147650326528
DivN/A,divN/A,divN/A,divN/A,divN/A,divN/A,False,1807035407680360704
"And there it is - he said the quiet part out loud

Biden all but confirmed that his team is coordinating these Trump indictments to “stop Trump from taking power again”",7.6M,4.7K,19K,41K,1.8K,True,1642984137765302272
DivN/A,divN/A,divN/A,divN/A,divN/A,divN/A,False,1874098590186192896
DivN/A,divN/A,divN/A,divN/A,divN/A,divN/A,False,1805322501293326336
DivN/A,divN/A,divN/A,divN/A,divN/A,divN/A,False,1797286689599050240
DivN/A,divN/A,divN/A,divN/A,divN/A,divN/A,False,1825706130678407424
DivN/A,divN/A,divN/A,divN/A,divN/A,divN/A,False,1825648502011302144
DivN/A,divN/A,divN/A,divN/A,divN/A,divN/A,False,1823481508717342976
DivN/A,divN/A,divN/A,divN/A,divN/A,divN/A,False,1873192326090375424
DivN/A,divN/A,divN/A,divN/A,divN/A,divN/A,False,1870670754309980672
DivN/A,divN/A,divN/A,divN/A,divN/A,divN/A,False,1801260029514809600
DivN/A,divN/A,divN/A,divN/A,divN/A,divN/A,False,1823146134769893376
DivN/A,divN/A,divN/A,divN/A,divN/A,divN/A,False,1848085788174819584
DivN/A,divN/A,divN/A,divN/A,divN/A,divN/A,False,1878159771523584000
DivN/A,divN/A,divN/A,divN/A,divN/A,divN/A,False,1844710251536261376
DivN/A,divN/A,divN/A,divN/A,divN/A,divN/A,False,1817997368442105856
DivN/A,divN/A,divN/A,divN/A,divN/A,divN/A,False,1859853490195136512
DivN/A,divN/A,divN/A,divN/A,divN/A,divN/A,False,1810698976515039744
DivN/A,divN/A,divN/A,divN/A,divN/A,divN/A,False,1821949058132668416
DivN/A,divN/A,divN/A,divN/A,divN/A,divN/A,False,1834665740336509440
DivN/A,divN/A,divN/A,divN/A,divN/A,divN/A,False,1847302172473704704
DivN/A,divN/A,divN/A,divN/A,divN/A,divN/A,False,1879886394535059456
DivN/A,divN/A,divN/A,divN/A,divN/A,divN/A,False,1752001404955480320
DivN/A,divN/A,divN/A,divN/A,divN/A,divN/A,False,1822388964919312640
DivN/A,divN/A,divN/A,divN/A,divN/A,divN/A,False,1802261037913128960
DivN/A,divN/A,divN/A,divN/A,divN/A,divN/A,False,1839333110305145344
DivN/A,divN/A,divN/A,divN/A,divN/A,divN/A,False,1801977254727041280
DivN/A,divN/A,divN/A,divN/A,divN/A,divN/A,False,1813305249160900864
DivN/A,divN/A,divN/A,divN/A,divN/A,divN/A,False,1796733969771225344
DivN/A,divN/A,divN/A,divN/A,divN/A,divN/A,False,1872127996691349760
DivN/A,divN/A,divN/A,divN/A,divN/A,divN/A,False,1839889046333497600
DivN/A,divN/A,divN/A,divN/A,divN/A,divN/A,False,1818726605759430656
DivN/A,divN/A,divN/A,divN/A,divN/A,divN/A,False,1838204333025898496
DivN/A,divN/A,divN/A,divN/A,divN/A,divN/A,False,1738309577995702784
DivN/A,divN/A,divN/A,divN/A,divN/A,divN/A,False,1810448519620366848
DivN/A,divN/A,divN/A,divN/A,divN/A,divN/A,False,1766175981516054784
DivN/A,divN/A,divN/A,divN/A,divN/A,divN/A,False,1786831499310022656
DivN/A,divN/A,divN/A,divN/A,divN/A,divN/A,False,1860374282293117440
DivN/A,divN/A,divN/A,divN/A,divN/A,divN/A,False,1827061350452887552
DivN/A,divN/A,divN/A,divN/A,divN/A,divN/A,False,1875076329101808128
DivN/A,divN/A,divN/A,divN/A,divN/A,divN/A,False,1829308112840307200
DivN/A,divN/A,divN/A,divN/A,divN/A,divN/A,False,1823400713495486976
DivN/A,divN/A,divN/A,divN/A,divN/A,divN/A,False,1867002787545965056
DivN/A,divN/A,divN/A,divN/A,divN/A,divN/A,False,1843515880732537344
DivN/A,divN/A,divN/A,divN/A,divN/A,divN/A,False,1772340262934622464
DivN/A,divN/A,divN/A,divN/A,divN/A,divN/A,False,1691156487094308864
"Whatever you think of the Trump indictments, one thing is for certain: the glass has now been broken over and over again. Political opponents can be targeted by legal enemies. Running for office now carries the legal risk of going to jail -- on all sides.",6.2M,10K,5.5K,25K,192,False,1691431356448845824
DivN/A,divN/A,divN/A,divN/A,divN/A,divN/A,False,1871226881887911936
DivN/A,divN/A,divN/A,divN/A,divN/A,divN/A,False,1763983807143653888
DivN/A,divN/A,divN/A,divN/A,divN/A,divN/A,False,1793326581449891840
DivN/A,divN/A,divN/A,divN/A,divN/A,divN/A,False,1820163842099282176
DivN/A,divN/A,divN/A,divN/A,divN/A,divN/A,False,1781338464400859648
DivN/A,divN/A,divN/A,divN/A,divN/A,divN/A,False,1853064247661514752
DivN/A,divN/A,divN/A,divN/A,divN/A,divN/A,False,1876428977042027008
DivN/A,divN/A,divN/A,divN/A,divN/A,divN/A,False,1878561866823127040
DivN/A,divN/A,divN/A,divN/A,divN/A,divN/A,False,1803805559272907264
DivN/A,divN/A,divN/A,divN/A,divN/A,divN/A,False,1851754467693109760
DivN/A,divN/A,divN/A,divN/A,divN/A,divN/A,False,1876289877882667264
DivN/A,divN/A,divN/A,divN/A,divN/A,divN/A,False,1763290839109837312
DivN/A,divN/A,divN/A,divN/A,divN/A,divN/A,False,1692928235443831040
DivN/A,divN/A,divN/A,divN/A,divN/A,divN/A,False,1781701230584283648
DivN/A,divN/A,divN/A,divN/A,divN/A,divN/A,False,1848337830512345344
DivN/A,divN/A,divN/A,divN/A,divN/A,divN/A,False,1778588894495412480
DivN/A,divN/A,divN/A,divN/A,divN/A,divN/A,False,1711824156134629376
DivN/A,divN/A,divN/A,divN/A,divN/A,divN/A,False,1793780535795356160
DivN/A,divN/A,divN/A,divN/A,divN/A,divN/A,False,1813611464617492736
DivN/A,divN/A,divN/A,divN/A,divN/A,divN/A,False,1851551249885450240
DivN/A,divN/A,divN/A,divN/A,divN/A,divN/A,False,1852704066821869568
DivN/A,divN/A,divN/A,divN/A,divN/A,divN/A,False,1831465793080717312
DivN/A,divN/A,divN/A,divN/A,divN/A,divN/A,False,1785696540444479744
DivN/A,divN/A,divN/A,divN/A,divN/A,divN/A,False,1834608004563353600
DivN/A,divN/A,divN/A,divN/A,divN/A,divN/A,False,1872256317748134400
DivN/A,divN/A,divN/A,divN/A,divN/A,divN/A,False,1808217098105028864
DivN/A,divN/A,divN/A,divN/A,divN/A,divN/A,False,1858898711583105024
DivN/A,divN/A,divN/A,divN/A,divN/A,divN/A,False,1877498207686545664
DivN/A,divN/A,divN/A,divN/A,divN/A,divN/A,False,1810249451006562304
DivN/A,divN/A,divN/A,divN/A,divN/A,divN/A,False,1743543346499338496
DivN/A,divN/A,divN/A,divN/A,divN/A,divN/A,False,1815869365587505664
DivN/A,divN/A,divN/A,divN/A,divN/A,divN/A,False,1829503995192222208
DivN/A,divN/A,divN/A,divN/A,divN/A,divN/A,False,1871450738263773440
DivN/A,divN/A,divN/A,divN/A,divN/A,divN/A,False,1800944754508628224
DivN/A,divN/A,divN/A,divN/A,divN/A,divN/A,False,1882116987767447552
DivN/A,divN/A,divN/A,divN/A,divN/A,divN/A,False,1734563802509676800
DivN/A,divN/A,divN/A,divN/A,divN/A,divN/A,False,1816837565883744768
DivN/A,divN/A,divN/A,divN/A,divN/A,divN/A,False,1820173264116662272
DivN/A,divN/A,divN/A,divN/A,divN/A,divN/A,False,1820872147461656576
DivN/A,divN/A,divN/A,divN/A,divN/A,divN/A,False,1714984258358391040
DivN/A,divN/A,divN/A,divN/A,divN/A,divN/A,False,1832851710038974720
DivN/A,divN/A,divN/A,divN/A,divN/A,divN/A,False,1861497791215702528
DivN/A,divN/A,divN/A,divN/A,divN/A,divN/A,False,1823503049198878976
DivN/A,divN/A,divN/A,divN/A,divN/A,divN/A,False,1821106628604686848
DivN/A,divN/A,divN/A,divN/A,divN/A,divN/A,False,1853126776760774656
DivN/A,divN/A,divN/A,divN/A,divN/A,divN/A,False,1852409038551580672
DivN/A,divN/A,divN/A,divN/A,divN/A,divN/A,False,1835963589619847424
DivN/A,divN/A,divN/A,divN/A,divN/A,divN/A,False,1843403428053086720
DivN/A,divN/A,divN/A,divN/A,divN/A,divN/A,False,1843984760550617600
DivN/A,divN/A,divN/A,divN/A,divN/A,divN/A,False,1785725450527842560
DivN/A,divN/A,divN/A,divN/A,divN/A,divN/A,False,1744368084280881152
DivN/A,divN/A,divN/A,divN/A,divN/A,divN/A,False,1865710776717033984
DivN/A,divN/A,divN/A,divN/A,divN/A,divN/A,False,1866136939247681536
DivN/A,divN/A,divN/A,divN/A,divN/A,divN/A,False,1874526162334199808
DivN/A,divN/A,divN/A,divN/A,divN/A,divN/A,False,1762558886207209984
DivN/A,divN/A,divN/A,divN/A,divN/A,divN/A,False,1765402846596374784
DivN/A,divN/A,divN/A,divN/A,divN/A,divN/A,False,1800284327689044224
DivN/A,divN/A,divN/A,divN/A,divN/A,divN/A,False,1817298331355501056
DivN/A,divN/A,divN/A,divN/A,divN/A,divN/A,False,1845106539410956800
DivN/A,divN/A,divN/A,divN/A,divN/A,divN/A,False,1849275147967983616
DivN/A,divN/A,divN/A,divN/A,divN/A,divN/A,False,1.818085447786e+18
DivN/A,divN/A,divN/A,divN/A,divN/A,divN/A,False,1816337626061799680
DivN/A,divN/A,divN/A,divN/A,divN/A,divN/A,False,1794251966845222912
DivN/A,divN/A,divN/A,divN/A,divN/A,divN/A,False,1756837937063272960
DivN/A,divN/A,divN/A,divN/A,divN/A,divN/A,False,1756324531655073792
DivN/A,divN/A,divN/A,divN/A,divN/A,divN/A,False,1720481770456400384
DivN/A,divN/A,divN/A,divN/A,divN/A,divN/A,False,1830718734173962240
DivN/A,divN/A,divN/A,divN/A,divN/A,divN/A,False,1796294635872035328
DivN/A,divN/A,divN/A,divN/A,divN/A,divN/A,False,1797941028328186368
DivN/A,divN/A,divN/A,divN/A,divN/A,divN/A,False,1829302158824522240
DivN/A,divN/A,divN/A,divN/A,divN/A,divN/A,False,1719351849856253952
DivN/A,divN/A,divN/A,divN/A,divN/A,divN/A,False,1869331016466465024
DivN/A,divN/A,divN/A,divN/A,divN/A,divN/A,False,1875145167633887232
DivN/A,divN/A,divN/A,divN/A,divN/A,divN/A,False,1882172597359833600
DivN/A,divN/A,divN/A,divN/A,divN/A,divN/A,False,1783828602716553728
DivN/A,divN/A,divN/A,divN/A,divN/A,divN/A,False,1850239837191705088
DivN/A,divN/A,divN/A,divN/A,divN/A,divN/A,False,1835083430100713472
DivN/A,divN/A,divN/A,divN/A,divN/A,divN/A,False,1760280949336486400
DivN/A,divN/A,divN/A,divN/A,divN/A,divN/A,False,1879610222270201856
DivN/A,divN/A,divN/A,divN/A,divN/A,divN/A,False,1731458833870885120
DivN/A,divN/A,divN/A,divN/A,divN/A,divN/A,False,1824989689486418432
DivN/A,divN/A,divN/A,divN/A,divN/A,divN/A,False,1865828934321062144
DivN/A,divN/A,divN/A,divN/A,divN/A,divN/A,False,1799528041284039168
DivN/A,divN/A,divN/A,divN/A,divN/A,divN/A,False,1799340310864248832
DivN/A,divN/A,divN/A,divN/A,divN/A,divN/A,False,1660667798979239936
DivN/A,divN/A,divN/A,divN/A,divN/A,divN/A,False,1881472414858821632
DivN/A,divN/A,divN/A,divN/A,divN/A,divN/A,False,1803711334959173632
DivN/A,divN/A,divN/A,divN/A,divN/A,divN/A,False,1854857761055559936
DivN/A,divN/A,divN/A,divN/A,divN/A,divN/A,False,1811407602552614912
DivN/A,divN/A,divN/A,divN/A,divN/A,divN/A,False,1879239369091076608
DivN/A,divN/A,divN/A,divN/A,divN/A,divN/A,False,1834129796273668096
DivN/A,divN/A,divN/A,divN/A,divN/A,divN/A,False,1761148935572459776
DivN/A,divN/A,divN/A,divN/A,divN/A,divN/A,False,1835634816668037376
DivN/A,divN/A,divN/A,divN/A,divN/A,divN/A,False,1684044616528453632
DivN/A,divN/A,divN/A,divN/A,divN/A,divN/A,False,1859393225296847104
DivN/A,divN/A,divN/A,divN/A,divN/A,divN/A,False,1854034367053451776
DivN/A,divN/A,divN/A,divN/A,divN/A,divN/A,False,1714541413944250880
DivN/A,divN/A,divN/A,divN/A,divN/A,divN/A,False,1766840801642885376
DivN/A,divN/A,divN/A,divN/A,divN/A,divN/A,False,1812603461722152960
DivN/A,divN/A,divN/A,divN/A,divN/A,divN/A,False,1815038854098772480
DivN/A,divN/A,divN/A,divN/A,divN/A,divN/A,False,1829665753416491008
DivN/A,divN/A,divN/A,divN/A,divN/A,divN/A,False,1870888130045214720
DivN/A,divN/A,divN/A,divN/A,divN/A,divN/A,False,1853901335969878528
DivN/A,divN/A,divN/A,divN/A,divN/A,divN/A,False,1724924211150389248
DivN/A,divN/A,divN/A,divN/A,divN/A,divN/A,False,1859437922639872256
DivN/A,divN/A,divN/A,divN/A,divN/A,divN/A,False,1809643126673600512
DivN/A,divN/A,divN/A,divN/A,divN/A,divN/A,False,1817303967925162240
DivN/A,divN/A,divN/A,divN/A,divN/A,divN/A,False,1823046702519013376
DivN/A,divN/A,divN/A,divN/A,divN/A,divN/A,False,1815824257835790848
DivN/A,divN/A,divN/A,divN/A,divN/A,divN/A,False,1819122664382124032
DivN/A,divN/A,divN/A,divN/A,divN/A,divN/A,False,1820796779782090752
DivN/A,divN/A,divN/A,divN/A,divN/A,divN/A,False,1820823744895713536
DivN/A,divN/A,divN/A,divN/A,divN/A,divN/A,False,1827221880102703616
DivN/A,divN/A,divN/A,divN/A,divN/A,divN/A,False,1870413236996092160
DivN/A,divN/A,divN/A,divN/A,divN/A,divN/A,False,1821841849096478720
DivN/A,divN/A,divN/A,divN/A,divN/A,divN/A,False,1877944056296210944
DivN/A,divN/A,divN/A,divN/A,divN/A,divN/A,False,1877779364261060864
DivN/A,divN/A,divN/A,divN/A,divN/A,divN/A,False,1874594523269189632
DivN/A,divN/A,divN/A,divN/A,divN/A,divN/A,False,1818960147965779968
DivN/A,divN/A,divN/A,divN/A,divN/A,divN/A,False,1818965642050973696
DivN/A,divN/A,divN/A,divN/A,divN/A,divN/A,False,1730603168654823680
DivN/A,divN/A,divN/A,divN/A,divN/A,divN/A,False,1808276596723535872
DivN/A,divN/A,divN/A,divN/A,divN/A,divN/A,False,1834965330537357312
DivN/A,divN/A,divN/A,divN/A,divN/A,divN/A,False,1846412656481059328
DivN/A,divN/A,divN/A,divN/A,divN/A,divN/A,False,1847733219946614784
DivN/A,divN/A,divN/A,divN/A,divN/A,divN/A,False,1866263691748143616
DivN/A,divN/A,divN/A,divN/A,divN/A,divN/A,False,1870998894772977920
DivN/A,divN/A,divN/A,divN/A,divN/A,divN/A,False,1827572720936030720
DivN/A,divN/A,divN/A,divN/A,divN/A,divN/A,False,1776729732970594560
DivN/A,divN/A,divN/A,divN/A,divN/A,divN/A,False,1856796047810457856
DivN/A,divN/A,divN/A,divN/A,divN/A,divN/A,False,1851289064818806784
DivN/A,divN/A,divN/A,divN/A,divN/A,divN/A,False,1790391774097088512
DivN/A,divN/A,divN/A,divN/A,divN/A,divN/A,False,1830457764709290496
DivN/A,divN/A,divN/A,divN/A,divN/A,divN/A,False,1815441297123274752
DivN/A,divN/A,divN/A,divN/A,divN/A,divN/A,False,1819854289650790656
DivN/A,divN/A,divN/A,divN/A,divN/A,divN/A,False,1859824059464417280
DivN/A,divN/A,divN/A,divN/A,divN/A,divN/A,False,1853064346651205632
DivN/A,divN/A,divN/A,divN/A,divN/A,divN/A,False,1739200256309342464
DivN/A,divN/A,divN/A,divN/A,divN/A,divN/A,False,1816557433084432640
DivN/A,divN/A,divN/A,divN/A,divN/A,divN/A,False,1829280502702064128
DivN/A,divN/A,divN/A,divN/A,divN/A,divN/A,False,1831784676199219456
DivN/A,divN/A,divN/A,divN/A,divN/A,divN/A,False,1858789247328612864
DivN/A,divN/A,divN/A,divN/A,divN/A,divN/A,False,1733261888962667008
"There were not fine people on both sides of Charlottesville. 

The January 6th rioters were not good people. 

End of story.",13.3M,20K,26K,89K,1K,False,1656474139316695040
DivN/A,divN/A,divN/A,divN/A,divN/A,divN/A,False,1658952315032698880
DivN/A,divN/A,divN/A,divN/A,divN/A,divN/A,False,1664310849568227328
DivN/A,divN/A,divN/A,divN/A,divN/A,divN/A,False,1670385917574410240
DivN/A,divN/A,divN/A,divN/A,divN/A,divN/A,False,1709195019792318720
DivN/A,divN/A,divN/A,divN/A,divN/A,divN/A,False,1710752170096701696
DivN/A,divN/A,divN/A,divN/A,divN/A,divN/A,False,1722514874452877312
DivN/A,divN/A,divN/A,divN/A,divN/A,divN/A,False,1871742523162665216
DivN/A,divN/A,divN/A,divN/A,divN/A,divN/A,False,1768062932951150592
DivN/A,divN/A,divN/A,divN/A,divN/A,divN/A,False,1812271849893442048
DivN/A,divN/A,divN/A,divN/A,divN/A,divN/A,False,1830380364885352704
DivN/A,divN/A,divN/A,divN/A,divN/A,divN/A,False,1745921308943069184
DivN/A,divN/A,divN/A,divN/A,divN/A,divN/A,False,1749953840495919360
DivN/A,divN/A,divN/A,divN/A,divN/A,divN/A,False,1757768725212868864
DivN/A,divN/A,divN/A,divN/A,divN/A,divN/A,False,1765026260936262144
DivN/A,divN/A,divN/A,divN/A,divN/A,divN/A,False,1785007358998946304
DivN/A,divN/A,divN/A,divN/A,divN/A,divN/A,False,1785030056617611520
DivN/A,divN/A,divN/A,divN/A,divN/A,divN/A,False,1867348471214440704
DivN/A,divN/A,divN/A,divN/A,divN/A,divN/A,False,1841454406014755328
DivN/A,divN/A,divN/A,divN/A,divN/A,divN/A,False,1859310564218216704
https://,50,1,repostN/A,likesN/A,bookmarksN/A,False,1679202843893329920
DivN/A,divN/A,divN/A,divN/A,divN/A,divN/A,False,1738723737334358528
DivN/A,divN/A,divN/A,divN/A,divN/A,divN/A,False,1745487444303138816
DivN/A,divN/A,divN/A,divN/A,divN/A,divN/A,False,1819835505871323136
DivN/A,divN/A,divN/A,divN/A,divN/A,divN/A,False,1764670650592186368
DivN/A,divN/A,divN/A,divN/A,divN/A,divN/A,False,1785782393414029824
DivN/A,divN/A,divN/A,divN/A,divN/A,divN/A,False,1858377771266772992
DivN/A,divN/A,divN/A,divN/A,divN/A,divN/A,False,1817851304896836096
DivN/A,divN/A,divN/A,divN/A,divN/A,divN/A,False,1824607383970255104
"Oh, du steckst also dahinter? Wusste ich gar nicht ",53,1,repostN/A,1,bookmarksN/A,False,1684341847420698624
DivN/A,divN/A,divN/A,divN/A,divN/A,divN/A,False,1.81649455387e+18
DivN/A,divN/A,divN/A,divN/A,divN/A,divN/A,False,1858948310578721024
DivN/A,divN/A,divN/A,divN/A,divN/A,divN/A,False,1841488310998319360
DivN/A,divN/A,divN/A,divN/A,divN/A,divN/A,False,1714984166175956992
DivN/A,divN/A,divN/A,divN/A,divN/A,divN/A,False,1723364923290374400
DivN/A,divN/A,divN/A,divN/A,divN/A,divN/A,False,1800105163153424896
DivN/A,divN/A,divN/A,divN/A,divN/A,divN/A,False,1853664804352802816
DivN/A,divN/A,divN/A,divN/A,divN/A,divN/A,False,1852004617791414272
DivN/A,divN/A,divN/A,divN/A,divN/A,divN/A,False,1860452932942266880
DivN/A,divN/A,divN/A,divN/A,divN/A,divN/A,False,1726849144277680128
DivN/A,divN/A,divN/A,divN/A,divN/A,divN/A,False,1852327123249213440
DivN/A,divN/A,divN/A,divN/A,divN/A,divN/A,False,1739701723046793216
DivN/A,divN/A,divN/A,divN/A,divN/A,divN/A,False,1820915919419310080
DivN/A,divN/A,divN/A,divN/A,divN/A,divN/A,False,1813538870887436800
DivN/A,divN/A,divN/A,divN/A,divN/A,divN/A,False,1841346121949401344
DivN/A,divN/A,divN/A,divN/A,divN/A,divN/A,False,1693045896559165952
DivN/A,divN/A,divN/A,divN/A,divN/A,divN/A,False,1711340677571674624
DivN/A,divN/A,divN/A,divN/A,divN/A,divN/A,False,1753136312339546112
DivN/A,divN/A,divN/A,divN/A,divN/A,divN/A,False,1856331121899814912
DivN/A,divN/A,divN/A,divN/A,divN/A,divN/A,False,1863933255679963648
DivN/A,divN/A,divN/A,divN/A,divN/A,divN/A,False,1817597715251093760
DivN/A,divN/A,divN/A,divN/A,divN/A,divN/A,False,1749832523406799360
DivN/A,divN/A,divN/A,divN/A,divN/A,divN/A,False,1808170744653705728
DivN/A,divN/A,divN/A,divN/A,divN/A,divN/A,False,1817244127219630336
DivN/A,divN/A,divN/A,divN/A,divN/A,divN/A,False,1878587372847366400
DivN/A,divN/A,divN/A,divN/A,divN/A,divN/A,False,1877708514224693504
DivN/A,divN/A,divN/A,divN/A,divN/A,divN/A,False,1878393362920714496
DivN/A,divN/A,divN/A,divN/A,divN/A,divN/A,False,1785033173900132352
DivN/A,divN/A,divN/A,divN/A,divN/A,divN/A,False,1785036723258339584
DivN/A,divN/A,divN/A,divN/A,divN/A,divN/A,False,1789814306508316672
DivN/A,divN/A,divN/A,divN/A,divN/A,divN/A,False,1812256529296613888
DivN/A,divN/A,divN/A,divN/A,divN/A,divN/A,False,1812261253819019520
DivN/A,divN/A,divN/A,divN/A,divN/A,divN/A,False,1881075213254918144
DivN/A,divN/A,divN/A,divN/A,divN/A,divN/A,False,1881594498222027264
DivN/A,divN/A,divN/A,divN/A,divN/A,divN/A,False,1726602261802193408
DivN/A,divN/A,divN/A,divN/A,divN/A,divN/A,False,1829953188860215296
DivN/A,divN/A,divN/A,divN/A,divN/A,divN/A,False,1865944251114409984
DivN/A,divN/A,divN/A,divN/A,divN/A,divN/A,False,1684147607428534272
DivN/A,divN/A,divN/A,divN/A,divN/A,divN/A,False,1854572920577687552
DivN/A,divN/A,divN/A,divN/A,divN/A,divN/A,False,1821332793269612800
DivN/A,divN/A,divN/A,divN/A,divN/A,divN/A,False,1853352895477166336
DivN/A,divN/A,divN/A,divN/A,divN/A,divN/A,False,1859841136480735744
DivN/A,divN/A,divN/A,divN/A,divN/A,divN/A,False,1728936946049974784
DivN/A,divN/A,divN/A,divN/A,divN/A,divN/A,False,1730442461644730624
DivN/A,divN/A,divN/A,divN/A,divN/A,divN/A,False,1738889934109368576
DivN/A,divN/A,divN/A,divN/A,divN/A,divN/A,False,1749949420815405056
DivN/A,divN/A,divN/A,divN/A,divN/A,divN/A,False,1765819007318261760
DivN/A,divN/A,divN/A,divN/A,divN/A,divN/A,False,1826086562649542656
DivN/A,divN/A,divN/A,divN/A,divN/A,divN/A,False,1759337235042758656
DivN/A,divN/A,divN/A,divN/A,divN/A,divN/A,False,1820963380108157184
DivN/A,divN/A,divN/A,divN/A,divN/A,divN/A,False,1866213955687022592
DivN/A,divN/A,divN/A,divN/A,divN/A,divN/A,False,1820107682445250560
DivN/A,divN/A,divN/A,divN/A,divN/A,divN/A,False,1853019123288072192
DivN/A,divN/A,divN/A,divN/A,divN/A,divN/A,False,1789544637700423936
DivN/A,divN/A,divN/A,divN/A,divN/A,divN/A,False,1714659096735981824
DivN/A,divN/A,divN/A,divN/A,divN/A,divN/A,False,1809177464620667136
DivN/A,divN/A,divN/A,divN/A,divN/A,divN/A,False,1809350189481881856
DivN/A,divN/A,divN/A,divN/A,divN/A,divN/A,False,1865484817149694464
DivN/A,divN/A,divN/A,divN/A,divN/A,divN/A,False,1837083022039961856
DivN/A,divN/A,divN/A,divN/A,divN/A,divN/A,False,1841310856820236544
DivN/A,divN/A,divN/A,divN/A,divN/A,divN/A,False,1814657489297719808
DivN/A,divN/A,divN/A,divN/A,divN/A,divN/A,False,1876221285493281024
DivN/A,divN/A,divN/A,divN/A,divN/A,divN/A,False,1732447178491109376
"国会議員と官僚の関係性を改善すべく、今日午前も関係者を招いて議論しました 。
立憲民主党代表として、役所からのオンラインレクの促進、役所の答弁作成時の負担軽減策、を党内に広げます。",1.2M,373,637,447,26,False,1686570371187961856
DivN/A,divN/A,divN/A,divN/A,divN/A,divN/A,False,1693045769677463552
DivN/A,divN/A,divN/A,divN/A,divN/A,divN/A,False,1822041045581943040
DivN/A,divN/A,divN/A,divN/A,divN/A,divN/A,False,1761366770818875392
DivN/A,divN/A,divN/A,divN/A,divN/A,divN/A,False,1773892816600703488
DivN/A,divN/A,divN/A,divN/A,divN/A,divN/A,False,1781567790257758464
DivN/A,divN/A,divN/A,divN/A,divN/A,divN/A,False,1795848866597650432
DivN/A,divN/A,divN/A,divN/A,divN/A,divN/A,False,1796738221910430208
DivN/A,divN/A,divN/A,divN/A,divN/A,divN/A,False,1798141267861557760
DivN/A,divN/A,divN/A,divN/A,divN/A,divN/A,False,1819897308265214464
DivN/A,divN/A,divN/A,divN/A,divN/A,divN/A,False,1826378060104634624
DivN/A,divN/A,divN/A,divN/A,divN/A,divN/A,False,1830014375345987840
DivN/A,divN/A,divN/A,divN/A,divN/A,divN/A,False,1830525965887324416
DivN/A,divN/A,divN/A,divN/A,divN/A,divN/A,False,1831307458725196288
DivN/A,divN/A,divN/A,divN/A,divN/A,divN/A,False,1832212651403047424
DivN/A,divN/A,divN/A,divN/A,divN/A,divN/A,False,1844903135808193024
DivN/A,divN/A,divN/A,divN/A,divN/A,divN/A,False,1844893229457735936
DivN/A,divN/A,divN/A,divN/A,divN/A,divN/A,False,1847383925758521344
DivN/A,divN/A,divN/A,divN/A,divN/A,divN/A,False,1848178803958538496
DivN/A,divN/A,divN/A,divN/A,divN/A,divN/A,False,1856729994804047872
DivN/A,divN/A,divN/A,divN/A,divN/A,divN/A,False,1860132631121396224
DivN/A,divN/A,divN/A,divN/A,divN/A,divN/A,False,1864490457754931712
DivN/A,divN/A,divN/A,divN/A,divN/A,divN/A,False,1871248672404439296
DivN/A,divN/A,divN/A,divN/A,divN/A,divN/A,False,1875971003471556864
DivN/A,divN/A,divN/A,divN/A,divN/A,divN/A,False,1877025438372971008
DivN/A,divN/A,divN/A,divN/A,divN/A,divN/A,False,1877034237448061440
DivN/A,divN/A,divN/A,divN/A,divN/A,divN/A,False,1842633589130686720
DivN/A,divN/A,divN/A,divN/A,divN/A,divN/A,False,1816096678916559104
DivN/A,divN/A,divN/A,divN/A,divN/A,divN/A,False,1806759360074563840
DivN/A,divN/A,divN/A,divN/A,divN/A,divN/A,False,1827012391084622336
DivN/A,divN/A,divN/A,divN/A,divN/A,divN/A,False,1853820986744832256
DivN/A,divN/A,divN/A,divN/A,divN/A,divN/A,False,1727030514597449984
DivN/A,divN/A,divN/A,divN/A,divN/A,divN/A,False,1730049270328242176
DivN/A,divN/A,divN/A,divN/A,divN/A,divN/A,False,1865434273953509376
DivN/A,divN/A,divN/A,divN/A,divN/A,divN/A,False,1871646444148715776
DivN/A,divN/A,divN/A,divN/A,divN/A,divN/A,False,1829652525315944704
DivN/A,divN/A,divN/A,divN/A,divN/A,divN/A,False,1870883903352848384
DivN/A,divN/A,divN/A,divN/A,divN/A,divN/A,False,1831613090409943296
DivN/A,divN/A,divN/A,divN/A,divN/A,divN/A,False,1698650377522958848
DivN/A,divN/A,divN/A,divN/A,divN/A,divN/A,False,1868025757378707968
DivN/A,divN/A,divN/A,divN/A,divN/A,divN/A,False,1771594422670553344
DivN/A,divN/A,divN/A,divN/A,divN/A,divN/A,False,1832972913470808320
DivN/A,divN/A,divN/A,divN/A,divN/A,divN/A,False,1864726519316386304
DivN/A,divN/A,divN/A,divN/A,divN/A,divN/A,False,1820784815815160320
DivN/A,divN/A,divN/A,divN/A,divN/A,divN/A,False,1861854994476982272
DivN/A,divN/A,divN/A,divN/A,divN/A,divN/A,False,1767305062966034944
DivN/A,divN/A,divN/A,divN/A,divN/A,divN/A,False,1687360333994663936
DivN/A,divN/A,divN/A,divN/A,divN/A,divN/A,False,1774790332502171904
DivN/A,divN/A,divN/A,divN/A,divN/A,divN/A,False,1845162179475144960
DivN/A,divN/A,divN/A,divN/A,divN/A,divN/A,False,1881520229928550400
DivN/A,divN/A,divN/A,divN/A,divN/A,divN/A,False,1877373503713759744
DivN/A,divN/A,divN/A,divN/A,divN/A,divN/A,False,1832833746761912576
DivN/A,divN/A,divN/A,divN/A,divN/A,divN/A,False,1804971294531960832
DivN/A,divN/A,divN/A,divN/A,divN/A,divN/A,False,1813630728355065856
DivN/A,divN/A,divN/A,divN/A,divN/A,divN/A,False,1864357294848528384
DivN/A,divN/A,divN/A,divN/A,divN/A,divN/A,False,1876941213703565312
DivN/A,divN/A,divN/A,divN/A,divN/A,divN/A,False,1833108073977954560
DivN/A,divN/A,divN/A,divN/A,divN/A,divN/A,False,1786725873334256128
DivN/A,divN/A,divN/A,divN/A,divN/A,divN/A,False,1871646150002176000
DivN/A,divN/A,divN/A,divN/A,divN/A,divN/A,False,1863504144277131520
DivN/A,divN/A,divN/A,divN/A,divN/A,divN/A,False,1812294071261487616
DivN/A,divN/A,divN/A,divN/A,divN/A,divN/A,False,1831345408607736064
DivN/A,divN/A,divN/A,divN/A,divN/A,divN/A,False,1746639663643652608
"“We’re here, we’re queer, we’re coming for your children…” 

These people should be thrown in prison.",13.1M,9.7K,34K,157K,3.3K,False,1673227082661498880
DivN/A,divN/A,divN/A,divN/A,divN/A,divN/A,False,1857952085079122176
DivN/A,divN/A,divN/A,divN/A,divN/A,divN/A,False,1868801793268105728
DivN/A,divN/A,divN/A,divN/A,divN/A,divN/A,False,1873927906856222976
DivN/A,divN/A,divN/A,divN/A,divN/A,divN/A,False,1877868503765529088
DivN/A,divN/A,divN/A,divN/A,divN/A,divN/A,False,1689280522797633536
DivN/A,divN/A,divN/A,divN/A,divN/A,divN/A,False,1770232706657653248
DivN/A,divN/A,divN/A,divN/A,divN/A,divN/A,False,1827335737093521664
DivN/A,divN/A,divN/A,divN/A,divN/A,divN/A,False,1862730468447117824
DivN/A,divN/A,divN/A,divN/A,divN/A,divN/A,False,1862729948521472256
DivN/A,divN/A,divN/A,divN/A,divN/A,divN/A,False,1784768522645889024
DivN/A,divN/A,divN/A,divN/A,divN/A,divN/A,False,1826094862854160896
DivN/A,divN/A,divN/A,divN/A,divN/A,divN/A,False,1775516415023251968
DivN/A,divN/A,divN/A,divN/A,divN/A,divN/A,False,1861764812520218880
DivN/A,divN/A,divN/A,divN/A,divN/A,divN/A,False,1803665171820556288
DivN/A,divN/A,divN/A,divN/A,divN/A,divN/A,False,1818292038439206912
DivN/A,divN/A,divN/A,divN/A,divN/A,divN/A,False,1781582171217756416
DivN/A,divN/A,divN/A,divN/A,divN/A,divN/A,False,1826999929732038656
DivN/A,divN/A,divN/A,divN/A,divN/A,divN/A,False,1871351132154655232
This conspiracy theory that birds are actually government spy drones is … totally false,46M,21K,30K,290K,2.5K,False,1669543817400266752
DivN/A,divN/A,divN/A,divN/A,divN/A,divN/A,False,1780373800195883520
DivN/A,divN/A,divN/A,divN/A,divN/A,divN/A,False,1812262032668049408
DivN/A,divN/A,divN/A,divN/A,divN/A,divN/A,False,1783635782223474944
DivN/A,divN/A,divN/A,divN/A,divN/A,divN/A,False,1882161566042538240
DivN/A,divN/A,divN/A,divN/A,divN/A,divN/A,False,1874877256751108096
"Am lifting weights throughout the day, preparing for the fight. 

Don’t have time to work out, so I just bring them to work.",30M,11K,15K,223K,1K,False,1688087050527113216
DivN/A,divN/A,divN/A,divN/A,divN/A,divN/A,False,1836438780854604288
DivN/A,divN/A,divN/A,divN/A,divN/A,divN/A,False,1869739140461601024
DivN/A,divN/A,divN/A,divN/A,divN/A,divN/A,False,1816449929830679040
DivN/A,divN/A,divN/A,divN/A,divN/A,divN/A,False,1829374855613235456
DivN/A,divN/A,divN/A,divN/A,divN/A,divN/A,False,1860532009346695680
DivN/A,divN/A,divN/A,divN/A,divN/A,divN/A,False,1713074806722015232
DivN/A,divN/A,divN/A,divN/A,divN/A,divN/A,False,1853720305077830144
DivN/A,divN/A,divN/A,divN/A,divN/A,divN/A,False,1841251559922909440
DivN/A,divN/A,divN/A,divN/A,divN/A,divN/A,False,1834464214892638464
DivN/A,divN/A,divN/A,divN/A,divN/A,divN/A,False,1807232848648089600
DivN/A,divN/A,divN/A,divN/A,divN/A,divN/A,False,1810850556161687552
DivN/A,divN/A,divN/A,divN/A,divN/A,divN/A,False,1815736978345754880
DivN/A,divN/A,divN/A,divN/A,divN/A,divN/A,False,1816787937691840512
DivN/A,divN/A,divN/A,divN/A,divN/A,divN/A,False,1821175852224147968
DivN/A,divN/A,divN/A,divN/A,divN/A,divN/A,False,1856082218562585088
DivN/A,divN/A,divN/A,divN/A,divN/A,divN/A,False,1861077303037775872
DivN/A,divN/A,divN/A,divN/A,divN/A,divN/A,False,1812480364062924800
DivN/A,divN/A,divN/A,divN/A,divN/A,divN/A,False,1799743298078404864
DivN/A,divN/A,divN/A,divN/A,divN/A,divN/A,False,1838627143150190592
DivN/A,divN/A,divN/A,divN/A,divN/A,divN/A,False,1806294202503844096
DivN/A,divN/A,divN/A,divN/A,divN/A,divN/A,False,1801258378452234752
DivN/A,divN/A,divN/A,divN/A,divN/A,divN/A,False,1748365084957548800
DivN/A,divN/A,divN/A,divN/A,divN/A,divN/A,False,1816992406325149696
DivN/A,divN/A,divN/A,divN/A,divN/A,divN/A,False,1851657604025753600
DivN/A,divN/A,divN/A,divN/A,divN/A,divN/A,False,1881437925931700736
DivN/A,divN/A,divN/A,divN/A,divN/A,divN/A,False,1824472744865759744
DivN/A,divN/A,divN/A,divN/A,divN/A,divN/A,False,1853631136045433344
DivN/A,divN/A,divN/A,divN/A,divN/A,divN/A,False,1857136034976579840
DivN/A,divN/A,divN/A,divN/A,divN/A,divN/A,False,1824501646652527104
DivN/A,divN/A,divN/A,divN/A,divN/A,divN/A,False,1815566769605525760
DivN/A,divN/A,divN/A,divN/A,divN/A,divN/A,False,1817652679667257344
DivN/A,divN/A,divN/A,divN/A,divN/A,divN/A,False,1843466597916389376
DivN/A,divN/A,divN/A,divN/A,divN/A,divN/A,False,1834305209805242880
DivN/A,divN/A,divN/A,divN/A,divN/A,divN/A,False,1.822006535419e+18
DivN/A,divN/A,divN/A,divN/A,divN/A,divN/A,False,1792697418208956928
DivN/A,divN/A,divN/A,divN/A,divN/A,divN/A,False,1705323228724363520
DivN/A,divN/A,divN/A,divN/A,divN/A,divN/A,False,1820637683632222464
DivN/A,divN/A,divN/A,divN/A,divN/A,divN/A,False,1768237874065895424
DivN/A,divN/A,divN/A,divN/A,divN/A,divN/A,False,1812974269472891136
DivN/A,divN/A,divN/A,divN/A,divN/A,divN/A,False,1877175327753122304
DivN/A,divN/A,divN/A,divN/A,divN/A,divN/A,False,1800659927834546688
DivN/A,divN/A,divN/A,divN/A,divN/A,divN/A,False,1854031330155053056
DivN/A,divN/A,divN/A,divN/A,divN/A,divN/A,False,1676246695045218304
DivN/A,divN/A,divN/A,divN/A,divN/A,divN/A,False,1748385453760217344
DivN/A,divN/A,divN/A,divN/A,divN/A,divN/A,False,1870997204850414080
DivN/A,divN/A,divN/A,divN/A,divN/A,divN/A,False,1815567310675214336
DivN/A,divN/A,divN/A,divN/A,divN/A,divN/A,False,1756338508770197504
DivN/A,divN/A,divN/A,divN/A,divN/A,divN/A,False,1874468145949180160
DivN/A,divN/A,divN/A,divN/A,divN/A,divN/A,False,1830485147323671040
DivN/A,divN/A,divN/A,divN/A,divN/A,divN/A,False,1851412828659347456
DivN/A,divN/A,divN/A,divN/A,divN/A,divN/A,False,1769101973008089344
DivN/A,divN/A,divN/A,divN/A,divN/A,divN/A,False,1845182138129448960
DivN/A,divN/A,divN/A,divN/A,divN/A,divN/A,False,1732587912087109632
DivN/A,divN/A,divN/A,divN/A,divN/A,divN/A,False,1838734657912709376
DivN/A,divN/A,divN/A,divN/A,divN/A,divN/A,False,1780182599815901440
DivN/A,divN/A,divN/A,divN/A,divN/A,divN/A,False,1833939657375035904
DivN/A,divN/A,divN/A,divN/A,divN/A,divN/A,False,1881436306217308416
DivN/A,divN/A,divN/A,divN/A,divN/A,divN/A,False,1728393809967395328
DivN/A,divN/A,divN/A,divN/A,divN/A,divN/A,False,1799153188349579520
DivN/A,divN/A,divN/A,divN/A,divN/A,divN/A,False,1870172885068739072
DivN/A,divN/A,divN/A,divN/A,divN/A,divN/A,False,1856546735251710464
DivN/A,divN/A,divN/A,divN/A,divN/A,divN/A,False,1811014507449438720
DivN/A,divN/A,divN/A,divN/A,divN/A,divN/A,False,1875924534605574144
DivN/A,divN/A,divN/A,divN/A,divN/A,divN/A,False,1823324885268959232
DivN/A,divN/A,divN/A,divN/A,divN/A,divN/A,False,1.74740142078e+18
DivN/A,divN/A,divN/A,divN/A,divN/A,divN/A,False,1854223879096463616
DivN/A,divN/A,divN/A,divN/A,divN/A,divN/A,False,1722956300437307904
DivN/A,divN/A,divN/A,divN/A,divN/A,divN/A,False,1665396257265680384
DivN/A,divN/A,divN/A,divN/A,divN/A,divN/A,False,1712691970676580352
DivN/A,divN/A,divN/A,divN/A,divN/A,divN/A,False,1730402034241974272
DivN/A,divN/A,divN/A,divN/A,divN/A,divN/A,False,1850212520755142656
DivN/A,divN/A,divN/A,divN/A,divN/A,divN/A,False,1853422838746681600
DivN/A,divN/A,divN/A,divN/A,divN/A,divN/A,False,1760746031296467200
DivN/A,divN/A,divN/A,divN/A,divN/A,divN/A,False,1838638124228055296
DivN/A,divN/A,divN/A,divN/A,divN/A,divN/A,False,1846250438250684416
DivN/A,divN/A,divN/A,divN/A,divN/A,divN/A,False,1796806020813238784
DivN/A,divN/A,divN/A,divN/A,divN/A,divN/A,False,1816267628476092416
DivN/A,divN/A,divN/A,divN/A,divN/A,divN/A,False,1817174974521544960
DivN/A,divN/A,divN/A,divN/A,divN/A,divN/A,False,1818782754340807168
DivN/A,divN/A,divN/A,divN/A,divN/A,divN/A,False,1819755205224812544
DivN/A,divN/A,divN/A,divN/A,divN/A,divN/A,False,1821372919290757376
DivN/A,divN/A,divN/A,divN/A,divN/A,divN/A,False,1821288077697937920
DivN/A,divN/A,divN/A,divN/A,divN/A,divN/A,False,1821680609250701824
DivN/A,divN/A,divN/A,divN/A,divN/A,divN/A,False,1822461264368705536
DivN/A,divN/A,divN/A,divN/A,divN/A,divN/A,False,1825872194624164352
DivN/A,divN/A,divN/A,divN/A,divN/A,divN/A,False,1763220293399539712
DivN/A,divN/A,divN/A,divN/A,divN/A,divN/A,False,1795204871676641280
DivN/A,divN/A,divN/A,divN/A,divN/A,divN/A,False,1875227091907833856
DivN/A,divN/A,divN/A,divN/A,divN/A,divN/A,False,1766262871971835904
DivN/A,divN/A,divN/A,divN/A,divN/A,divN/A,False,1860708854260224000
DivN/A,divN/A,divN/A,divN/A,divN/A,divN/A,False,1726385039854703104
DivN/A,divN/A,divN/A,divN/A,divN/A,divN/A,False,1798158296827748352
DivN/A,divN/A,divN/A,divN/A,divN/A,divN/A,False,1783965135045878016
DivN/A,divN/A,divN/A,divN/A,divN/A,divN/A,False,1796573299310497792
DivN/A,divN/A,divN/A,divN/A,divN/A,divN/A,False,1807681293704155648
DivN/A,divN/A,divN/A,divN/A,divN/A,divN/A,False,1795912979675857408
DivN/A,divN/A,divN/A,divN/A,divN/A,divN/A,False,1881212565524463616
DivN/A,divN/A,divN/A,divN/A,divN/A,divN/A,False,1860741566673063936
DivN/A,divN/A,divN/A,divN/A,divN/A,divN/A,False,1743422082132869376
DivN/A,divN/A,divN/A,divN/A,divN/A,divN/A,False,1843375372035076608
DivN/A,divN/A,divN/A,divN/A,divN/A,divN/A,False,1876432913761501440
DivN/A,divN/A,divN/A,divN/A,divN/A,divN/A,False,1755607701688852480
DivN/A,divN/A,divN/A,divN/A,divN/A,divN/A,False,1785634960600104960
DivN/A,divN/A,divN/A,divN/A,divN/A,divN/A,False,1819029059772239872
DivN/A,divN/A,divN/A,divN/A,divN/A,divN/A,False,1845805483539472384
DivN/A,divN/A,divN/A,divN/A,divN/A,divN/A,False,1831844851567984896
DivN/A,divN/A,divN/A,divN/A,divN/A,divN/A,False,1837156691348992000
DivN/A,divN/A,divN/A,divN/A,divN/A,divN/A,False,1880274751404610048
DivN/A,divN/A,divN/A,divN/A,divN/A,divN/A,False,1848382290813939712
DivN/A,divN/A,divN/A,divN/A,divN/A,divN/A,False,1716099814264328192
DivN/A,divN/A,divN/A,divN/A,divN/A,divN/A,False,1867532242236715264
DivN/A,divN/A,divN/A,divN/A,divN/A,divN/A,False,1813014533767585792
DivN/A,divN/A,divN/A,divN/A,divN/A,divN/A,False,1724003372099919872
DivN/A,divN/A,divN/A,divN/A,divN/A,divN/A,False,1822405777640112384
DivN/A,divN/A,divN/A,divN/A,divN/A,divN/A,False,1760594738275647744
DivN/A,divN/A,divN/A,divN/A,divN/A,divN/A,False,1838533581380952576
DivN/A,divN/A,divN/A,divN/A,divN/A,divN/A,False,1839723120028200960
DivN/A,divN/A,divN/A,divN/A,divN/A,divN/A,False,1881341702100980224
DivN/A,divN/A,divN/A,divN/A,divN/A,divN/A,False,1768702539006939648
DivN/A,divN/A,divN/A,divN/A,divN/A,divN/A,False,1819375919313694976
DivN/A,divN/A,divN/A,divN/A,divN/A,divN/A,False,1878546367380877824
DivN/A,divN/A,divN/A,divN/A,divN/A,divN/A,False,1698764924174970880
DivN/A,divN/A,divN/A,divN/A,divN/A,divN/A,False,1870382338040848640
DivN/A,divN/A,divN/A,divN/A,divN/A,divN/A,False,1761692576774529280
DivN/A,divN/A,divN/A,divN/A,divN/A,divN/A,False,1832703385776103680
DivN/A,divN/A,divN/A,divN/A,divN/A,divN/A,False,1843101433140265216
DivN/A,divN/A,divN/A,divN/A,divN/A,divN/A,False,1854896042874994944
DivN/A,divN/A,divN/A,divN/A,divN/A,divN/A,False,1770806158497906944
DivN/A,divN/A,divN/A,divN/A,divN/A,divN/A,False,1819493628571492864
DivN/A,divN/A,divN/A,divN/A,divN/A,divN/A,False,1728404464384545024
DivN/A,divN/A,divN/A,divN/A,divN/A,divN/A,False,1799090270518059008
DivN/A,divN/A,divN/A,divN/A,divN/A,divN/A,False,1788620782014210304
DivN/A,divN/A,divN/A,divN/A,divN/A,divN/A,False,1881102398833426432
DivN/A,divN/A,divN/A,divN/A,divN/A,divN/A,False,1842847772271083776
DivN/A,divN/A,divN/A,divN/A,divN/A,divN/A,False,1876983599792013824
DivN/A,divN/A,divN/A,divN/A,divN/A,divN/A,False,1820137369896456192
DivN/A,divN/A,divN/A,divN/A,divN/A,divN/A,False,1848149097313964544
DivN/A,divN/A,divN/A,divN/A,divN/A,divN/A,False,1853179757959041280
DivN/A,divN/A,divN/A,divN/A,divN/A,divN/A,False,1866328880262582272
DivN/A,divN/A,divN/A,divN/A,divN/A,divN/A,False,1868805021988438016
DivN/A,divN/A,divN/A,divN/A,divN/A,divN/A,False,1869758120446308864
DivN/A,divN/A,divN/A,divN/A,divN/A,divN/A,False,1879198865301327872
DivN/A,divN/A,divN/A,divN/A,divN/A,divN/A,False,1813731454427308032
DivN/A,divN/A,divN/A,divN/A,divN/A,divN/A,False,1729173002733097216
DivN/A,divN/A,divN/A,divN/A,divN/A,divN/A,False,1830531894485635584
DivN/A,divN/A,divN/A,divN/A,divN/A,divN/A,False,1860938993770131456
DivN/A,divN/A,divN/A,divN/A,divN/A,divN/A,False,1845815537214882304
DivN/A,divN/A,divN/A,divN/A,divN/A,divN/A,False,1853442073401200896
DivN/A,divN/A,divN/A,divN/A,divN/A,divN/A,False,1824026321325830400
DivN/A,divN/A,divN/A,divN/A,divN/A,divN/A,False,1860947479195271424
DivN/A,divN/A,divN/A,divN/A,divN/A,divN/A,False,1860394703843172352
DivN/A,divN/A,divN/A,divN/A,divN/A,divN/A,False,1786449287359992320
DivN/A,divN/A,divN/A,divN/A,divN/A,divN/A,False,1828539934363488768
DivN/A,divN/A,divN/A,divN/A,divN/A,divN/A,False,1796224077658509312
DivN/A,divN/A,divN/A,divN/A,divN/A,divN/A,False,1835823860895404032
DivN/A,divN/A,divN/A,divN/A,divN/A,divN/A,False,1877130530182902016
DivN/A,divN/A,divN/A,divN/A,divN/A,divN/A,False,1882481451159134464
DivN/A,divN/A,divN/A,divN/A,divN/A,divN/A,False,1856816015826432000
DivN/A,divN/A,divN/A,divN/A,divN/A,divN/A,False,1778184849515499776
DivN/A,divN/A,divN/A,divN/A,divN/A,divN/A,False,1861125282763088384
DivN/A,divN/A,divN/A,divN/A,divN/A,divN/A,False,1769416018156277760
DivN/A,divN/A,divN/A,divN/A,divN/A,divN/A,False,1674360288445964288
DivN/A,divN/A,divN/A,divN/A,divN/A,divN/A,False,1.779273302114e+18
DivN/A,divN/A,divN/A,divN/A,divN/A,divN/A,False,1791351500217753856
DivN/A,divN/A,divN/A,divN/A,divN/A,divN/A,False,1880432447340572672
DivN/A,divN/A,divN/A,divN/A,divN/A,divN/A,False,1796294805825224960
DivN/A,divN/A,divN/A,divN/A,divN/A,divN/A,False,1797430705179517440
DivN/A,divN/A,divN/A,divN/A,divN/A,divN/A,False,1808058958080262400
DivN/A,divN/A,divN/A,divN/A,divN/A,divN/A,False,1857104780226621696
DivN/A,divN/A,divN/A,divN/A,divN/A,divN/A,False,1857075707727286784
DivN/A,divN/A,divN/A,divN/A,divN/A,divN/A,False,1821381279260045824
DivN/A,divN/A,divN/A,divN/A,divN/A,divN/A,False,1875633556439101696
DivN/A,divN/A,divN/A,divN/A,divN/A,divN/A,False,1769442467831493120
DivN/A,divN/A,divN/A,divN/A,divN/A,divN/A,False,1868141126441689344
DivN/A,divN/A,divN/A,divN/A,divN/A,divN/A,False,1873987770575724800
DivN/A,divN/A,divN/A,divN/A,divN/A,divN/A,False,1848434382148931584
DivN/A,divN/A,divN/A,divN/A,divN/A,divN/A,False,1743195904847323648
DivN/A,divN/A,divN/A,divN/A,divN/A,divN/A,False,1797963948114973184
DivN/A,divN/A,divN/A,divN/A,divN/A,divN/A,False,1769780411465674752
DivN/A,divN/A,divN/A,divN/A,divN/A,divN/A,False,1746555491604398336
DivN/A,divN/A,divN/A,divN/A,divN/A,divN/A,False,1695322784283422976
DivN/A,divN/A,divN/A,divN/A,divN/A,divN/A,False,1695867684515192832
DivN/A,divN/A,divN/A,divN/A,divN/A,divN/A,False,1819407720765706496
DivN/A,divN/A,divN/A,divN/A,divN/A,divN/A,False,1860485356841292288
DivN/A,divN/A,divN/A,divN/A,divN/A,divN/A,False,1817776665906254080
DivN/A,divN/A,divN/A,divN/A,divN/A,divN/A,False,1856494303213957376
DivN/A,divN/A,divN/A,divN/A,divN/A,divN/A,False,1849465929119285504
DivN/A,divN/A,divN/A,divN/A,divN/A,divN/A,False,1780666460978680320
DivN/A,divN/A,divN/A,divN/A,divN/A,divN/A,False,1875461741725053184
DivN/A,divN/A,divN/A,divN/A,divN/A,divN/A,False,1827525250038292736
DivN/A,divN/A,divN/A,divN/A,divN/A,divN/A,False,1841290278205866240
DivN/A,divN/A,divN/A,divN/A,divN/A,divN/A,False,1633840062160072704
DivN/A,divN/A,divN/A,divN/A,divN/A,divN/A,False,1847272805970132992
DivN/A,divN/A,divN/A,divN/A,divN/A,divN/A,False,1860486079268143360
DivN/A,divN/A,divN/A,divN/A,divN/A,divN/A,False,1868468734962360576
DivN/A,divN/A,divN/A,divN/A,divN/A,divN/A,False,1832188127311446016
DivN/A,divN/A,divN/A,divN/A,divN/A,divN/A,False,1870256466382270976
DivN/A,divN/A,divN/A,divN/A,divN/A,divN/A,False,1797069768677105920
DivN/A,divN/A,divN/A,divN/A,divN/A,divN/A,False,1.841667821153e+18
DivN/A,divN/A,divN/A,divN/A,divN/A,divN/A,False,1844823369394376960
DivN/A,divN/A,divN/A,divN/A,divN/A,divN/A,False,1851393891632607744
DivN/A,divN/A,divN/A,divN/A,divN/A,divN/A,False,1759653451896590848
DivN/A,divN/A,divN/A,divN/A,divN/A,divN/A,False,1869070358210572288
DivN/A,divN/A,divN/A,divN/A,divN/A,divN/A,False,1864310874586141184
DivN/A,divN/A,divN/A,divN/A,divN/A,divN/A,False,1780983482589581824
DivN/A,divN/A,divN/A,divN/A,divN/A,divN/A,False,1822662564469440512
DivN/A,divN/A,divN/A,divN/A,divN/A,divN/A,False,1843123091729252352
DivN/A,divN/A,divN/A,divN/A,divN/A,divN/A,False,1814267203228762112
DivN/A,divN/A,divN/A,divN/A,divN/A,divN/A,False,1745271317639664128
DivN/A,divN/A,divN/A,divN/A,divN/A,divN/A,False,1846173401028698624
DivN/A,divN/A,divN/A,divN/A,divN/A,divN/A,False,1873727818418557184
DivN/A,divN/A,divN/A,divN/A,divN/A,divN/A,False,1874646562678403072
DivN/A,divN/A,divN/A,divN/A,divN/A,divN/A,False,1748646807075201280
DivN/A,divN/A,divN/A,divN/A,divN/A,divN/A,False,1877716619612291072
DivN/A,divN/A,divN/A,divN/A,divN/A,divN/A,False,1878244779441446912
DivN/A,divN/A,divN/A,divN/A,divN/A,divN/A,False,1878173512885580288
DivN/A,divN/A,divN/A,divN/A,divN/A,divN/A,False,1873295209209200896
DivN/A,divN/A,divN/A,divN/A,divN/A,divN/A,False,1866898449288835584
DivN/A,divN/A,divN/A,divN/A,divN/A,divN/A,False,1803144650984714240
DivN/A,divN/A,divN/A,divN/A,divN/A,divN/A,False,1871203871718318336
DivN/A,divN/A,divN/A,divN/A,divN/A,divN/A,False,1744890526288232704
DivN/A,divN/A,divN/A,divN/A,divN/A,divN/A,False,1830292630242292224
DivN/A,divN/A,divN/A,divN/A,divN/A,divN/A,False,1809431894750093824
DivN/A,divN/A,divN/A,divN/A,divN/A,divN/A,False,1713017024291483648
DivN/A,divN/A,divN/A,divN/A,divN/A,divN/A,False,1810402973975236864
DivN/A,divN/A,divN/A,divN/A,divN/A,divN/A,False,1772584641024741376
DivN/A,divN/A,divN/A,divN/A,divN/A,divN/A,False,1779991434864570880
DivN/A,divN/A,divN/A,divN/A,divN/A,divN/A,False,1816093974521852160
DivN/A,divN/A,divN/A,divN/A,divN/A,divN/A,False,1867721190636154880
DivN/A,divN/A,divN/A,divN/A,divN/A,divN/A,False,1764099048783397376
DivN/A,divN/A,divN/A,divN/A,divN/A,divN/A,False,1818107061399695616
DivN/A,divN/A,divN/A,divN/A,divN/A,divN/A,False,1826985929355010304
DivN/A,divN/A,divN/A,divN/A,divN/A,divN/A,False,1870144765565775872
DivN/A,divN/A,divN/A,divN/A,divN/A,divN/A,False,1739862116163551232
DivN/A,divN/A,divN/A,divN/A,divN/A,divN/A,False,1742690628465484288
DivN/A,divN/A,divN/A,divN/A,divN/A,divN/A,False,1729150700888961536
DivN/A,divN/A,divN/A,divN/A,divN/A,divN/A,False,1685860909581819904
DivN/A,divN/A,divN/A,divN/A,divN/A,divN/A,False,1874535583630139904
"Duckworth: Can you name one of our three international security agreements?

Hegseth: *gives wrong answer*

Duckworth: You’re not qualified",4.4M,1.4K,9.8K,69K,4K,False,1879228232836251648
DivN/A,divN/A,divN/A,divN/A,divN/A,divN/A,False,1786129023879262464
DivN/A,divN/A,divN/A,divN/A,divN/A,divN/A,False,1836382383899025664
DivN/A,divN/A,divN/A,divN/A,divN/A,divN/A,False,1838702536439795712
DivN/A,divN/A,divN/A,divN/A,divN/A,divN/A,False,1867757616153473280
DivN/A,divN/A,divN/A,divN/A,divN/A,divN/A,False,1853903919350427904
DivN/A,divN/A,divN/A,divN/A,divN/A,divN/A,False,1804315327272202496
DivN/A,divN/A,divN/A,divN/A,divN/A,divN/A,False,1878731425400427008
DivN/A,divN/A,divN/A,divN/A,divN/A,divN/A,False,1841539907468115968
DivN/A,divN/A,divN/A,divN/A,divN/A,divN/A,False,1760776954024952064
DivN/A,divN/A,divN/A,divN/A,divN/A,divN/A,False,1798046628085113344
DivN/A,divN/A,divN/A,divN/A,divN/A,divN/A,False,1832252912678170880
DivN/A,divN/A,divN/A,divN/A,divN/A,divN/A,False,1807489287866257664
DivN/A,divN/A,divN/A,divN/A,divN/A,divN/A,False,1856222817387220992
DivN/A,divN/A,divN/A,divN/A,divN/A,divN/A,False,1839850100601803264
DivN/A,divN/A,divN/A,divN/A,divN/A,divN/A,False,1876417170172739840
DivN/A,divN/A,divN/A,divN/A,divN/A,divN/A,False,1880469384310977024
DivN/A,divN/A,divN/A,divN/A,divN/A,divN/A,False,1815742785963671552
DivN/A,divN/A,divN/A,divN/A,divN/A,divN/A,False,1728245680966103296
DivN/A,divN/A,divN/A,divN/A,divN/A,divN/A,False,1728211949542912512
DivN/A,divN/A,divN/A,divN/A,divN/A,divN/A,False,1740232864581759488
DivN/A,divN/A,divN/A,divN/A,divN/A,divN/A,False,1743644526189686784
DivN/A,divN/A,divN/A,divN/A,divN/A,divN/A,False,1748392251556786176
DivN/A,divN/A,divN/A,divN/A,divN/A,divN/A,False,1823639305807429632
DivN/A,divN/A,divN/A,divN/A,divN/A,divN/A,False,1714367101450785280
DivN/A,divN/A,divN/A,divN/A,divN/A,divN/A,False,1840362281126756864
DivN/A,divN/A,divN/A,divN/A,divN/A,divN/A,False,1849960909902635520
DivN/A,divN/A,divN/A,divN/A,divN/A,divN/A,False,1836214097337290752
DivN/A,divN/A,divN/A,divN/A,divN/A,divN/A,False,1837722651940274176
DivN/A,divN/A,divN/A,divN/A,divN/A,divN/A,False,1864783584826933504
DivN/A,divN/A,divN/A,divN/A,divN/A,divN/A,False,1856497572812337664
DivN/A,divN/A,divN/A,divN/A,divN/A,divN/A,False,1859378984577876224
DivN/A,divN/A,divN/A,divN/A,divN/A,divN/A,False,1873178014315627008
DivN/A,divN/A,divN/A,divN/A,divN/A,divN/A,False,1857342617740087808
DivN/A,divN/A,divN/A,divN/A,divN/A,divN/A,False,1693633096254394624
DivN/A,divN/A,divN/A,divN/A,divN/A,divN/A,False,1815635084793303296
DivN/A,divN/A,divN/A,divN/A,divN/A,divN/A,False,1870862408748540160
DivN/A,divN/A,divN/A,divN/A,divN/A,divN/A,False,1819713651676250624
DivN/A,divN/A,divN/A,divN/A,divN/A,divN/A,False,1789927866865787136
DivN/A,divN/A,divN/A,divN/A,divN/A,divN/A,False,1821588530889707520
DivN/A,divN/A,divN/A,divN/A,divN/A,divN/A,False,1814780021917057280
DivN/A,divN/A,divN/A,divN/A,divN/A,divN/A,False,1854619190851715584
DivN/A,divN/A,divN/A,divN/A,divN/A,divN/A,False,1803179633833091072
DivN/A,divN/A,divN/A,divN/A,divN/A,divN/A,False,1740779371529740544
DivN/A,divN/A,divN/A,divN/A,divN/A,divN/A,False,1811872307431813120
DivN/A,divN/A,divN/A,divN/A,divN/A,divN/A,False,1870699172086927360
DivN/A,divN/A,divN/A,divN/A,divN/A,divN/A,False,1833720304452956416
DivN/A,divN/A,divN/A,divN/A,divN/A,divN/A,False,1873049111949451520
DivN/A,divN/A,divN/A,divN/A,divN/A,divN/A,False,1854540598499323904
DivN/A,divN/A,divN/A,divN/A,divN/A,divN/A,False,1821904074649882880
DivN/A,divN/A,divN/A,divN/A,divN/A,divN/A,False,1834348804159488256
DivN/A,divN/A,divN/A,divN/A,divN/A,divN/A,False,1.692250482822e+18
DivN/A,divN/A,divN/A,divN/A,divN/A,divN/A,False,1817917810028462080
DivN/A,divN/A,divN/A,divN/A,divN/A,divN/A,False,1739231549264974080
DivN/A,divN/A,divN/A,divN/A,divN/A,divN/A,False,1752486216573038592
DivN/A,divN/A,divN/A,divN/A,divN/A,divN/A,False,1743545223953687040
DivN/A,divN/A,divN/A,divN/A,divN/A,divN/A,False,1746270282757644800
DivN/A,divN/A,divN/A,divN/A,divN/A,divN/A,False,1815962854329085952
DivN/A,divN/A,divN/A,divN/A,divN/A,divN/A,False,1815907844434113024
DivN/A,divN/A,divN/A,divN/A,divN/A,divN/A,False,1816309939352068096
DivN/A,divN/A,divN/A,divN/A,divN/A,divN/A,False,1817011018616143872
DivN/A,divN/A,divN/A,divN/A,divN/A,divN/A,False,1817193340682575872
DivN/A,divN/A,divN/A,divN/A,divN/A,divN/A,False,1865132381620850688
DivN/A,divN/A,divN/A,divN/A,divN/A,divN/A,False,1699543001473900800
DivN/A,divN/A,divN/A,divN/A,divN/A,divN/A,False,1837879306715873280
DivN/A,divN/A,divN/A,divN/A,divN/A,divN/A,False,1781844796178301184
DivN/A,divN/A,divN/A,divN/A,divN/A,divN/A,False,1751351441766175232
DivN/A,divN/A,divN/A,divN/A,divN/A,divN/A,False,1870780066747060480
DivN/A,divN/A,divN/A,divN/A,divN/A,divN/A,False,1860726426363691520
DivN/A,divN/A,divN/A,divN/A,divN/A,divN/A,False,1842695376727314432
چلو بھئی شروع ہوجاو،عام بچوں کو باہر بیٹھ کر فساد کے کام پر لگاو،سٹوڈنٹس کو آگے لگاو،انکی ویڈیوز بنا کر انقلاب لانے کی کوشش کرو،خود سارے باہر بیٹھے ہیں اور ہمارے بچے اور انکے والدین رل رہے ہیں،سیاسی گدھ اور کیا ہوتے ہیں؟,1M,2.7K,2.5K,4K,111,False,1847226446206341120
DivN/A,divN/A,divN/A,divN/A,divN/A,divN/A,False,1656037032538390528
DivN/A,divN/A,divN/A,divN/A,divN/A,divN/A,False,1848134363059228672
DivN/A,divN/A,divN/A,divN/A,divN/A,divN/A,False,1855470889619411456
DivN/A,divN/A,divN/A,divN/A,divN/A,divN/A,False,1802457604720852992
DivN/A,divN/A,divN/A,divN/A,divN/A,divN/A,False,1800617862647746560
DivN/A,divN/A,divN/A,divN/A,divN/A,divN/A,False,1837662817589067776
DivN/A,divN/A,divN/A,divN/A,divN/A,divN/A,False,1830636749586051072
DivN/A,divN/A,divN/A,divN/A,divN/A,divN/A,False,1833220440254513152
DivN/A,divN/A,divN/A,divN/A,divN/A,divN/A,False,1872175249199898880
DivN/A,divN/A,divN/A,divN/A,divN/A,divN/A,False,1872928117632975104
DivN/A,divN/A,divN/A,divN/A,divN/A,divN/A,False,1780716126957342720
DivN/A,divN/A,divN/A,divN/A,divN/A,divN/A,False,1833966129586602240
DivN/A,divN/A,divN/A,divN/A,divN/A,divN/A,False,1820851090138505728
DivN/A,divN/A,divN/A,divN/A,divN/A,divN/A,False,1851739513611260160
DivN/A,divN/A,divN/A,divN/A,divN/A,divN/A,False,1829669814983401472
DivN/A,divN/A,divN/A,divN/A,divN/A,divN/A,False,1796289189308416000
DivN/A,divN/A,divN/A,divN/A,divN/A,divN/A,False,1737554934810219008
DivN/A,divN/A,divN/A,divN/A,divN/A,divN/A,False,1714412841040511488
DivN/A,divN/A,divN/A,divN/A,divN/A,divN/A,False,1807215271918076160
DivN/A,divN/A,divN/A,divN/A,divN/A,divN/A,False,1802018217663107072
DivN/A,divN/A,divN/A,divN/A,divN/A,divN/A,False,1704867609961804288
DivN/A,divN/A,divN/A,divN/A,divN/A,divN/A,False,1694523163387019264
DivN/A,divN/A,divN/A,divN/A,divN/A,divN/A,False,1774650497787469824
DivN/A,divN/A,divN/A,divN/A,divN/A,divN/A,False,1788924453499306240
DivN/A,divN/A,divN/A,divN/A,divN/A,divN/A,False,1805325048389189632
DivN/A,divN/A,divN/A,divN/A,divN/A,divN/A,False,1815780211813699840
DivN/A,divN/A,divN/A,divN/A,divN/A,divN/A,False,1722909221618896896
DivN/A,divN/A,divN/A,divN/A,divN/A,divN/A,False,1585841080431321088
DivN/A,divN/A,divN/A,divN/A,divN/A,divN/A,False,1803838100713672960
DivN/A,divN/A,divN/A,divN/A,divN/A,divN/A,False,1859849641816424704
DivN/A,divN/A,divN/A,divN/A,divN/A,divN/A,False,1859903489616601600
DivN/A,divN/A,divN/A,divN/A,divN/A,divN/A,False,1825511320705216512
DivN/A,divN/A,divN/A,divN/A,divN/A,divN/A,False,1836499679070077184
DivN/A,divN/A,divN/A,divN/A,divN/A,divN/A,False,1875409269639790592
DivN/A,divN/A,divN/A,divN/A,divN/A,divN/A,False,1861782695212105984
DivN/A,divN/A,divN/A,divN/A,divN/A,divN/A,False,1827206038778458624
DivN/A,divN/A,divN/A,divN/A,divN/A,divN/A,False,1808150211082006528
DivN/A,divN/A,divN/A,divN/A,divN/A,divN/A,False,1851753035522789376
DivN/A,divN/A,divN/A,divN/A,divN/A,divN/A,False,1874633189014348288
DivN/A,divN/A,divN/A,divN/A,divN/A,divN/A,False,1731202533828571136
DivN/A,divN/A,divN/A,divN/A,divN/A,divN/A,False,1881433852612349952
DivN/A,divN/A,divN/A,divN/A,divN/A,divN/A,False,1808224145462772224
DivN/A,divN/A,divN/A,divN/A,divN/A,divN/A,False,1848405230519521536
DivN/A,divN/A,divN/A,divN/A,divN/A,divN/A,False,1875333234428670464
DivN/A,divN/A,divN/A,divN/A,divN/A,divN/A,False,1864456506806292736
DivN/A,divN/A,divN/A,divN/A,divN/A,divN/A,False,1881843910814941440
DivN/A,divN/A,divN/A,divN/A,divN/A,divN/A,False,1855295479451410944
DivN/A,divN/A,divN/A,divN/A,divN/A,divN/A,False,1876614189072126464
DivN/A,divN/A,divN/A,divN/A,divN/A,divN/A,False,1.878471152773e+18
DivN/A,divN/A,divN/A,divN/A,divN/A,divN/A,False,1844085462547431680
DivN/A,divN/A,divN/A,divN/A,divN/A,divN/A,False,1842670619462447360
DivN/A,divN/A,divN/A,divN/A,divN/A,divN/A,False,1728140926928007424
DivN/A,divN/A,divN/A,divN/A,divN/A,divN/A,False,1758021334523605504
DivN/A,divN/A,divN/A,divN/A,divN/A,divN/A,False,1728692581830144000
DivN/A,divN/A,divN/A,divN/A,divN/A,divN/A,False,1782861446818173184
DivN/A,divN/A,divN/A,divN/A,divN/A,divN/A,False,1840414629866172928
DivN/A,divN/A,divN/A,divN/A,divN/A,divN/A,False,1836548004251340800
DivN/A,divN/A,divN/A,divN/A,divN/A,divN/A,False,1861743754190700544
DivN/A,divN/A,divN/A,divN/A,divN/A,divN/A,False,1877099687372570880
DivN/A,divN/A,divN/A,divN/A,divN/A,divN/A,False,1.878312636087e+18
DivN/A,divN/A,divN/A,divN/A,divN/A,divN/A,False,1840216663389618688
DivN/A,divN/A,divN/A,divN/A,divN/A,divN/A,False,1811884682415427840
DivN/A,divN/A,divN/A,divN/A,divN/A,divN/A,False,1869005243788448000
DivN/A,divN/A,divN/A,divN/A,divN/A,divN/A,False,1819651368396714496
DivN/A,divN/A,divN/A,divN/A,divN/A,divN/A,False,1812258176768917504
DivN/A,divN/A,divN/A,divN/A,divN/A,divN/A,False,1840766666126270976
DivN/A,divN/A,divN/A,divN/A,divN/A,divN/A,False,1769129780006313984
DivN/A,divN/A,divN/A,divN/A,divN/A,divN/A,False,1851778238042853376
DivN/A,divN/A,divN/A,divN/A,divN/A,divN/A,False,1787523212374392832
DivN/A,divN/A,divN/A,divN/A,divN/A,divN/A,False,1877412961754501120
DivN/A,divN/A,divN/A,divN/A,divN/A,divN/A,False,1860324652855226368
DivN/A,divN/A,divN/A,divN/A,divN/A,divN/A,False,1818999906549350656
DivN/A,divN/A,divN/A,divN/A,divN/A,divN/A,False,1820788959095529472
DivN/A,divN/A,divN/A,divN/A,divN/A,divN/A,False,1823348137529896960
DivN/A,divN/A,divN/A,divN/A,divN/A,divN/A,False,1877565280013938944
DivN/A,divN/A,divN/A,divN/A,divN/A,divN/A,False,1699551381974098432
DivN/A,divN/A,divN/A,divN/A,divN/A,divN/A,False,1.785778728427e+18
DivN/A,divN/A,divN/A,divN/A,divN/A,divN/A,False,1844855496248840704
DivN/A,divN/A,divN/A,divN/A,divN/A,divN/A,False,1861331890743197696
DivN/A,divN/A,divN/A,divN/A,divN/A,divN/A,False,1762495251024126464
DivN/A,divN/A,divN/A,divN/A,divN/A,divN/A,False,1847036835337589248
DivN/A,divN/A,divN/A,divN/A,divN/A,divN/A,False,1851727126459719936
DivN/A,divN/A,divN/A,divN/A,divN/A,divN/A,False,1848053950265819648
DivN/A,divN/A,divN/A,divN/A,divN/A,divN/A,False,1866440867847811584
DivN/A,divN/A,divN/A,divN/A,divN/A,divN/A,False,1849096787715354624
DivN/A,divN/A,divN/A,divN/A,divN/A,divN/A,False,1808528872213819904
DivN/A,divN/A,divN/A,divN/A,divN/A,divN/A,False,1860736980621156864
DivN/A,divN/A,divN/A,divN/A,divN/A,divN/A,False,1.877033796979e+18
DivN/A,divN/A,divN/A,divN/A,divN/A,divN/A,False,1766282326147801344
DivN/A,divN/A,divN/A,divN/A,divN/A,divN/A,False,1801399654048841984
DivN/A,divN/A,divN/A,divN/A,divN/A,divN/A,False,1809630388278436096
DivN/A,divN/A,divN/A,divN/A,divN/A,divN/A,False,1790898129837097216
DivN/A,divN/A,divN/A,divN/A,divN/A,divN/A,False,1765048551023734784
DivN/A,divN/A,divN/A,divN/A,divN/A,divN/A,False,1805398899605356800
DivN/A,divN/A,divN/A,divN/A,divN/A,divN/A,False,1842674647910985728
DivN/A,divN/A,divN/A,divN/A,divN/A,divN/A,False,1801044622744911872
DivN/A,divN/A,divN/A,divN/A,divN/A,divN/A,False,1830071362041348608
DivN/A,divN/A,divN/A,divN/A,divN/A,divN/A,False,1817820921895190784
DivN/A,divN/A,divN/A,divN/A,divN/A,divN/A,False,1838615659443364096
DivN/A,divN/A,divN/A,divN/A,divN/A,divN/A,False,1851292879446069760
DivN/A,divN/A,divN/A,divN/A,divN/A,divN/A,False,1778824835948273664
DivN/A,divN/A,divN/A,divN/A,divN/A,divN/A,False,1790016346052272384
DivN/A,divN/A,divN/A,divN/A,divN/A,divN/A,False,1877193502431293696
DivN/A,divN/A,divN/A,divN/A,divN/A,divN/A,False,1867683667763777536
DivN/A,divN/A,divN/A,divN/A,divN/A,divN/A,False,1804980247160398080
DivN/A,divN/A,divN/A,divN/A,divN/A,divN/A,False,1813937913479983616
DivN/A,divN/A,divN/A,divN/A,divN/A,divN/A,False,1779302516858946048
DivN/A,divN/A,divN/A,divN/A,divN/A,divN/A,False,1868882837677785344
DivN/A,divN/A,divN/A,divN/A,divN/A,divN/A,False,1843328956679991808
DivN/A,divN/A,divN/A,divN/A,divN/A,divN/A,False,1863049763840557056
DivN/A,divN/A,divN/A,divN/A,divN/A,divN/A,False,1871315146070802944
DivN/A,divN/A,divN/A,divN/A,divN/A,divN/A,False,1778019319428866304
DivN/A,divN/A,divN/A,divN/A,divN/A,divN/A,False,1860801152172110080
DivN/A,divN/A,divN/A,divN/A,divN/A,divN/A,False,1848079313079345152
DivN/A,divN/A,divN/A,divN/A,divN/A,divN/A,False,1800926811238346752
DivN/A,divN/A,divN/A,divN/A,divN/A,divN/A,False,1755261742681043200
DivN/A,divN/A,divN/A,divN/A,divN/A,divN/A,False,1791136058262028544
DivN/A,divN/A,divN/A,divN/A,divN/A,divN/A,False,1852155840528289792
DivN/A,divN/A,divN/A,divN/A,divN/A,divN/A,False,1757684549272601088
DivN/A,divN/A,divN/A,divN/A,divN/A,divN/A,False,1758234953865626112
DivN/A,divN/A,divN/A,divN/A,divN/A,divN/A,False,1856555085947396096
DivN/A,divN/A,divN/A,divN/A,divN/A,divN/A,False,1875150212714340352
DivN/A,divN/A,divN/A,divN/A,divN/A,divN/A,False,1821335031064776960
DivN/A,divN/A,divN/A,divN/A,divN/A,divN/A,False,1834144918219923456
DivN/A,divN/A,divN/A,divN/A,divN/A,divN/A,False,1842870091559665920
DivN/A,divN/A,divN/A,divN/A,divN/A,divN/A,False,1840804130052325376
DivN/A,divN/A,divN/A,divN/A,divN/A,divN/A,False,1792686420449955840
DivN/A,divN/A,divN/A,divN/A,divN/A,divN/A,False,1828023920005452288
DivN/A,divN/A,divN/A,divN/A,divN/A,divN/A,False,1684314699674923008
DivN/A,divN/A,divN/A,divN/A,divN/A,divN/A,False,1695821301691318272
DivN/A,divN/A,divN/A,divN/A,divN/A,divN/A,False,1818011145548218624
DivN/A,divN/A,divN/A,divN/A,divN/A,divN/A,False,1831741290226032896
DivN/A,divN/A,divN/A,divN/A,divN/A,divN/A,False,1870090980310819328
DivN/A,divN/A,divN/A,divN/A,divN/A,divN/A,False,1.825952273455e+18
DivN/A,divN/A,divN/A,divN/A,divN/A,divN/A,False,1881049004173357056
DivN/A,divN/A,divN/A,divN/A,divN/A,divN/A,False,1881483663944339456
DivN/A,divN/A,divN/A,divN/A,divN/A,divN/A,False,1865863946546122752
DivN/A,divN/A,divN/A,divN/A,divN/A,divN/A,False,1852683201958817792
DivN/A,divN/A,divN/A,divN/A,divN/A,divN/A,False,1793640894601761024
DivN/A,divN/A,divN/A,divN/A,divN/A,divN/A,False,1882247992323023104
DivN/A,divN/A,divN/A,divN/A,divN/A,divN/A,False,1881390074203640064
DivN/A,divN/A,divN/A,divN/A,divN/A,divN/A,False,1859031735226257664
DivN/A,divN/A,divN/A,divN/A,divN/A,divN/A,False,1871302559627100160
DivN/A,divN/A,divN/A,divN/A,divN/A,divN/A,False,1806509324463755264
DivN/A,divN/A,divN/A,divN/A,divN/A,divN/A,False,1880307929263534336
DivN/A,divN/A,divN/A,divN/A,divN/A,divN/A,False,1762654989225239040
DivN/A,divN/A,divN/A,divN/A,divN/A,divN/A,False,1882105788681912576
DivN/A,divN/A,divN/A,divN/A,divN/A,divN/A,False,1663599965698916352
DivN/A,divN/A,divN/A,divN/A,divN/A,divN/A,False,1745305815420928256
DivN/A,divN/A,divN/A,divN/A,divN/A,divN/A,False,1825972318205579520
DivN/A,divN/A,divN/A,divN/A,divN/A,divN/A,False,1806502330939916288
DivN/A,divN/A,divN/A,divN/A,divN/A,divN/A,False,1821794462562942976
DivN/A,divN/A,divN/A,divN/A,divN/A,divN/A,False,1852093996350275584
DivN/A,divN/A,divN/A,divN/A,divN/A,divN/A,False,1853873880500150272
DivN/A,divN/A,divN/A,divN/A,divN/A,divN/A,False,1849837152026161152
DivN/A,divN/A,divN/A,divN/A,divN/A,divN/A,False,1852118136939532544
DivN/A,divN/A,divN/A,divN/A,divN/A,divN/A,False,1790923217902703104
DivN/A,divN/A,divN/A,divN/A,divN/A,divN/A,False,1812908597728129024
DivN/A,divN/A,divN/A,divN/A,divN/A,divN/A,False,1853483943984550144
DivN/A,divN/A,divN/A,divN/A,divN/A,divN/A,False,1739028228642086912
DivN/A,divN/A,divN/A,divN/A,divN/A,divN/A,False,1776989005848207360
DivN/A,divN/A,divN/A,divN/A,divN/A,divN/A,False,1848499491151745280
DivN/A,divN/A,divN/A,divN/A,divN/A,divN/A,False,1793914943965962496
DivN/A,divN/A,divN/A,divN/A,divN/A,divN/A,False,1814455602699219456
DivN/A,divN/A,divN/A,divN/A,divN/A,divN/A,False,1789590944976650496
DivN/A,divN/A,divN/A,divN/A,divN/A,divN/A,False,1881917834613477888
DivN/A,divN/A,divN/A,divN/A,divN/A,divN/A,False,1731440158363222528
DivN/A,divN/A,divN/A,divN/A,divN/A,divN/A,False,1769727932161728512
DivN/A,divN/A,divN/A,divN/A,divN/A,divN/A,False,1711995717835952640
DivN/A,divN/A,divN/A,divN/A,divN/A,divN/A,False,1761396732699488768
DivN/A,divN/A,divN/A,divN/A,divN/A,divN/A,False,1812303576930156544
DivN/A,divN/A,divN/A,divN/A,divN/A,divN/A,False,1812873750645235712
DivN/A,divN/A,divN/A,divN/A,divN/A,divN/A,False,1698021831624491264
DivN/A,divN/A,divN/A,divN/A,divN/A,divN/A,False,1715751560167223808
DivN/A,divN/A,divN/A,divN/A,divN/A,divN/A,False,1852873169540882432
DivN/A,divN/A,divN/A,divN/A,divN/A,divN/A,False,1841884941724065792
DivN/A,divN/A,divN/A,divN/A,divN/A,divN/A,False,1672416580339105792
DivN/A,divN/A,divN/A,divN/A,divN/A,divN/A,False,1831263433486180864
DivN/A,divN/A,divN/A,divN/A,divN/A,divN/A,False,1840435188226023680
DivN/A,divN/A,divN/A,divN/A,divN/A,divN/A,False,1811728965448482816
DivN/A,divN/A,divN/A,divN/A,divN/A,divN/A,False,1.769431033148e+18
DivN/A,divN/A,divN/A,divN/A,divN/A,divN/A,False,1875044847691923456
DivN/A,divN/A,divN/A,divN/A,divN/A,divN/A,False,1870302952210227712
DivN/A,divN/A,divN/A,divN/A,divN/A,divN/A,False,1803456607466262784
DivN/A,divN/A,divN/A,divN/A,divN/A,divN/A,False,1820427596078964736
DivN/A,divN/A,divN/A,divN/A,divN/A,divN/A,False,1830636673702511104
DivN/A,divN/A,divN/A,divN/A,divN/A,divN/A,False,1881756496163430656
DivN/A,divN/A,divN/A,divN/A,divN/A,divN/A,False,1856401566007271424
DivN/A,divN/A,divN/A,divN/A,divN/A,divN/A,False,1828976735343235072
DivN/A,divN/A,divN/A,divN/A,divN/A,divN/A,False,1761016456714858496
DivN/A,divN/A,divN/A,divN/A,divN/A,divN/A,False,1811199476956082688
DivN/A,divN/A,divN/A,divN/A,divN/A,divN/A,False,1823390778665665024
DivN/A,divN/A,divN/A,divN/A,divN/A,divN/A,False,1881198586966454272
DivN/A,divN/A,divN/A,divN/A,divN/A,divN/A,False,1763056755129356800
DivN/A,divN/A,divN/A,divN/A,divN/A,divN/A,False,1769400252560187392
DivN/A,divN/A,divN/A,divN/A,divN/A,divN/A,False,1774756604824465920
DivN/A,divN/A,divN/A,divN/A,divN/A,divN/A,False,1854609233322344448
DivN/A,divN/A,divN/A,divN/A,divN/A,divN/A,False,1812250104033591808
DivN/A,divN/A,divN/A,divN/A,divN/A,divN/A,False,1735808234475160064
DivN/A,divN/A,divN/A,divN/A,divN/A,divN/A,False,1762255555907694592
DivN/A,divN/A,divN/A,divN/A,divN/A,divN/A,False,1863506076852801536
DivN/A,divN/A,divN/A,divN/A,divN/A,divN/A,False,1843370957215543296
DivN/A,divN/A,divN/A,divN/A,divN/A,divN/A,False,1732580115656413184
DivN/A,divN/A,divN/A,divN/A,divN/A,divN/A,False,1818311922560774144
DivN/A,divN/A,divN/A,divN/A,divN/A,divN/A,False,1873556109954355456
DivN/A,divN/A,divN/A,divN/A,divN/A,divN/A,False,1807527978764796160
DivN/A,divN/A,divN/A,divN/A,divN/A,divN/A,False,1857224110872408320
DivN/A,divN/A,divN/A,divN/A,divN/A,divN/A,False,1881492510780076032
DivN/A,divN/A,divN/A,divN/A,divN/A,divN/A,False,1738980298191200256
DivN/A,divN/A,divN/A,divN/A,divN/A,divN/A,False,1812254026140193280
DivN/A,divN/A,divN/A,divN/A,divN/A,divN/A,False,1857453272875069440
DivN/A,divN/A,divN/A,divN/A,divN/A,divN/A,False,1848448077109006336
DivN/A,divN/A,divN/A,divN/A,divN/A,divN/A,False,1738615288382255616
DivN/A,divN/A,divN/A,divN/A,divN/A,divN/A,False,1848249001600029184
DivN/A,divN/A,divN/A,divN/A,divN/A,divN/A,False,1881707101950738432
DivN/A,divN/A,divN/A,divN/A,divN/A,divN/A,False,1729520071658062080
DivN/A,divN/A,divN/A,divN/A,divN/A,divN/A,False,1802834894403379712
DivN/A,divN/A,divN/A,divN/A,divN/A,divN/A,False,1842037297518141440
DivN/A,divN/A,divN/A,divN/A,divN/A,divN/A,False,1879980817503703552
DivN/A,divN/A,divN/A,divN/A,divN/A,divN/A,False,1816489797004984576
DivN/A,divN/A,divN/A,divN/A,divN/A,divN/A,False,1806529712950272256
DivN/A,divN/A,divN/A,divN/A,divN/A,divN/A,False,1817953473276903936
DivN/A,divN/A,divN/A,divN/A,divN/A,divN/A,False,1851980733088243712
DivN/A,divN/A,divN/A,divN/A,divN/A,divN/A,False,1831708722327904768
DivN/A,divN/A,divN/A,divN/A,divN/A,divN/A,False,1812840802902495744
DivN/A,divN/A,divN/A,divN/A,divN/A,divN/A,False,1815529038301310976
DivN/A,divN/A,divN/A,divN/A,divN/A,divN/A,False,1854191245888749824
DivN/A,divN/A,divN/A,divN/A,divN/A,divN/A,False,1856690789868298752
DivN/A,divN/A,divN/A,divN/A,divN/A,divN/A,False,1854776312365236480
DivN/A,divN/A,divN/A,divN/A,divN/A,divN/A,False,1678098028849143808
DivN/A,divN/A,divN/A,divN/A,divN/A,divN/A,False,1693552883730465280
DivN/A,divN/A,divN/A,divN/A,divN/A,divN/A,False,1795188688218906624
DivN/A,divN/A,divN/A,divN/A,divN/A,divN/A,False,1785636351330713600
DivN/A,divN/A,divN/A,divN/A,divN/A,divN/A,False,1.700276192237e+18
DivN/A,divN/A,divN/A,divN/A,divN/A,divN/A,False,1792717228292608256
DivN/A,divN/A,divN/A,divN/A,divN/A,divN/A,False,1755135234230919424
DivN/A,divN/A,divN/A,divN/A,divN/A,divN/A,False,1831031290508054784
DivN/A,divN/A,divN/A,divN/A,divN/A,divN/A,False,1821269491982160384
DivN/A,divN/A,divN/A,divN/A,divN/A,divN/A,False,1829202515495182848
DivN/A,divN/A,divN/A,divN/A,divN/A,divN/A,False,1765936193848418304
DivN/A,divN/A,divN/A,divN/A,divN/A,divN/A,False,1852774903617081600
DivN/A,divN/A,divN/A,divN/A,divN/A,divN/A,False,1853195722864132608
DivN/A,divN/A,divN/A,divN/A,divN/A,divN/A,False,1878187473148497920
DivN/A,divN/A,divN/A,divN/A,divN/A,divN/A,False,1854945148972540160
DivN/A,divN/A,divN/A,divN/A,divN/A,divN/A,False,1870401950564372480
DivN/A,divN/A,divN/A,divN/A,divN/A,divN/A,False,1819786609321198080
DivN/A,divN/A,divN/A,divN/A,divN/A,divN/A,False,1845217675267670016
DivN/A,divN/A,divN/A,divN/A,divN/A,divN/A,False,1859388244015677696
DivN/A,divN/A,divN/A,divN/A,divN/A,divN/A,False,1720490803502485760
DivN/A,divN/A,divN/A,divN/A,divN/A,divN/A,False,1790498838089789696
DivN/A,divN/A,divN/A,divN/A,divN/A,divN/A,False,1.82165504938e+18
DivN/A,divN/A,divN/A,divN/A,divN/A,divN/A,False,1821980320398458880
DivN/A,divN/A,divN/A,divN/A,divN/A,divN/A,False,1834733130571297280
DivN/A,divN/A,divN/A,divN/A,divN/A,divN/A,False,1748173323941359616
DivN/A,divN/A,divN/A,divN/A,divN/A,divN/A,False,1846196361064030464
DivN/A,divN/A,divN/A,divN/A,divN/A,divN/A,False,1781342060668174848
DivN/A,divN/A,divN/A,divN/A,divN/A,divN/A,False,1782583166706049280
DivN/A,divN/A,divN/A,divN/A,divN/A,divN/A,False,1859409701571887360
DivN/A,divN/A,divN/A,divN/A,divN/A,divN/A,False,1745459526684520960
DivN/A,divN/A,divN/A,divN/A,divN/A,divN/A,False,1827549956275679744
DivN/A,divN/A,divN/A,divN/A,divN/A,divN/A,False,1812281896203932160
DivN/A,divN/A,divN/A,divN/A,divN/A,divN/A,False,1868634614031643136
DivN/A,divN/A,divN/A,divN/A,divN/A,divN/A,False,1817286135581933824
DivN/A,divN/A,divN/A,divN/A,divN/A,divN/A,False,1.867766787125e+18
DivN/A,divN/A,divN/A,divN/A,divN/A,divN/A,False,1798463880898781696
DivN/A,divN/A,divN/A,divN/A,divN/A,divN/A,False,1835631944727445504
DivN/A,divN/A,divN/A,divN/A,divN/A,divN/A,False,1836571162479866368
DivN/A,divN/A,divN/A,divN/A,divN/A,divN/A,False,1761425133179150336
DivN/A,divN/A,divN/A,divN/A,divN/A,divN/A,False,1796310385177325824
DivN/A,divN/A,divN/A,divN/A,divN/A,divN/A,False,1841745397406171136
DivN/A,divN/A,divN/A,divN/A,divN/A,divN/A,False,1819409694324036096
DivN/A,divN/A,divN/A,divN/A,divN/A,divN/A,False,1814752157838499840
DivN/A,divN/A,divN/A,divN/A,divN/A,divN/A,False,1830581018396368896
DivN/A,divN/A,divN/A,divN/A,divN/A,divN/A,False,1839804981458657280
DivN/A,divN/A,divN/A,divN/A,divN/A,divN/A,False,1829886782877680128
DivN/A,divN/A,divN/A,divN/A,divN/A,divN/A,False,1836476610460922368
DivN/A,divN/A,divN/A,divN/A,divN/A,divN/A,False,1732549608230863104
DivN/A,divN/A,divN/A,divN/A,divN/A,divN/A,False,1829599077077778432
DivN/A,divN/A,divN/A,divN/A,divN/A,divN/A,False,1829897461617607168
DivN/A,divN/A,divN/A,divN/A,divN/A,divN/A,False,1844716831161942016
DivN/A,divN/A,divN/A,divN/A,divN/A,divN/A,False,1879495210847306240
DivN/A,divN/A,divN/A,divN/A,divN/A,divN/A,False,1857403708939633152
DivN/A,divN/A,divN/A,divN/A,divN/A,divN/A,False,1777063883951243264
DivN/A,divN/A,divN/A,divN/A,divN/A,divN/A,False,1672619935502041088
DivN/A,divN/A,divN/A,divN/A,divN/A,divN/A,False,1788100339410809344
DivN/A,divN/A,divN/A,divN/A,divN/A,divN/A,False,1812929637917552896
DivN/A,divN/A,divN/A,divN/A,divN/A,divN/A,False,1841455790076424192
DivN/A,divN/A,divN/A,divN/A,divN/A,divN/A,False,1802159821594231040
DivN/A,divN/A,divN/A,divN/A,divN/A,divN/A,False,1761704161094078720
DivN/A,divN/A,divN/A,divN/A,divN/A,divN/A,False,1879575339875409920
DivN/A,divN/A,divN/A,divN/A,divN/A,divN/A,False,1733581286256607744
DivN/A,divN/A,divN/A,divN/A,divN/A,divN/A,False,1735074882830954496
DivN/A,divN/A,divN/A,divN/A,divN/A,divN/A,False,1846546656566603776
DivN/A,divN/A,divN/A,divN/A,divN/A,divN/A,False,1819069773948358656
DivN/A,divN/A,divN/A,divN/A,divN/A,divN/A,False,1736832789427752960
DivN/A,divN/A,divN/A,divN/A,divN/A,divN/A,False,1861410813010911232
DivN/A,divN/A,divN/A,divN/A,divN/A,divN/A,False,1856804138275016960
DivN/A,divN/A,divN/A,divN/A,divN/A,divN/A,False,1875314552000409600
DivN/A,divN/A,divN/A,divN/A,divN/A,divN/A,False,1829773099895546368
DivN/A,divN/A,divN/A,divN/A,divN/A,divN/A,False,1847818679964356864
DivN/A,divN/A,divN/A,divN/A,divN/A,divN/A,False,1752466469454061824
DivN/A,divN/A,divN/A,divN/A,divN/A,divN/A,False,1805631742050812160
DivN/A,divN/A,divN/A,divN/A,divN/A,divN/A,False,1807001136546640384
DivN/A,divN/A,divN/A,divN/A,divN/A,divN/A,False,1820177293563842560
DivN/A,divN/A,divN/A,divN/A,divN/A,divN/A,False,1820811893008683264
DivN/A,divN/A,divN/A,divN/A,divN/A,divN/A,False,1823724357866438656
DivN/A,divN/A,divN/A,divN/A,divN/A,divN/A,False,1833952004256976896
DivN/A,divN/A,divN/A,divN/A,divN/A,divN/A,False,1846875197267394560
DivN/A,divN/A,divN/A,divN/A,divN/A,divN/A,False,1846956872823156736
DivN/A,divN/A,divN/A,divN/A,divN/A,divN/A,False,1847991936449200640
DivN/A,divN/A,divN/A,divN/A,divN/A,divN/A,False,1850929761889161728
DivN/A,divN/A,divN/A,divN/A,divN/A,divN/A,False,1851297898610507776
DivN/A,divN/A,divN/A,divN/A,divN/A,divN/A,False,1851294780304863232
DivN/A,divN/A,divN/A,divN/A,divN/A,divN/A,False,1857371710556712960
DivN/A,divN/A,divN/A,divN/A,divN/A,divN/A,False,1857716642140111104
DivN/A,divN/A,divN/A,divN/A,divN/A,divN/A,False,1857867740486447360
DivN/A,divN/A,divN/A,divN/A,divN/A,divN/A,False,1858861604248391936
DivN/A,divN/A,divN/A,divN/A,divN/A,divN/A,False,1860731348962750720
DivN/A,divN/A,divN/A,divN/A,divN/A,divN/A,False,1866526850681631232
DivN/A,divN/A,divN/A,divN/A,divN/A,divN/A,False,1873358494436667904
DivN/A,divN/A,divN/A,divN/A,divN/A,divN/A,False,1874436459878649856
DivN/A,divN/A,divN/A,divN/A,divN/A,divN/A,False,1874523119161159680
DivN/A,divN/A,divN/A,divN/A,divN/A,divN/A,False,1873986160516882432
DivN/A,divN/A,divN/A,divN/A,divN/A,divN/A,False,1874688117858549760
DivN/A,divN/A,divN/A,divN/A,divN/A,divN/A,False,1874549933573087232
DivN/A,divN/A,divN/A,divN/A,divN/A,divN/A,False,1874749990842814720
DivN/A,divN/A,divN/A,divN/A,divN/A,divN/A,False,1876232481030181120
DivN/A,divN/A,divN/A,divN/A,divN/A,divN/A,False,1877100457073451264
DivN/A,divN/A,divN/A,divN/A,divN/A,divN/A,False,1877848793934151680
DivN/A,divN/A,divN/A,divN/A,divN/A,divN/A,False,1879068943542825216
DivN/A,divN/A,divN/A,divN/A,divN/A,divN/A,False,1878947197959733504
DivN/A,divN/A,divN/A,divN/A,divN/A,divN/A,False,1881365011857334784
DivN/A,divN/A,divN/A,divN/A,divN/A,divN/A,False,1814184556565778944
DivN/A,divN/A,divN/A,divN/A,divN/A,divN/A,False,1780554045725257984
DivN/A,divN/A,divN/A,divN/A,divN/A,divN/A,False,1829299352466014464
DivN/A,divN/A,divN/A,divN/A,divN/A,divN/A,False,1821380176917491712
DivN/A,divN/A,divN/A,divN/A,divN/A,divN/A,False,1835259413386395904
DivN/A,divN/A,divN/A,divN/A,divN/A,divN/A,False,1826177142008520960
DivN/A,divN/A,divN/A,divN/A,divN/A,divN/A,False,1807711768271086080
DivN/A,divN/A,divN/A,divN/A,divN/A,divN/A,False,1813877878611976704
DivN/A,divN/A,divN/A,divN/A,divN/A,divN/A,False,1829174697386541056
DivN/A,divN/A,divN/A,divN/A,divN/A,divN/A,False,1837544903930532096
DivN/A,divN/A,divN/A,divN/A,divN/A,divN/A,False,1842275791213617152
DivN/A,divN/A,divN/A,divN/A,divN/A,divN/A,False,1810316127966216192
DivN/A,divN/A,divN/A,divN/A,divN/A,divN/A,False,1857062885832221184
DivN/A,divN/A,divN/A,divN/A,divN/A,divN/A,False,1821006423498649856
DivN/A,divN/A,divN/A,divN/A,divN/A,divN/A,False,1854321729797017600
DivN/A,divN/A,divN/A,divN/A,divN/A,divN/A,False,1873975732252401664
DivN/A,divN/A,divN/A,divN/A,divN/A,divN/A,False,1830302655832338432
DivN/A,divN/A,divN/A,divN/A,divN/A,divN/A,False,1774466760084717824
DivN/A,divN/A,divN/A,divN/A,divN/A,divN/A,False,1797698010811633920
DivN/A,divN/A,divN/A,divN/A,divN/A,divN/A,False,1836923457960919296
DivN/A,divN/A,divN/A,divN/A,divN/A,divN/A,False,1835462875185320448
DivN/A,divN/A,divN/A,divN/A,divN/A,divN/A,False,1850964509051203840
DivN/A,divN/A,divN/A,divN/A,divN/A,divN/A,False,1875049915367235840
DivN/A,divN/A,divN/A,divN/A,divN/A,divN/A,False,1849826145258148096
DivN/A,divN/A,divN/A,divN/A,divN/A,divN/A,False,1871793979043483904
DivN/A,divN/A,divN/A,divN/A,divN/A,divN/A,False,1875960453014446336
DivN/A,divN/A,divN/A,divN/A,divN/A,divN/A,False,1875878558591246848
DivN/A,divN/A,divN/A,divN/A,divN/A,divN/A,False,1875677818094551296
DivN/A,divN/A,divN/A,divN/A,divN/A,divN/A,False,1857469415568166912
DivN/A,divN/A,divN/A,divN/A,divN/A,divN/A,False,1749047519265632256
DivN/A,divN/A,divN/A,divN/A,divN/A,divN/A,False,1869513137315254272
DivN/A,divN/A,divN/A,divN/A,divN/A,divN/A,False,1881991643387306240
DivN/A,divN/A,divN/A,divN/A,divN/A,divN/A,False,1878569001673949440
DivN/A,divN/A,divN/A,divN/A,divN/A,divN/A,False,1812420651212255232
DivN/A,divN/A,divN/A,divN/A,divN/A,divN/A,False,1827087663561925120
DivN/A,divN/A,divN/A,divN/A,divN/A,divN/A,False,1846720345564139776
DivN/A,divN/A,divN/A,divN/A,divN/A,divN/A,False,1730576512535925248
DivN/A,divN/A,divN/A,divN/A,divN/A,divN/A,False,1850337785405702400
DivN/A,divN/A,divN/A,divN/A,divN/A,divN/A,False,1821415290112208896
DivN/A,divN/A,divN/A,divN/A,divN/A,divN/A,False,1792386468511412480
DivN/A,divN/A,divN/A,divN/A,divN/A,divN/A,False,1844791250886467840
DivN/A,divN/A,divN/A,divN/A,divN/A,divN/A,False,1862630240062693376
DivN/A,divN/A,divN/A,divN/A,divN/A,divN/A,False,1879280318139822080
DivN/A,divN/A,divN/A,divN/A,divN/A,divN/A,False,1851768169041400064
DivN/A,divN/A,divN/A,divN/A,divN/A,divN/A,False,1813051634479518208
DivN/A,divN/A,divN/A,divN/A,divN/A,divN/A,False,1823185040806674944
DivN/A,divN/A,divN/A,divN/A,divN/A,divN/A,False,1878940471046922496
DivN/A,divN/A,divN/A,divN/A,divN/A,divN/A,False,1882133403858043136
DivN/A,divN/A,divN/A,divN/A,divN/A,divN/A,False,1876731143359262976
DivN/A,divN/A,divN/A,divN/A,divN/A,divN/A,False,1674448621159305216
DivN/A,divN/A,divN/A,divN/A,divN/A,divN/A,False,1791731048201470464
DivN/A,divN/A,divN/A,divN/A,divN/A,divN/A,False,1847625657590632704
DivN/A,divN/A,divN/A,divN/A,divN/A,divN/A,False,1791190780184256512
DivN/A,divN/A,divN/A,divN/A,divN/A,divN/A,False,1706376283255407104
DivN/A,divN/A,divN/A,divN/A,divN/A,divN/A,False,1865060535080825344
DivN/A,divN/A,divN/A,divN/A,divN/A,divN/A,False,1771952672142135808
DivN/A,divN/A,divN/A,divN/A,divN/A,divN/A,False,1847318026288259072
DivN/A,divN/A,divN/A,divN/A,divN/A,divN/A,False,1820759459578200320
DivN/A,divN/A,divN/A,divN/A,divN/A,divN/A,False,1835373304879747072
DivN/A,divN/A,divN/A,divN/A,divN/A,divN/A,False,1857038270510846464
DivN/A,divN/A,divN/A,divN/A,divN/A,divN/A,False,1834314654492798976
DivN/A,divN/A,divN/A,divN/A,divN/A,divN/A,False,1857121499158618624
DivN/A,divN/A,divN/A,divN/A,divN/A,divN/A,False,1863232929822118144
DivN/A,divN/A,divN/A,divN/A,divN/A,divN/A,False,1740914342294622464
DivN/A,divN/A,divN/A,divN/A,divN/A,divN/A,False,1838754230619734016
DivN/A,divN/A,divN/A,divN/A,divN/A,divN/A,False,1868030165378347264
DivN/A,divN/A,divN/A,divN/A,divN/A,divN/A,False,1854657838708408320
DivN/A,divN/A,divN/A,divN/A,divN/A,divN/A,False,1881386978727670016
DivN/A,divN/A,divN/A,divN/A,divN/A,divN/A,False,1814815856355950592
DivN/A,divN/A,divN/A,divN/A,divN/A,divN/A,False,1841623218295083264
DivN/A,divN/A,divN/A,divN/A,divN/A,divN/A,False,1861547564627308800
DivN/A,divN/A,divN/A,divN/A,divN/A,divN/A,False,1864831370758918400
DivN/A,divN/A,divN/A,divN/A,divN/A,divN/A,False,1870193087710146816
DivN/A,divN/A,divN/A,divN/A,divN/A,divN/A,False,1871526624233132544
DivN/A,divN/A,divN/A,divN/A,divN/A,divN/A,False,1845986757096972288
DivN/A,divN/A,divN/A,divN/A,divN/A,divN/A,False,1859584125960962048
DivN/A,divN/A,divN/A,divN/A,divN/A,divN/A,False,1829308905177956352
DivN/A,divN/A,divN/A,divN/A,divN/A,divN/A,False,1774789752216047616
DivN/A,divN/A,divN/A,divN/A,divN/A,divN/A,False,1815090247828648448
DivN/A,divN/A,divN/A,divN/A,divN/A,divN/A,False,1808892745995477504
DivN/A,divN/A,divN/A,divN/A,divN/A,divN/A,False,1823357536117936640
DivN/A,divN/A,divN/A,divN/A,divN/A,divN/A,False,1847985646398562560
DivN/A,divN/A,divN/A,divN/A,divN/A,divN/A,False,1847826608360452096
DivN/A,divN/A,divN/A,divN/A,divN/A,divN/A,False,1850153207378387200
DivN/A,divN/A,divN/A,divN/A,divN/A,divN/A,False,1857778173569605632
DivN/A,divN/A,divN/A,divN/A,divN/A,divN/A,False,1875483198299525632
DivN/A,divN/A,divN/A,divN/A,divN/A,divN/A,False,1796537213410574848
DivN/A,divN/A,divN/A,divN/A,divN/A,divN/A,False,1875959620545712640
DivN/A,divN/A,divN/A,divN/A,divN/A,divN/A,False,1844908858520764416
DivN/A,divN/A,divN/A,divN/A,divN/A,divN/A,False,1848824382572900352
DivN/A,divN/A,divN/A,divN/A,divN/A,divN/A,False,1721671384869273600
DivN/A,divN/A,divN/A,divN/A,divN/A,divN/A,False,1786498125940527360
DivN/A,divN/A,divN/A,divN/A,divN/A,divN/A,False,1845777350920683776
DivN/A,divN/A,divN/A,divN/A,divN/A,divN/A,False,1804069973398073600
DivN/A,divN/A,divN/A,divN/A,divN/A,divN/A,False,1674201012213612544
DivN/A,divN/A,divN/A,divN/A,divN/A,divN/A,False,1857071340030771456
DivN/A,divN/A,divN/A,divN/A,divN/A,divN/A,False,1865048593222033664
DivN/A,divN/A,divN/A,divN/A,divN/A,divN/A,False,1777691367017218560
DivN/A,divN/A,divN/A,divN/A,divN/A,divN/A,False,1836120894680502272
DivN/A,divN/A,divN/A,divN/A,divN/A,divN/A,False,1857054930420240640
DivN/A,divN/A,divN/A,divN/A,divN/A,divN/A,False,1878731382769471744
DivN/A,divN/A,divN/A,divN/A,divN/A,divN/A,False,1866151332878364672
DivN/A,divN/A,divN/A,divN/A,divN/A,divN/A,False,1812318313147494912
DivN/A,divN/A,divN/A,divN/A,divN/A,divN/A,False,1837200093189132544
DivN/A,divN/A,divN/A,divN/A,divN/A,divN/A,False,1880397187395518720
DivN/A,divN/A,divN/A,divN/A,divN/A,divN/A,False,1845312851940081920
DivN/A,divN/A,divN/A,divN/A,divN/A,divN/A,False,1845622336785125376
DivN/A,divN/A,divN/A,divN/A,divN/A,divN/A,False,1836800931759014144
DivN/A,divN/A,divN/A,divN/A,divN/A,divN/A,False,1784955601115550208
DivN/A,divN/A,divN/A,divN/A,divN/A,divN/A,False,1844747513099604480
DivN/A,divN/A,divN/A,divN/A,divN/A,divN/A,False,1742785176109719552
DivN/A,divN/A,divN/A,divN/A,divN/A,divN/A,False,1852323201277448704
DivN/A,divN/A,divN/A,divN/A,divN/A,divN/A,False,1860343844606185984
DivN/A,divN/A,divN/A,divN/A,divN/A,divN/A,False,1640341653155110912
DivN/A,divN/A,divN/A,divN/A,divN/A,divN/A,False,1835706932167913984
DivN/A,divN/A,divN/A,divN/A,divN/A,divN/A,False,1847748642414678528
DivN/A,divN/A,divN/A,divN/A,divN/A,divN/A,False,1867204742029398528
DivN/A,divN/A,divN/A,divN/A,divN/A,divN/A,False,1872440035364278272
DivN/A,divN/A,divN/A,divN/A,divN/A,divN/A,False,1873420471469048064
DivN/A,divN/A,divN/A,divN/A,divN/A,divN/A,False,1876900756453789696
DivN/A,divN/A,divN/A,divN/A,divN/A,divN/A,False,1787084368395043328
DivN/A,divN/A,divN/A,divN/A,divN/A,divN/A,False,1841168858377249024
DivN/A,divN/A,divN/A,divN/A,divN/A,divN/A,False,1797279444320526848
DivN/A,divN/A,divN/A,divN/A,divN/A,divN/A,False,1840910905548177664
DivN/A,divN/A,divN/A,divN/A,divN/A,divN/A,False,1846142593157287936
DivN/A,divN/A,divN/A,divN/A,divN/A,divN/A,False,1800188776074924032
DivN/A,divN/A,divN/A,divN/A,divN/A,divN/A,False,1776739518240170240
DivN/A,divN/A,divN/A,divN/A,divN/A,divN/A,False,1796630880695226624
DivN/A,divN/A,divN/A,divN/A,divN/A,divN/A,False,1870185666191011840
DivN/A,divN/A,divN/A,divN/A,divN/A,divN/A,False,1850207161844167168
DivN/A,divN/A,divN/A,divN/A,divN/A,divN/A,False,1878655040363385344
DivN/A,divN/A,divN/A,divN/A,divN/A,divN/A,False,1814912264912183808
DivN/A,divN/A,divN/A,divN/A,divN/A,divN/A,False,1815113453604110848
DivN/A,divN/A,divN/A,divN/A,divN/A,divN/A,False,1864381954944074240
DivN/A,divN/A,divN/A,divN/A,divN/A,divN/A,False,1805613113380585472
DivN/A,divN/A,divN/A,divN/A,divN/A,divN/A,False,1835343075670937856
DivN/A,divN/A,divN/A,divN/A,divN/A,divN/A,False,1822308895454281984
DivN/A,divN/A,divN/A,divN/A,divN/A,divN/A,False,1867525502077980672
DivN/A,divN/A,divN/A,divN/A,divN/A,divN/A,False,1821813017631236096
DivN/A,divN/A,divN/A,divN/A,divN/A,divN/A,False,1823318530508390656
DivN/A,divN/A,divN/A,divN/A,divN/A,divN/A,False,1825395514533117952
DivN/A,divN/A,divN/A,divN/A,divN/A,divN/A,False,1836091862605594880
DivN/A,divN/A,divN/A,divN/A,divN/A,divN/A,False,1870200395823276032
DivN/A,divN/A,divN/A,divN/A,divN/A,divN/A,False,1870160648807866624
DivN/A,divN/A,divN/A,divN/A,divN/A,divN/A,False,1769162060967854336
DivN/A,divN/A,divN/A,divN/A,divN/A,divN/A,False,1829264954001932544
DivN/A,divN/A,divN/A,divN/A,divN/A,divN/A,False,1860051626305945856
DivN/A,divN/A,divN/A,divN/A,divN/A,divN/A,False,1725769119856005376
DivN/A,divN/A,divN/A,divN/A,divN/A,divN/A,False,1850728546488156160
DivN/A,divN/A,divN/A,divN/A,divN/A,divN/A,False,1801344247863644160
DivN/A,divN/A,divN/A,divN/A,divN/A,divN/A,False,1841636020187431424
DivN/A,divN/A,divN/A,divN/A,divN/A,divN/A,False,1870192418991288576
DivN/A,divN/A,divN/A,divN/A,divN/A,divN/A,False,1824375942053016064
DivN/A,divN/A,divN/A,divN/A,divN/A,divN/A,False,1653550186457645056
DivN/A,divN/A,divN/A,divN/A,divN/A,divN/A,False,1794203421219909632
DivN/A,divN/A,divN/A,divN/A,divN/A,divN/A,False,1837912643090174464
DivN/A,divN/A,divN/A,divN/A,divN/A,divN/A,False,1868662723795652864
DivN/A,divN/A,divN/A,divN/A,divN/A,divN/A,False,1875882119668662784
DivN/A,divN/A,divN/A,divN/A,divN/A,divN/A,False,1850138323286671360
DivN/A,divN/A,divN/A,divN/A,divN/A,divN/A,False,1821220286890446848
DivN/A,divN/A,divN/A,divN/A,divN/A,divN/A,False,1833871864617439232
DivN/A,divN/A,divN/A,divN/A,divN/A,divN/A,False,1845982422275366912
DivN/A,divN/A,divN/A,divN/A,divN/A,divN/A,False,1813227045629096448
DivN/A,divN/A,divN/A,divN/A,divN/A,divN/A,False,1824333954519900416
DivN/A,divN/A,divN/A,divN/A,divN/A,divN/A,False,1699289970412835328
DivN/A,divN/A,divN/A,divN/A,divN/A,divN/A,False,1853942657841549312
DivN/A,divN/A,divN/A,divN/A,divN/A,divN/A,False,1846094622776287744
DivN/A,divN/A,divN/A,divN/A,divN/A,divN/A,False,1878188411409825792
DivN/A,divN/A,divN/A,divN/A,divN/A,divN/A,False,1858914147175375104
DivN/A,divN/A,divN/A,divN/A,divN/A,divN/A,False,1804291221658939904
DivN/A,divN/A,divN/A,divN/A,divN/A,divN/A,False,1876443282672402944
DivN/A,divN/A,divN/A,divN/A,divN/A,divN/A,False,1876091104304451584
DivN/A,divN/A,divN/A,divN/A,divN/A,divN/A,False,1841295544938811904
DivN/A,divN/A,divN/A,divN/A,divN/A,divN/A,False,1752094934759358720
DivN/A,divN/A,divN/A,divN/A,divN/A,divN/A,False,1852071404809965824
DivN/A,divN/A,divN/A,divN/A,divN/A,divN/A,False,1878894170632507392
DivN/A,divN/A,divN/A,divN/A,divN/A,divN/A,False,1797531477334516224
DivN/A,divN/A,divN/A,divN/A,divN/A,divN/A,False,1873074014257831936
DivN/A,divN/A,divN/A,divN/A,divN/A,divN/A,False,1794537588973268992
DivN/A,divN/A,divN/A,divN/A,divN/A,divN/A,False,1761981890389496320
DivN/A,divN/A,divN/A,divN/A,divN/A,divN/A,False,1810277222084755968
DivN/A,divN/A,divN/A,divN/A,divN/A,divN/A,False,1849518764070436864
DivN/A,divN/A,divN/A,divN/A,divN/A,divN/A,False,1774308395341738496
DivN/A,divN/A,divN/A,divN/A,divN/A,divN/A,False,1840053202005180416
DivN/A,divN/A,divN/A,divN/A,divN/A,divN/A,False,1875995232237703424
DivN/A,divN/A,divN/A,divN/A,divN/A,divN/A,False,1848127365995549184
DivN/A,divN/A,divN/A,divN/A,divN/A,divN/A,False,1874515936428060672
DivN/A,divN/A,divN/A,divN/A,divN/A,divN/A,False,1819110904216084736
DivN/A,divN/A,divN/A,divN/A,divN/A,divN/A,False,1860245497744617472
DivN/A,divN/A,divN/A,divN/A,divN/A,divN/A,False,1813162662123217408
DivN/A,divN/A,divN/A,divN/A,divN/A,divN/A,False,1724593925405507584
DivN/A,divN/A,divN/A,divN/A,divN/A,divN/A,False,1824997390908022784
DivN/A,divN/A,divN/A,divN/A,divN/A,divN/A,False,1829202463552860416
DivN/A,divN/A,divN/A,divN/A,divN/A,divN/A,False,1839413839852352000
"Guns are the #1 killer of kids in America.

More than car accidents and more than cancer. We can't let that become just another statistic.

Let's ban AR-15-style firearms and other assault weapons.",15.4M,39K,12K,48K,712,False,1669843546919124992
DivN/A,divN/A,divN/A,divN/A,divN/A,divN/A,False,1711793142742073600
DivN/A,divN/A,divN/A,divN/A,divN/A,divN/A,False,1727351051177824768
DivN/A,divN/A,divN/A,divN/A,divN/A,divN/A,False,1735368158326759680
DivN/A,divN/A,divN/A,divN/A,divN/A,divN/A,False,1750643647362576640
DivN/A,divN/A,divN/A,divN/A,divN/A,divN/A,False,1775239307239813376
DivN/A,divN/A,divN/A,divN/A,divN/A,divN/A,False,1792941949403415040
DivN/A,divN/A,divN/A,divN/A,divN/A,divN/A,False,1810007069459620096
DivN/A,divN/A,divN/A,divN/A,divN/A,divN/A,False,1814601958302286080
DivN/A,divN/A,divN/A,divN/A,divN/A,divN/A,False,1833693298973892864
DivN/A,divN/A,divN/A,divN/A,divN/A,divN/A,False,1757509010209841152
DivN/A,divN/A,divN/A,divN/A,divN/A,divN/A,False,1846482379189207552
DivN/A,divN/A,divN/A,divN/A,divN/A,divN/A,False,1817793629500354816
DivN/A,divN/A,divN/A,divN/A,divN/A,divN/A,False,1822763133187825920
DivN/A,divN/A,divN/A,divN/A,divN/A,divN/A,False,1780980484203327744
DivN/A,divN/A,divN/A,divN/A,divN/A,divN/A,False,1791981456014619136
DivN/A,divN/A,divN/A,divN/A,divN/A,divN/A,False,1819896719192342528
DivN/A,divN/A,divN/A,divN/A,divN/A,divN/A,False,1880305057876570112
DivN/A,divN/A,divN/A,divN/A,divN/A,divN/A,False,1818965390262780416
DivN/A,divN/A,divN/A,divN/A,divN/A,divN/A,False,1791245338541543680
DivN/A,divN/A,divN/A,divN/A,divN/A,divN/A,False,1797381017092739584
DivN/A,divN/A,divN/A,divN/A,divN/A,divN/A,False,1866972498836762880
DivN/A,divN/A,divN/A,divN/A,divN/A,divN/A,False,1827056048051572736
DivN/A,divN/A,divN/A,divN/A,divN/A,divN/A,False,1874539721290129664
DivN/A,divN/A,divN/A,divN/A,divN/A,divN/A,False,1694165120531005696
DivN/A,divN/A,divN/A,divN/A,divN/A,divN/A,False,1878881429289062400
DivN/A,divN/A,divN/A,divN/A,divN/A,divN/A,False,1838588102698266880
DivN/A,divN/A,divN/A,divN/A,divN/A,divN/A,False,1746298723049644032
DivN/A,divN/A,divN/A,divN/A,divN/A,divN/A,False,1841462716348678400
DivN/A,divN/A,divN/A,divN/A,divN/A,divN/A,False,1838995168499806720
DivN/A,divN/A,divN/A,divN/A,divN/A,divN/A,False,1739337419827081216
DivN/A,divN/A,divN/A,divN/A,divN/A,divN/A,False,1779544515658838528
DivN/A,divN/A,divN/A,divN/A,divN/A,divN/A,False,1800603019211669504
DivN/A,divN/A,divN/A,divN/A,divN/A,divN/A,False,1875950677211640064
DivN/A,divN/A,divN/A,divN/A,divN/A,divN/A,False,1838203024726008064
DivN/A,divN/A,divN/A,divN/A,divN/A,divN/A,False,1840012191245750272
DivN/A,divN/A,divN/A,divN/A,divN/A,divN/A,False,1850233429159219200
DivN/A,divN/A,divN/A,divN/A,divN/A,divN/A,False,1774869117423497728
DivN/A,divN/A,divN/A,divN/A,divN/A,divN/A,False,1778176980413747456
DivN/A,divN/A,divN/A,divN/A,divN/A,divN/A,False,1848825379651264512
DivN/A,divN/A,divN/A,divN/A,divN/A,divN/A,False,1840289220440551680
DivN/A,divN/A,divN/A,divN/A,divN/A,divN/A,False,1840234889058365440
DivN/A,divN/A,divN/A,divN/A,divN/A,divN/A,False,1.842167864973e+18
DivN/A,divN/A,divN/A,divN/A,divN/A,divN/A,False,1843279994040287232
DivN/A,divN/A,divN/A,divN/A,divN/A,divN/A,False,1844029566425456640
DivN/A,divN/A,divN/A,divN/A,divN/A,divN/A,False,1850180747744989440
DivN/A,divN/A,divN/A,divN/A,divN/A,divN/A,False,1870347470041219072
DivN/A,divN/A,divN/A,divN/A,divN/A,divN/A,False,1871134530217894144
DivN/A,divN/A,divN/A,divN/A,divN/A,divN/A,False,1841297685938409984
DivN/A,divN/A,divN/A,divN/A,divN/A,divN/A,False,1755290360702734336
DivN/A,divN/A,divN/A,divN/A,divN/A,divN/A,False,1792337978313802240
DivN/A,divN/A,divN/A,divN/A,divN/A,divN/A,False,1870189548547822080
DivN/A,divN/A,divN/A,divN/A,divN/A,divN/A,False,1856800481995014400
DivN/A,divN/A,divN/A,divN/A,divN/A,divN/A,False,1858596172711293184
DivN/A,divN/A,divN/A,divN/A,divN/A,divN/A,False,1868795614491800064
DivN/A,divN/A,divN/A,divN/A,divN/A,divN/A,False,1.826013558897e+18
DivN/A,divN/A,divN/A,divN/A,divN/A,divN/A,False,1854647427338280960
DivN/A,divN/A,divN/A,divN/A,divN/A,divN/A,False,1829250931860615424
DivN/A,divN/A,divN/A,divN/A,divN/A,divN/A,False,1814118673776316928
DivN/A,divN/A,divN/A,divN/A,divN/A,divN/A,False,1829947330495500544
DivN/A,divN/A,divN/A,divN/A,divN/A,divN/A,False,1812642041391915520
DivN/A,divN/A,divN/A,divN/A,divN/A,divN/A,False,1714638732500795392
DivN/A,divN/A,divN/A,divN/A,divN/A,divN/A,False,1813226893669249024
DivN/A,divN/A,divN/A,divN/A,divN/A,divN/A,False,1878079418909733376
DivN/A,divN/A,divN/A,divN/A,divN/A,divN/A,False,1.837943684463e+18
DivN/A,divN/A,divN/A,divN/A,divN/A,divN/A,False,1839903935722627584
DivN/A,divN/A,divN/A,divN/A,divN/A,divN/A,False,1837596889992319488
DivN/A,divN/A,divN/A,divN/A,divN/A,divN/A,False,1751058807256678656
DivN/A,divN/A,divN/A,divN/A,divN/A,divN/A,False,1880686861972292096
DivN/A,divN/A,divN/A,divN/A,divN/A,divN/A,False,1769732505135972864
DivN/A,divN/A,divN/A,divN/A,divN/A,divN/A,False,1875973720671691264
DivN/A,divN/A,divN/A,divN/A,divN/A,divN/A,False,1856937215483396608
DivN/A,divN/A,divN/A,divN/A,divN/A,divN/A,False,1845209424673067520
DivN/A,divN/A,divN/A,divN/A,divN/A,divN/A,False,1831071689133953280
DivN/A,divN/A,divN/A,divN/A,divN/A,divN/A,False,1781098833700655104
DivN/A,divN/A,divN/A,divN/A,divN/A,divN/A,False,1759609513106166016
DivN/A,divN/A,divN/A,divN/A,divN/A,divN/A,False,1732592462001307904
DivN/A,divN/A,divN/A,divN/A,divN/A,divN/A,False,1848696014493876480
DivN/A,divN/A,divN/A,divN/A,divN/A,divN/A,False,1872407593152344064
DivN/A,divN/A,divN/A,divN/A,divN/A,divN/A,False,1868463428165406720
DivN/A,divN/A,divN/A,divN/A,divN/A,divN/A,False,1815754050509434880
DivN/A,divN/A,divN/A,divN/A,divN/A,divN/A,False,1816464860395257856
DivN/A,divN/A,divN/A,divN/A,divN/A,divN/A,False,1780251087485776384
DivN/A,divN/A,divN/A,divN/A,divN/A,divN/A,False,1838173825801809920
DivN/A,divN/A,divN/A,divN/A,divN/A,divN/A,False,1807877107449475584
DivN/A,divN/A,divN/A,divN/A,divN/A,divN/A,False,1719154067170013440
DivN/A,divN/A,divN/A,divN/A,divN/A,divN/A,False,1870612690672201984
DivN/A,divN/A,divN/A,divN/A,divN/A,divN/A,False,1863412036744482816
DivN/A,divN/A,divN/A,divN/A,divN/A,divN/A,False,1732471238734258176
DivN/A,divN/A,divN/A,divN/A,divN/A,divN/A,False,1738630648032596224
DivN/A,divN/A,divN/A,divN/A,divN/A,divN/A,False,1823869728651190272
DivN/A,divN/A,divN/A,divN/A,divN/A,divN/A,False,1824227075605086720
DivN/A,divN/A,divN/A,divN/A,divN/A,divN/A,False,1857230946904232448
DivN/A,divN/A,divN/A,divN/A,divN/A,divN/A,False,1828297283923816960
DivN/A,divN/A,divN/A,divN/A,divN/A,divN/A,False,1844858822567014656
DivN/A,divN/A,divN/A,divN/A,divN/A,divN/A,False,1827459367920185856
DivN/A,divN/A,divN/A,divN/A,divN/A,divN/A,False,1799161866624643584
DivN/A,divN/A,divN/A,divN/A,divN/A,divN/A,False,1745203395336532224
DivN/A,divN/A,divN/A,divN/A,divN/A,divN/A,False,1798000535804461056
DivN/A,divN/A,divN/A,divN/A,divN/A,divN/A,False,1801735214923653632
DivN/A,divN/A,divN/A,divN/A,divN/A,divN/A,False,1743056556327850496
DivN/A,divN/A,divN/A,divN/A,divN/A,divN/A,False,1833120671188316416
DivN/A,divN/A,divN/A,divN/A,divN/A,divN/A,False,1737838264881729536
DivN/A,divN/A,divN/A,divN/A,divN/A,divN/A,False,1785431277459341312
DivN/A,divN/A,divN/A,divN/A,divN/A,divN/A,False,1879576177633120256
DivN/A,divN/A,divN/A,divN/A,divN/A,divN/A,False,1749714843580404224
DivN/A,divN/A,divN/A,divN/A,divN/A,divN/A,False,1797747718384955392
DivN/A,divN/A,divN/A,divN/A,divN/A,divN/A,False,1824302313843965952
DivN/A,divN/A,divN/A,divN/A,divN/A,divN/A,False,1828618671675363840
DivN/A,divN/A,divN/A,divN/A,divN/A,divN/A,False,1858545709047259648
DivN/A,divN/A,divN/A,divN/A,divN/A,divN/A,False,1803806214679056384
DivN/A,divN/A,divN/A,divN/A,divN/A,divN/A,False,1873387858721223168
DivN/A,divN/A,divN/A,divN/A,divN/A,divN/A,False,1753805622120685824
DivN/A,divN/A,divN/A,divN/A,divN/A,divN/A,False,1818349589801443584
DivN/A,divN/A,divN/A,divN/A,divN/A,divN/A,False,1848886246749184000
DivN/A,divN/A,divN/A,divN/A,divN/A,divN/A,False,1856160425638871040
DivN/A,divN/A,divN/A,divN/A,divN/A,divN/A,False,1831108444021314048
DivN/A,divN/A,divN/A,divN/A,divN/A,divN/A,False,1834212840376345088
DivN/A,divN/A,divN/A,divN/A,divN/A,divN/A,False,1816188767809704448
DivN/A,divN/A,divN/A,divN/A,divN/A,divN/A,False,1728365758273523712
DivN/A,divN/A,divN/A,divN/A,divN/A,divN/A,False,1871714059604894208
DivN/A,divN/A,divN/A,divN/A,divN/A,divN/A,False,1858552385267769856
DivN/A,divN/A,divN/A,divN/A,divN/A,divN/A,False,1781616292107350528
DivN/A,divN/A,divN/A,divN/A,divN/A,divN/A,False,1760812355204592128
DivN/A,divN/A,divN/A,divN/A,divN/A,divN/A,False,1850978243647614976
DivN/A,divN/A,divN/A,divN/A,divN/A,divN/A,False,1852599665096568832
DivN/A,divN/A,divN/A,divN/A,divN/A,divN/A,False,1799821662952865792
DivN/A,divN/A,divN/A,divN/A,divN/A,divN/A,False,1815690167241543936
DivN/A,divN/A,divN/A,divN/A,divN/A,divN/A,False,1879776597332443648
DivN/A,divN/A,divN/A,divN/A,divN/A,divN/A,False,1864849462822343168
DivN/A,divN/A,divN/A,divN/A,divN/A,divN/A,False,1881077424731136256
DivN/A,divN/A,divN/A,divN/A,divN/A,divN/A,False,1761496811540238336
DivN/A,divN/A,divN/A,divN/A,divN/A,divN/A,False,1848825799299707136
DivN/A,divN/A,divN/A,divN/A,divN/A,divN/A,False,1734622597092945920
DivN/A,divN/A,divN/A,divN/A,divN/A,divN/A,False,1788534115819499520
DivN/A,divN/A,divN/A,divN/A,divN/A,divN/A,False,1851636282369220864
DivN/A,divN/A,divN/A,divN/A,divN/A,divN/A,False,1867350261129253120
DivN/A,divN/A,divN/A,divN/A,divN/A,divN/A,False,1879034684270899712
DivN/A,divN/A,divN/A,divN/A,divN/A,divN/A,False,1879591031999734272
DivN/A,divN/A,divN/A,divN/A,divN/A,divN/A,False,1834174568304668672
DivN/A,divN/A,divN/A,divN/A,divN/A,divN/A,False,1851273917907771904
DivN/A,divN/A,divN/A,divN/A,divN/A,divN/A,False,1836087238146560000
DivN/A,divN/A,divN/A,divN/A,divN/A,divN/A,False,1799153187909243136
DivN/A,divN/A,divN/A,divN/A,divN/A,divN/A,False,1834754983268392960
DivN/A,divN/A,divN/A,divN/A,divN/A,divN/A,False,1794835072895566080
DivN/A,divN/A,divN/A,divN/A,divN/A,divN/A,False,1846975328805179904
DivN/A,divN/A,divN/A,divN/A,divN/A,divN/A,False,1742709226181460224
DivN/A,divN/A,divN/A,divN/A,divN/A,divN/A,False,1767215984463458816
DivN/A,divN/A,divN/A,divN/A,divN/A,divN/A,False,1766773240318312704
DivN/A,divN/A,divN/A,divN/A,divN/A,divN/A,False,1860550479631253760
DivN/A,divN/A,divN/A,divN/A,divN/A,divN/A,False,1801986445848056064
DivN/A,divN/A,divN/A,divN/A,divN/A,divN/A,False,1688703592197222400
DivN/A,divN/A,divN/A,divN/A,divN/A,divN/A,False,1855596449230376960
DivN/A,divN/A,divN/A,divN/A,divN/A,divN/A,False,1788195680143441920
DivN/A,divN/A,divN/A,divN/A,divN/A,divN/A,False,1789428776499061248
DivN/A,divN/A,divN/A,divN/A,divN/A,divN/A,False,1872696471880970752
DivN/A,divN/A,divN/A,divN/A,divN/A,divN/A,False,1825231275965264384
DivN/A,divN/A,divN/A,divN/A,divN/A,divN/A,False,1756713597864988672
DivN/A,divN/A,divN/A,divN/A,divN/A,divN/A,False,1850836160475463936
DivN/A,divN/A,divN/A,divN/A,divN/A,divN/A,False,1850336848536596736
DivN/A,divN/A,divN/A,divN/A,divN/A,divN/A,False,1813683968799064320
DivN/A,divN/A,divN/A,divN/A,divN/A,divN/A,False,1756893097290859008
DivN/A,divN/A,divN/A,divN/A,divN/A,divN/A,False,1760770630528762368
DivN/A,divN/A,divN/A,divN/A,divN/A,divN/A,False,1768012414014861824
DivN/A,divN/A,divN/A,divN/A,divN/A,divN/A,False,1797090692793295360
DivN/A,divN/A,divN/A,divN/A,divN/A,divN/A,False,1799663364081398016
DivN/A,divN/A,divN/A,divN/A,divN/A,divN/A,False,1810382874119459328
DivN/A,divN/A,divN/A,divN/A,divN/A,divN/A,False,1858768446734909696
DivN/A,divN/A,divN/A,divN/A,divN/A,divN/A,False,1866694073119080704
DivN/A,divN/A,divN/A,divN/A,divN/A,divN/A,False,1757201436016824320
DivN/A,divN/A,divN/A,divN/A,divN/A,divN/A,False,1729222867890651648
DivN/A,divN/A,divN/A,divN/A,divN/A,divN/A,False,1830390502836855040
DivN/A,divN/A,divN/A,divN/A,divN/A,divN/A,False,1817711922138976256
DivN/A,divN/A,divN/A,divN/A,divN/A,divN/A,False,1881542988024947200
DivN/A,divN/A,divN/A,divN/A,divN/A,divN/A,False,1843991931530993664
DivN/A,divN/A,divN/A,divN/A,divN/A,divN/A,False,1743022325019115776
DivN/A,divN/A,divN/A,divN/A,divN/A,divN/A,False,1776475718383534080
DivN/A,divN/A,divN/A,divN/A,divN/A,divN/A,False,1840640583972327936
DivN/A,divN/A,divN/A,divN/A,divN/A,divN/A,False,1814047452212740608
DivN/A,divN/A,divN/A,divN/A,divN/A,divN/A,False,1812250983109423616
DivN/A,divN/A,divN/A,divN/A,divN/A,divN/A,False,1806393640346178048
DivN/A,divN/A,divN/A,divN/A,divN/A,divN/A,False,1838764973520228352
DivN/A,divN/A,divN/A,divN/A,divN/A,divN/A,False,1860472834566373376
DivN/A,divN/A,divN/A,divN/A,divN/A,divN/A,False,1779375974804599040
DivN/A,divN/A,divN/A,divN/A,divN/A,divN/A,False,1847474106775560192
DivN/A,divN/A,divN/A,divN/A,divN/A,divN/A,False,1834083201314181120
DivN/A,divN/A,divN/A,divN/A,divN/A,divN/A,False,1823417320079045120
DivN/A,divN/A,divN/A,divN/A,divN/A,divN/A,False,1831019233683349504
DivN/A,divN/A,divN/A,divN/A,divN/A,divN/A,False,1774203846023053312
DivN/A,divN/A,divN/A,divN/A,divN/A,divN/A,False,1805379628955046144
DivN/A,divN/A,divN/A,divN/A,divN/A,divN/A,False,1820918063966962176
DivN/A,divN/A,divN/A,divN/A,divN/A,divN/A,False,1823792433756307968
DivN/A,divN/A,divN/A,divN/A,divN/A,divN/A,False,1845168590846145024
DivN/A,divN/A,divN/A,divN/A,divN/A,divN/A,False,1854983508823097344
DivN/A,divN/A,divN/A,divN/A,divN/A,divN/A,False,1823892222082732544
DivN/A,divN/A,divN/A,divN/A,divN/A,divN/A,False,1732848370102731264
DivN/A,divN/A,divN/A,divN/A,divN/A,divN/A,False,1833684628126973952
DivN/A,divN/A,divN/A,divN/A,divN/A,divN/A,False,1867191997871841280
DivN/A,divN/A,divN/A,divN/A,divN/A,divN/A,False,1870646816955654144
DivN/A,divN/A,divN/A,divN/A,divN/A,divN/A,False,1846925899276366080
DivN/A,divN/A,divN/A,divN/A,divN/A,divN/A,False,1823868412344590336
DivN/A,divN/A,divN/A,divN/A,divN/A,divN/A,False,1834584115825226240
DivN/A,divN/A,divN/A,divN/A,divN/A,divN/A,False,1841981100849299968
DivN/A,divN/A,divN/A,divN/A,divN/A,divN/A,False,1803844768394547456
DivN/A,divN/A,divN/A,divN/A,divN/A,divN/A,False,1791811495241588736
DivN/A,divN/A,divN/A,divN/A,divN/A,divN/A,False,1876238433125069056
DivN/A,divN/A,divN/A,divN/A,divN/A,divN/A,False,1877650821371867648
DivN/A,divN/A,divN/A,divN/A,divN/A,divN/A,False,1803053206693355776
DivN/A,divN/A,divN/A,divN/A,divN/A,divN/A,False,1763878432356647424
DivN/A,divN/A,divN/A,divN/A,divN/A,divN/A,False,1853796992247357696
DivN/A,divN/A,divN/A,divN/A,divN/A,divN/A,False,1863207530681323776
DivN/A,divN/A,divN/A,divN/A,divN/A,divN/A,False,1873270240215535616
DivN/A,divN/A,divN/A,divN/A,divN/A,divN/A,False,1778138440128741888
DivN/A,divN/A,divN/A,divN/A,divN/A,divN/A,False,1851014963030036480
DivN/A,divN/A,divN/A,divN/A,divN/A,divN/A,False,1733901945415577856
DivN/A,divN/A,divN/A,divN/A,divN/A,divN/A,False,1844391075382952448
DivN/A,divN/A,divN/A,divN/A,divN/A,divN/A,False,1753014108633338368
DivN/A,divN/A,divN/A,divN/A,divN/A,divN/A,False,1813574328694264320
DivN/A,divN/A,divN/A,divN/A,divN/A,divN/A,False,1860683346172420096
DivN/A,divN/A,divN/A,divN/A,divN/A,divN/A,False,1802349016392319488
DivN/A,divN/A,divN/A,divN/A,divN/A,divN/A,False,1769493854061814016
DivN/A,divN/A,divN/A,divN/A,divN/A,divN/A,False,1771238247449899264
DivN/A,divN/A,divN/A,divN/A,divN/A,divN/A,False,1804637163834720256
DivN/A,divN/A,divN/A,divN/A,divN/A,divN/A,False,1867654463588122880
DivN/A,divN/A,divN/A,divN/A,divN/A,divN/A,False,1751034992376020992
DivN/A,divN/A,divN/A,divN/A,divN/A,divN/A,False,1751042410681864704
DivN/A,divN/A,divN/A,divN/A,divN/A,divN/A,False,1751091529668559360
DivN/A,divN/A,divN/A,divN/A,divN/A,divN/A,False,1754382187963506944
DivN/A,divN/A,divN/A,divN/A,divN/A,divN/A,False,1754548634614391040
DivN/A,divN/A,divN/A,divN/A,divN/A,divN/A,False,1840181053572689920
DivN/A,divN/A,divN/A,divN/A,divN/A,divN/A,False,1765047740327702784
DivN/A,divN/A,divN/A,divN/A,divN/A,divN/A,False,1813028309019860992
DivN/A,divN/A,divN/A,divN/A,divN/A,divN/A,False,1824447704937758720
DivN/A,divN/A,divN/A,divN/A,divN/A,divN/A,False,1841979450285601024
DivN/A,divN/A,divN/A,divN/A,divN/A,divN/A,False,1848168783057231872
DivN/A,divN/A,divN/A,divN/A,divN/A,divN/A,False,1744807016097288704
DivN/A,divN/A,divN/A,divN/A,divN/A,divN/A,False,1882348212377514240
DivN/A,divN/A,divN/A,divN/A,divN/A,divN/A,False,1787162441417179136
DivN/A,divN/A,divN/A,divN/A,divN/A,divN/A,False,1880235247599550976
DivN/A,divN/A,divN/A,divN/A,divN/A,divN/A,False,1881139706957820160
DivN/A,divN/A,divN/A,divN/A,divN/A,divN/A,False,1734114264829583616
DivN/A,divN/A,divN/A,divN/A,divN/A,divN/A,False,1783095639984816384
DivN/A,divN/A,divN/A,divN/A,divN/A,divN/A,False,1693827990554324992
DivN/A,divN/A,divN/A,divN/A,divN/A,divN/A,False,1736186200002580480
DivN/A,divN/A,divN/A,divN/A,divN/A,divN/A,False,1853420444818255872
DivN/A,divN/A,divN/A,divN/A,divN/A,divN/A,False,1820713726494015488
DivN/A,divN/A,divN/A,divN/A,divN/A,divN/A,False,1835997285425057792
DivN/A,divN/A,divN/A,divN/A,divN/A,divN/A,False,1835417256773206528
DivN/A,divN/A,divN/A,divN/A,divN/A,divN/A,False,1690353139004674048
DivN/A,divN/A,divN/A,divN/A,divN/A,divN/A,False,1712072875753013504
DivN/A,divN/A,divN/A,divN/A,divN/A,divN/A,False,1704665052031172608
DivN/A,divN/A,divN/A,divN/A,divN/A,divN/A,False,1854467354475860224
DivN/A,divN/A,divN/A,divN/A,divN/A,divN/A,False,1836261826314801664
DivN/A,divN/A,divN/A,divN/A,divN/A,divN/A,False,1847902547341652224
DivN/A,divN/A,divN/A,divN/A,divN/A,divN/A,False,1795869601974108416
DivN/A,divN/A,divN/A,divN/A,divN/A,divN/A,False,1838277395142602752
DivN/A,divN/A,divN/A,divN/A,divN/A,divN/A,False,1822775010488201728
DivN/A,divN/A,divN/A,divN/A,divN/A,divN/A,False,1754899997860958464
DivN/A,divN/A,divN/A,divN/A,divN/A,divN/A,False,1853114814454722816
DivN/A,divN/A,divN/A,divN/A,divN/A,divN/A,False,1744057518253367296
DivN/A,divN/A,divN/A,divN/A,divN/A,divN/A,False,1790744723541414400
DivN/A,divN/A,divN/A,divN/A,divN/A,divN/A,False,1828527668213817344
DivN/A,divN/A,divN/A,divN/A,divN/A,divN/A,False,1882171902946672640
DivN/A,divN/A,divN/A,divN/A,divN/A,divN/A,False,1871320030769758464
DivN/A,divN/A,divN/A,divN/A,divN/A,divN/A,False,1.780642019272e+18
DivN/A,divN/A,divN/A,divN/A,divN/A,divN/A,False,1846152372466094080
DivN/A,divN/A,divN/A,divN/A,divN/A,divN/A,False,1804281771766185984
DivN/A,divN/A,divN/A,divN/A,divN/A,divN/A,False,1872818625343840768
DivN/A,divN/A,divN/A,divN/A,divN/A,divN/A,False,1752885796921622784
DivN/A,divN/A,divN/A,divN/A,divN/A,divN/A,False,1820502825308504576
DivN/A,divN/A,divN/A,divN/A,divN/A,divN/A,False,1872784295691227648
DivN/A,divN/A,divN/A,divN/A,divN/A,divN/A,False,1.711056201474e+18
DivN/A,divN/A,divN/A,divN/A,divN/A,divN/A,False,1861562612200116480
DivN/A,divN/A,divN/A,divN/A,divN/A,divN/A,False,1867706978459435264
DivN/A,divN/A,divN/A,divN/A,divN/A,divN/A,False,1855289035041706240
DivN/A,divN/A,divN/A,divN/A,divN/A,divN/A,False,1826680736734191616
DivN/A,divN/A,divN/A,divN/A,divN/A,divN/A,False,1835187364689232384
DivN/A,divN/A,divN/A,divN/A,divN/A,divN/A,False,1862633629425283584
DivN/A,divN/A,divN/A,divN/A,divN/A,divN/A,False,1820911282150580480
DivN/A,divN/A,divN/A,divN/A,divN/A,divN/A,False,1810183002800222720
DivN/A,divN/A,divN/A,divN/A,divN/A,divN/A,False,1865408376848662784
DivN/A,divN/A,divN/A,divN/A,divN/A,divN/A,False,1865417147364545024
DivN/A,divN/A,divN/A,divN/A,divN/A,divN/A,False,1818281389839814656
DivN/A,divN/A,divN/A,divN/A,divN/A,divN/A,False,1860308225230279168
DivN/A,divN/A,divN/A,divN/A,divN/A,divN/A,False,1881588245693382656
DivN/A,divN/A,divN/A,divN/A,divN/A,divN/A,False,1794990259714851328
DivN/A,divN/A,divN/A,divN/A,divN/A,divN/A,False,1758287597225582592
DivN/A,divN/A,divN/A,divN/A,divN/A,divN/A,False,1818503678510162176
DivN/A,divN/A,divN/A,divN/A,divN/A,divN/A,False,1852757200470421504
DivN/A,divN/A,divN/A,divN/A,divN/A,divN/A,False,1790385220983677184
DivN/A,divN/A,divN/A,divN/A,divN/A,divN/A,False,1832596488775503872
DivN/A,divN/A,divN/A,divN/A,divN/A,divN/A,False,1688022163574439936
DivN/A,divN/A,divN/A,divN/A,divN/A,divN/A,False,1695013353230663936
DivN/A,divN/A,divN/A,divN/A,divN/A,divN/A,False,1803339183118835712
DivN/A,divN/A,divN/A,divN/A,divN/A,divN/A,False,1832497856361721856
DivN/A,divN/A,divN/A,divN/A,divN/A,divN/A,False,1835312541964140800
DivN/A,divN/A,divN/A,divN/A,divN/A,divN/A,False,1693029888465252352
DivN/A,divN/A,divN/A,divN/A,divN/A,divN/A,False,1853326650865312256
DivN/A,divN/A,divN/A,divN/A,divN/A,divN/A,False,1868793827643035904
DivN/A,divN/A,divN/A,divN/A,divN/A,divN/A,False,1821741397978079744
DivN/A,divN/A,divN/A,divN/A,divN/A,divN/A,False,1859055933441081344
DivN/A,divN/A,divN/A,divN/A,divN/A,divN/A,False,1.876779424735e+18
DivN/A,divN/A,divN/A,divN/A,divN/A,divN/A,False,1835461463236137216
DivN/A,divN/A,divN/A,divN/A,divN/A,divN/A,False,1838281411205476864
DivN/A,divN/A,divN/A,divN/A,divN/A,divN/A,False,1874518977646571776
DivN/A,divN/A,divN/A,divN/A,divN/A,divN/A,False,1727746270700405248
DivN/A,divN/A,divN/A,divN/A,divN/A,divN/A,False,1697506591992336896
DivN/A,divN/A,divN/A,divN/A,divN/A,divN/A,False,1780538428158836736
DivN/A,divN/A,divN/A,divN/A,divN/A,divN/A,False,1764032892663906304
DivN/A,divN/A,divN/A,divN/A,divN/A,divN/A,False,1795917976572395520
DivN/A,divN/A,divN/A,divN/A,divN/A,divN/A,False,1685126643965186048
DivN/A,divN/A,divN/A,divN/A,divN/A,divN/A,False,1839076438395236352
"We’re fighting to make it happen, Lynn.
 
My budget calls for a billionaire minimum tax.
 
Because no billionaire should pay a lower tax rate than a firefighter or schoolteacher.",2.7M,5.8K,1.5K,7.6K,84,False,1637166993894719488
DivN/A,divN/A,divN/A,divN/A,divN/A,divN/A,False,1857076831104434176
DivN/A,divN/A,divN/A,divN/A,divN/A,divN/A,False,1748211611956056320
DivN/A,divN/A,divN/A,divN/A,divN/A,divN/A,False,1732163859610321408
DivN/A,divN/A,divN/A,divN/A,divN/A,divN/A,False,1816135503240208384
DivN/A,divN/A,divN/A,divN/A,divN/A,divN/A,False,1829987158427316480
DivN/A,divN/A,divN/A,divN/A,divN/A,divN/A,False,1831025665581146624
DivN/A,divN/A,divN/A,divN/A,divN/A,divN/A,False,1819385619451166976
DivN/A,divN/A,divN/A,divN/A,divN/A,divN/A,False,1806408548370493696
DivN/A,divN/A,divN/A,divN/A,divN/A,divN/A,False,1823244090948899328
DivN/A,divN/A,divN/A,divN/A,divN/A,divN/A,False,1813038566370648320
DivN/A,divN/A,divN/A,divN/A,divN/A,divN/A,False,1812260550476431616
DivN/A,divN/A,divN/A,divN/A,divN/A,divN/A,False,1877724600488042496
DivN/A,divN/A,divN/A,divN/A,divN/A,divN/A,False,1841289453890916864
DivN/A,divN/A,divN/A,divN/A,divN/A,divN/A,False,1857442799026675712
DivN/A,divN/A,divN/A,divN/A,divN/A,divN/A,False,1772399687573586432
DivN/A,divN/A,divN/A,divN/A,divN/A,divN/A,False,1846024447838375936
DivN/A,divN/A,divN/A,divN/A,divN/A,divN/A,False,1793497044860260352
DivN/A,divN/A,divN/A,divN/A,divN/A,divN/A,False,1801012855627526400
DivN/A,divN/A,divN/A,divN/A,divN/A,divN/A,False,1812512386164908544
DivN/A,divN/A,divN/A,divN/A,divN/A,divN/A,False,1819017846850306304
DivN/A,divN/A,divN/A,divN/A,divN/A,divN/A,False,1873728876230455296
DivN/A,divN/A,divN/A,divN/A,divN/A,divN/A,False,1869333805389234176
DivN/A,divN/A,divN/A,divN/A,divN/A,divN/A,False,1843657230786408704
DivN/A,divN/A,divN/A,divN/A,divN/A,divN/A,False,1878661950021959936
DivN/A,divN/A,divN/A,divN/A,divN/A,divN/A,False,1853334620349112320
DivN/A,divN/A,divN/A,divN/A,divN/A,divN/A,False,1812874506438140160
DivN/A,divN/A,divN/A,divN/A,divN/A,divN/A,False,1819807929442193664
DivN/A,divN/A,divN/A,divN/A,divN/A,divN/A,False,1879412707168076288
DivN/A,divN/A,divN/A,divN/A,divN/A,divN/A,False,1753547593232044544
DivN/A,divN/A,divN/A,divN/A,divN/A,divN/A,False,1804903480240316416
DivN/A,divN/A,divN/A,divN/A,divN/A,divN/A,False,1881372933710589952
DivN/A,divN/A,divN/A,divN/A,divN/A,divN/A,False,1759949016320643584
DivN/A,divN/A,divN/A,divN/A,divN/A,divN/A,False,1837959700245369344
DivN/A,divN/A,divN/A,divN/A,divN/A,divN/A,False,1869792804647645440
DivN/A,divN/A,divN/A,divN/A,divN/A,divN/A,False,1847019216865492992
DivN/A,divN/A,divN/A,divN/A,divN/A,divN/A,False,1761455702071988480
DivN/A,divN/A,divN/A,divN/A,divN/A,divN/A,False,1818363988595687936
DivN/A,divN/A,divN/A,divN/A,divN/A,divN/A,False,1841719837338341888
DivN/A,divN/A,divN/A,divN/A,divN/A,divN/A,False,1788369769877438464
DivN/A,divN/A,divN/A,divN/A,divN/A,divN/A,False,1705325563936747776
DivN/A,divN/A,divN/A,divN/A,divN/A,divN/A,False,1821584603934781696
DivN/A,divN/A,divN/A,divN/A,divN/A,divN/A,False,1845704732075033088
DivN/A,divN/A,divN/A,divN/A,divN/A,divN/A,False,1873345328281464832
DivN/A,divN/A,divN/A,divN/A,divN/A,divN/A,False,1873517822091125248
DivN/A,divN/A,divN/A,divN/A,divN/A,divN/A,False,1871956518213656576
DivN/A,divN/A,divN/A,divN/A,divN/A,divN/A,False,1791480027416060416
DivN/A,divN/A,divN/A,divN/A,divN/A,divN/A,False,1878902517959926016
DivN/A,divN/A,divN/A,divN/A,divN/A,divN/A,False,1857956282465988864
DivN/A,divN/A,divN/A,divN/A,divN/A,divN/A,False,1858165668484456704
DivN/A,divN/A,divN/A,divN/A,divN/A,divN/A,False,1881441657301897216
DivN/A,divN/A,divN/A,divN/A,divN/A,divN/A,False,1881431947706298624
DivN/A,divN/A,divN/A,divN/A,divN/A,divN/A,False,1881918784362975232
DivN/A,divN/A,divN/A,divN/A,divN/A,divN/A,False,1871235571961532928
DivN/A,divN/A,divN/A,divN/A,divN/A,divN/A,False,1854174857455337984
DivN/A,divN/A,divN/A,divN/A,divN/A,divN/A,False,1871282038244052992
DivN/A,divN/A,divN/A,divN/A,divN/A,divN/A,False,1838981010136174592
DivN/A,divN/A,divN/A,divN/A,divN/A,divN/A,False,1849523695775105280
DivN/A,divN/A,divN/A,divN/A,divN/A,divN/A,False,1794144102973669888
DivN/A,divN/A,divN/A,divN/A,divN/A,divN/A,False,1712204181069505024
DivN/A,divN/A,divN/A,divN/A,divN/A,divN/A,False,1776985748253593856
DivN/A,divN/A,divN/A,divN/A,divN/A,divN/A,False,1877945667298927104
DivN/A,divN/A,divN/A,divN/A,divN/A,divN/A,False,1831042786751295744
DivN/A,divN/A,divN/A,divN/A,divN/A,divN/A,False,1847814884794253824
DivN/A,divN/A,divN/A,divN/A,divN/A,divN/A,False,1812553975176056832
DivN/A,divN/A,divN/A,divN/A,divN/A,divN/A,False,1733965142205895168
DivN/A,divN/A,divN/A,divN/A,divN/A,divN/A,False,1741100200465182976
DivN/A,divN/A,divN/A,divN/A,divN/A,divN/A,False,1877762861096640512
DivN/A,divN/A,divN/A,divN/A,divN/A,divN/A,False,1841912635505234176
DivN/A,divN/A,divN/A,divN/A,divN/A,divN/A,False,1816933121884856576
DivN/A,divN/A,divN/A,divN/A,divN/A,divN/A,False,1874818440021868544
DivN/A,divN/A,divN/A,divN/A,divN/A,divN/A,False,1811076030506864640
DivN/A,divN/A,divN/A,divN/A,divN/A,divN/A,False,1834995711877771264
DivN/A,divN/A,divN/A,divN/A,divN/A,divN/A,False,1869955797863805184
DivN/A,divN/A,divN/A,divN/A,divN/A,divN/A,False,1864796893823537152
DivN/A,divN/A,divN/A,divN/A,divN/A,divN/A,False,1764299982289375232
DivN/A,divN/A,divN/A,divN/A,divN/A,divN/A,False,1732344340821815296
DivN/A,divN/A,divN/A,divN/A,divN/A,divN/A,False,1847359119600263424
DivN/A,divN/A,divN/A,divN/A,divN/A,divN/A,False,1714399005399011584
DivN/A,divN/A,divN/A,divN/A,divN/A,divN/A,False,1752455348106166784
DivN/A,divN/A,divN/A,divN/A,divN/A,divN/A,False,1880323860039680000
DivN/A,divN/A,divN/A,divN/A,divN/A,divN/A,False,1836782644811510016
The CEO of X does not have X on her home screen.,25.5M,725,1.2K,12K,361,False,1707641716499783936
DivN/A,divN/A,divN/A,divN/A,divN/A,divN/A,False,1848307315927130112
DivN/A,divN/A,divN/A,divN/A,divN/A,divN/A,False,1875193948211478784
DivN/A,divN/A,divN/A,divN/A,divN/A,divN/A,False,1878430306534891776
DivN/A,divN/A,divN/A,divN/A,divN/A,divN/A,False,1824502464990810112
DivN/A,divN/A,divN/A,divN/A,divN/A,divN/A,False,1743222143637475584
DivN/A,divN/A,divN/A,divN/A,divN/A,divN/A,False,1710632920950489344
DivN/A,divN/A,divN/A,divN/A,divN/A,divN/A,False,1802009189969018880
DivN/A,divN/A,divN/A,divN/A,divN/A,divN/A,False,1841416214444384768
DivN/A,divN/A,divN/A,divN/A,divN/A,divN/A,False,1873073878261760256
DivN/A,divN/A,divN/A,divN/A,divN/A,divN/A,False,1774090393245593856
DivN/A,divN/A,divN/A,divN/A,divN/A,divN/A,False,1868674741453660416
DivN/A,divN/A,divN/A,divN/A,divN/A,divN/A,False,1809192756784603648
DivN/A,divN/A,divN/A,divN/A,divN/A,divN/A,False,1835432636686483968
DivN/A,divN/A,divN/A,divN/A,divN/A,divN/A,False,1767721371323224320
DivN/A,divN/A,divN/A,divN/A,divN/A,divN/A,False,1782089988462555136
DivN/A,divN/A,divN/A,divN/A,divN/A,divN/A,False,1733959871114949120
DivN/A,divN/A,divN/A,divN/A,divN/A,divN/A,False,1754459182412222464
DivN/A,divN/A,divN/A,divN/A,divN/A,divN/A,False,1722607762105073920
DivN/A,divN/A,divN/A,divN/A,divN/A,divN/A,False,1837129533947867648
DivN/A,divN/A,divN/A,divN/A,divN/A,divN/A,False,1831984752359813376
DivN/A,divN/A,divN/A,divN/A,divN/A,divN/A,False,1879925824242974976
DivN/A,divN/A,divN/A,divN/A,divN/A,divN/A,False,1794175493119644160
DivN/A,divN/A,divN/A,divN/A,divN/A,divN/A,False,1812297292822773760
DivN/A,divN/A,divN/A,divN/A,divN/A,divN/A,False,1826643882467012864
DivN/A,divN/A,divN/A,divN/A,divN/A,divN/A,False,1828189214757835264
DivN/A,divN/A,divN/A,divN/A,divN/A,divN/A,False,1871107342932344832
DivN/A,divN/A,divN/A,divN/A,divN/A,divN/A,False,1868780360206852096
DivN/A,divN/A,divN/A,divN/A,divN/A,divN/A,False,1846409895169462272
DivN/A,divN/A,divN/A,divN/A,divN/A,divN/A,False,1763935429684814080
DivN/A,divN/A,divN/A,divN/A,divN/A,divN/A,False,1765382726301913344
DivN/A,divN/A,divN/A,divN/A,divN/A,divN/A,False,1774869779641422336
DivN/A,divN/A,divN/A,divN/A,divN/A,divN/A,False,1847609211057823744
DivN/A,divN/A,divN/A,divN/A,divN/A,divN/A,False,1820826492747543040
DivN/A,divN/A,divN/A,divN/A,divN/A,divN/A,False,1835323992359784960
DivN/A,divN/A,divN/A,divN/A,divN/A,divN/A,False,1.774806125143e+18
"New York City now has the worst air quality of any city on Earth. 

If exposed to the current air quality in NYC for 24 hours, it would be equivalent to smoking about 6 cigarettes.",50M,4.6K,34K,182K,7K,False,1666238597031395328
DivN/A,divN/A,divN/A,divN/A,divN/A,divN/A,False,1867618980258885632
DivN/A,divN/A,divN/A,divN/A,divN/A,divN/A,False,1804523482266439936
DivN/A,divN/A,divN/A,divN/A,divN/A,divN/A,False,1817999713641062656
DivN/A,divN/A,divN/A,divN/A,divN/A,divN/A,False,1827645061451895040
DivN/A,divN/A,divN/A,divN/A,divN/A,divN/A,False,1844143654295961856
Call me cis to my face and see what happens,20.3M,15K,8.5K,21K,674,False,1673907401005715456
DivN/A,divN/A,divN/A,divN/A,divN/A,divN/A,False,1838504550510006784
DivN/A,divN/A,divN/A,divN/A,divN/A,divN/A,False,1819127146604122112
DivN/A,divN/A,divN/A,divN/A,divN/A,divN/A,False,1857738733828645376
DivN/A,divN/A,divN/A,divN/A,divN/A,divN/A,False,1791929612802433280
DivN/A,divN/A,divN/A,divN/A,divN/A,divN/A,False,1777094083275579904
DivN/A,divN/A,divN/A,divN/A,divN/A,divN/A,False,1834641855306145792
DivN/A,divN/A,divN/A,divN/A,divN/A,divN/A,False,1850645122171523072
DivN/A,divN/A,divN/A,divN/A,divN/A,divN/A,False,1815315462713909248
DivN/A,divN/A,divN/A,divN/A,divN/A,divN/A,False,1762456719387746560
DivN/A,divN/A,divN/A,divN/A,divN/A,divN/A,False,1849239846713545216
DivN/A,divN/A,divN/A,divN/A,divN/A,divN/A,False,1696026703041315328
DivN/A,divN/A,divN/A,divN/A,divN/A,divN/A,False,1824513527450910720
DivN/A,divN/A,divN/A,divN/A,divN/A,divN/A,False,1853619010526720256
DivN/A,divN/A,divN/A,divN/A,divN/A,divN/A,False,1810097649401430016
DivN/A,divN/A,divN/A,divN/A,divN/A,divN/A,False,1833660568580034560
DivN/A,divN/A,divN/A,divN/A,divN/A,divN/A,False,1797753709927313664
DivN/A,divN/A,divN/A,divN/A,divN/A,divN/A,False,1881526976844009472
DivN/A,divN/A,divN/A,divN/A,divN/A,divN/A,False,1881422743704617216
DivN/A,divN/A,divN/A,divN/A,divN/A,divN/A,False,1764007636197101824
DivN/A,divN/A,divN/A,divN/A,divN/A,divN/A,False,1674447137877397504
DivN/A,divN/A,divN/A,divN/A,divN/A,divN/A,False,1869199004371980544
DivN/A,divN/A,divN/A,divN/A,divN/A,divN/A,False,1834978225912791296
DivN/A,divN/A,divN/A,divN/A,divN/A,divN/A,False,1864387413054750720
DivN/A,divN/A,divN/A,divN/A,divN/A,divN/A,False,1759856719927144704
DivN/A,divN/A,divN/A,divN/A,divN/A,divN/A,False,1835743619971535104
DivN/A,divN/A,divN/A,divN/A,divN/A,divN/A,False,1835748826310983680
DivN/A,divN/A,divN/A,divN/A,divN/A,divN/A,False,1743372212415926272
DivN/A,divN/A,divN/A,divN/A,divN/A,divN/A,False,1807114835013849600
DivN/A,divN/A,divN/A,divN/A,divN/A,divN/A,False,1847962557446803968
Our HQ in San Francisco tonight,50.6M,33K,42K,350K,2.4K,False,1685211486669484032
DivN/A,divN/A,divN/A,divN/A,divN/A,divN/A,False,1878974410218201600
DivN/A,divN/A,divN/A,divN/A,divN/A,divN/A,False,1744569722983632896
DivN/A,divN/A,divN/A,divN/A,divN/A,divN/A,False,1817197228659765504
DivN/A,divN/A,divN/A,divN/A,divN/A,divN/A,False,1871945403702424064
DivN/A,divN/A,divN/A,divN/A,divN/A,divN/A,False,1814825074274271744
DivN/A,divN/A,divN/A,divN/A,divN/A,divN/A,False,1.842374094941e+18
DivN/A,divN/A,divN/A,divN/A,divN/A,divN/A,False,1817235892916146688
DivN/A,divN/A,divN/A,divN/A,divN/A,divN/A,False,1778714673166102784
DivN/A,divN/A,divN/A,divN/A,divN/A,divN/A,False,1758936273153085952
DivN/A,divN/A,divN/A,divN/A,divN/A,divN/A,False,1758559437420122624
DivN/A,divN/A,divN/A,divN/A,divN/A,divN/A,False,1879571868228911104
DivN/A,divN/A,divN/A,divN/A,divN/A,divN/A,False,1879324409741419008
DivN/A,divN/A,divN/A,divN/A,divN/A,divN/A,False,1824575671550742784
DivN/A,divN/A,divN/A,divN/A,divN/A,divN/A,False,1793996165765034496
DivN/A,divN/A,divN/A,divN/A,divN/A,divN/A,False,1841175859618857216
DivN/A,divN/A,divN/A,divN/A,divN/A,divN/A,False,1873930083817447680
DivN/A,divN/A,divN/A,divN/A,divN/A,divN/A,False,1863628121083191296
DivN/A,divN/A,divN/A,divN/A,divN/A,divN/A,False,1866420363950957056
DivN/A,divN/A,divN/A,divN/A,divN/A,divN/A,False,1877057008685207552
DivN/A,divN/A,divN/A,divN/A,divN/A,divN/A,False,1877213896739627264
DivN/A,divN/A,divN/A,divN/A,divN/A,divN/A,False,1853461983883841536
DivN/A,divN/A,divN/A,divN/A,divN/A,divN/A,False,1745616461002125824
DivN/A,divN/A,divN/A,divN/A,divN/A,divN/A,False,1820524267215208960
DivN/A,divN/A,divN/A,divN/A,divN/A,divN/A,False,1744217382229278976
DivN/A,divN/A,divN/A,divN/A,divN/A,divN/A,False,1871478208782270720
DivN/A,divN/A,divN/A,divN/A,divN/A,divN/A,False,1875967267017806336
DivN/A,divN/A,divN/A,divN/A,divN/A,divN/A,False,1790915326944641280
DivN/A,divN/A,divN/A,divN/A,divN/A,divN/A,False,1817090212951945728
DivN/A,divN/A,divN/A,divN/A,divN/A,divN/A,False,1.823113110456e+18
DivN/A,divN/A,divN/A,divN/A,divN/A,divN/A,False,1836101995444236544
DivN/A,divN/A,divN/A,divN/A,divN/A,divN/A,False,1.742312650804e+18
DivN/A,divN/A,divN/A,divN/A,divN/A,divN/A,False,1680423042873278464
DivN/A,divN/A,divN/A,divN/A,divN/A,divN/A,False,1770788878900679168
DivN/A,divN/A,divN/A,divN/A,divN/A,divN/A,False,1847048704370283008
DivN/A,divN/A,divN/A,divN/A,divN/A,divN/A,False,1848085646075724288
DivN/A,divN/A,divN/A,divN/A,divN/A,divN/A,False,1802901572357075200
DivN/A,divN/A,divN/A,divN/A,divN/A,divN/A,False,1848351935822533120
DivN/A,divN/A,divN/A,divN/A,divN/A,divN/A,False,1776301727202918656
DivN/A,divN/A,divN/A,divN/A,divN/A,divN/A,False,1692267994490060800
DivN/A,divN/A,divN/A,divN/A,divN/A,divN/A,False,1881394444332859392
DivN/A,divN/A,divN/A,divN/A,divN/A,divN/A,False,1859955614946086912
DivN/A,divN/A,divN/A,divN/A,divN/A,divN/A,False,1876547152337330688
"Shocking video shows South Africa’s black party singing “kill the Boer (Whites), kill the White farmer”

This is all downstream from the rotten secular religion of wokeness and CRT plaguing America today.

You have been warned.

WATCH.",21.1M,6.9K,16K,36K,4.3K,False,1686025436667518976
DivN/A,divN/A,divN/A,divN/A,divN/A,divN/A,False,1772532047786950656
DivN/A,divN/A,divN/A,divN/A,divN/A,divN/A,False,1734696706795778304
DivN/A,divN/A,divN/A,divN/A,divN/A,divN/A,False,1734961547078746624
DivN/A,divN/A,divN/A,divN/A,divN/A,divN/A,False,1754558078010175744
DivN/A,divN/A,divN/A,divN/A,divN/A,divN/A,False,1827460234887008256
DivN/A,divN/A,divN/A,divN/A,divN/A,divN/A,False,1879956005922193664
DivN/A,divN/A,divN/A,divN/A,divN/A,divN/A,False,1852331823428248064
DivN/A,divN/A,divN/A,divN/A,divN/A,divN/A,False,1864751371473277184
DivN/A,divN/A,divN/A,divN/A,divN/A,divN/A,False,1810377638269038592
DivN/A,divN/A,divN/A,divN/A,divN/A,divN/A,False,1810735701308195328
DivN/A,divN/A,divN/A,divN/A,divN/A,divN/A,False,1850759414812381440
DivN/A,divN/A,divN/A,divN/A,divN/A,divN/A,False,1810711659423428864
DivN/A,divN/A,divN/A,divN/A,divN/A,divN/A,False,1734921403831288064
DivN/A,divN/A,divN/A,divN/A,divN/A,divN/A,False,1830304617181130752
DivN/A,divN/A,divN/A,divN/A,divN/A,divN/A,False,1838345568780943360
DivN/A,divN/A,divN/A,divN/A,divN/A,divN/A,False,1875709909880406528
DivN/A,divN/A,divN/A,divN/A,divN/A,divN/A,False,1834712660652265984
DivN/A,divN/A,divN/A,divN/A,divN/A,divN/A,False,1765686762582536192
DivN/A,divN/A,divN/A,divN/A,divN/A,divN/A,False,1778026808861933824
DivN/A,divN/A,divN/A,divN/A,divN/A,divN/A,False,1844840205486043136
DivN/A,divN/A,divN/A,divN/A,divN/A,divN/A,False,1827259327490805760
DivN/A,divN/A,divN/A,divN/A,divN/A,divN/A,False,1852851682452840960
DivN/A,divN/A,divN/A,divN/A,divN/A,divN/A,False,1836376571931955456
DivN/A,divN/A,divN/A,divN/A,divN/A,divN/A,False,1867845517079982080
DivN/A,divN/A,divN/A,divN/A,divN/A,divN/A,False,1835511666315813120
DivN/A,divN/A,divN/A,divN/A,divN/A,divN/A,False,1848856427038953984
DivN/A,divN/A,divN/A,divN/A,divN/A,divN/A,False,1850055199219384832
DivN/A,divN/A,divN/A,divN/A,divN/A,divN/A,False,1843572553924898816
DivN/A,divN/A,divN/A,divN/A,divN/A,divN/A,False,1851301367715151872
DivN/A,divN/A,divN/A,divN/A,divN/A,divN/A,False,1684129692851339264
DivN/A,divN/A,divN/A,divN/A,divN/A,divN/A,False,1854155681202319616
DivN/A,divN/A,divN/A,divN/A,divN/A,divN/A,False,1874918326872252928
DivN/A,divN/A,divN/A,divN/A,divN/A,divN/A,False,1803732426335699200
DivN/A,divN/A,divN/A,divN/A,divN/A,divN/A,False,1857540643192492032
DivN/A,divN/A,divN/A,divN/A,divN/A,divN/A,False,1817235506687783424
DivN/A,divN/A,divN/A,divN/A,divN/A,divN/A,False,1852316984240726016
"Elon Musk came to the US with no money & graduated with over $100k in debt, despite scholarships & working 2 jobs while at school.",71.9M,3.4K,4.4K,18K,908,False,1654644652593512448
DivN/A,divN/A,divN/A,divN/A,divN/A,divN/A,False,1779688039964430848
DivN/A,divN/A,divN/A,divN/A,divN/A,divN/A,False,1795829805193310208
DivN/A,divN/A,divN/A,divN/A,divN/A,divN/A,False,1741798928176021760
DivN/A,divN/A,divN/A,divN/A,divN/A,divN/A,False,1807024727283675136
DivN/A,divN/A,divN/A,divN/A,divN/A,divN/A,False,1846210429984326144
DivN/A,divN/A,divN/A,divN/A,divN/A,divN/A,False,1849168561677189120
DivN/A,divN/A,divN/A,divN/A,divN/A,divN/A,False,1849536107853025280
DivN/A,divN/A,divN/A,divN/A,divN/A,divN/A,False,1870463980038472192
DivN/A,divN/A,divN/A,divN/A,divN/A,divN/A,False,1874905023488135424
DivN/A,divN/A,divN/A,divN/A,divN/A,divN/A,False,1711890868297232896
DivN/A,divN/A,divN/A,divN/A,divN/A,divN/A,False,1861101657641136384
DivN/A,divN/A,divN/A,divN/A,divN/A,divN/A,False,1771496347411128320
DivN/A,divN/A,divN/A,divN/A,divN/A,divN/A,False,1729978868683985408
DivN/A,divN/A,divN/A,divN/A,divN/A,divN/A,False,1837472679906947072
DivN/A,divN/A,divN/A,divN/A,divN/A,divN/A,False,1869328895620870400
DivN/A,divN/A,divN/A,divN/A,divN/A,divN/A,False,1877754512888172544
DivN/A,divN/A,divN/A,divN/A,divN/A,divN/A,False,1870932469266190336
DivN/A,divN/A,divN/A,divN/A,divN/A,divN/A,False,1822498663043641600
DivN/A,divN/A,divN/A,divN/A,divN/A,divN/A,False,1845439369093529856
DivN/A,divN/A,divN/A,divN/A,divN/A,divN/A,False,1872691448166199808
DivN/A,divN/A,divN/A,divN/A,divN/A,divN/A,False,1852321296715072000
DivN/A,divN/A,divN/A,divN/A,divN/A,divN/A,False,1724313748549087744
DivN/A,divN/A,divN/A,divN/A,divN/A,divN/A,False,1732775764980797952
DivN/A,divN/A,divN/A,divN/A,divN/A,divN/A,False,1860482864405500160
DivN/A,divN/A,divN/A,divN/A,divN/A,divN/A,False,1797956271804502016
DivN/A,divN/A,divN/A,divN/A,divN/A,divN/A,False,1854608124184760320
DivN/A,divN/A,divN/A,divN/A,divN/A,divN/A,False,1791014904771514880
DivN/A,divN/A,divN/A,divN/A,divN/A,divN/A,False,1843892434054590720
DivN/A,divN/A,divN/A,divN/A,divN/A,divN/A,False,1846423673151861248
DivN/A,divN/A,divN/A,divN/A,divN/A,divN/A,False,1849101874701484544
DivN/A,divN/A,divN/A,divN/A,divN/A,divN/A,False,1862133170784645376
"Keir Starmer’s Labour are dropping voter ID laws (meaning your parcel at the Post Office is more secure than your vote), giving millions of foreigners the right to vote and allowing children to vote too. Make no mistake, this is a blatant attempt to keep them in power. Chilling!",20.4M,2.9K,9.6K,27K,1K,False,1879494850560545280
DivN/A,divN/A,divN/A,divN/A,divN/A,divN/A,False,1719701312990831104
DivN/A,divN/A,divN/A,divN/A,divN/A,divN/A,False,1713573517243863040
DivN/A,divN/A,divN/A,divN/A,divN/A,divN/A,False,1877424859778535936
DivN/A,divN/A,divN/A,divN/A,divN/A,divN/A,False,1874776947877954048
DivN/A,divN/A,divN/A,divN/A,divN/A,divN/A,False,1861514517563252736
DivN/A,divN/A,divN/A,divN/A,divN/A,divN/A,False,1717375493769670656
DivN/A,divN/A,divN/A,divN/A,divN/A,divN/A,False,1681382697875144704
DivN/A,divN/A,divN/A,divN/A,divN/A,divN/A,False,1812887018403139840
DivN/A,divN/A,divN/A,divN/A,divN/A,divN/A,False,1853184645783044096
DivN/A,divN/A,divN/A,divN/A,divN/A,divN/A,False,1857432542288437760
DivN/A,divN/A,divN/A,divN/A,divN/A,divN/A,False,1748018820487270400
DivN/A,divN/A,divN/A,divN/A,divN/A,divN/A,False,1785400318135836672
DivN/A,divN/A,divN/A,divN/A,divN/A,divN/A,False,1822013808438866176
DivN/A,divN/A,divN/A,divN/A,divN/A,divN/A,False,1858661214337069568
DivN/A,divN/A,divN/A,divN/A,divN/A,divN/A,False,1728087307717079040
DivN/A,divN/A,divN/A,divN/A,divN/A,divN/A,False,1799461480485822464
DivN/A,divN/A,divN/A,divN/A,divN/A,divN/A,False,1709237315632079104
DivN/A,divN/A,divN/A,divN/A,divN/A,divN/A,False,1855102205235167232
DivN/A,divN/A,divN/A,divN/A,divN/A,divN/A,False,1803112693190033664
DivN/A,divN/A,divN/A,divN/A,divN/A,divN/A,False,1880406772823077120
DivN/A,divN/A,divN/A,divN/A,divN/A,divN/A,False,1859591216863597056
DivN/A,divN/A,divN/A,divN/A,divN/A,divN/A,False,1711826355862565120
DivN/A,divN/A,divN/A,divN/A,divN/A,divN/A,False,1850935869576020480
DivN/A,divN/A,divN/A,divN/A,divN/A,divN/A,False,1748592968196329472
DivN/A,divN/A,divN/A,divN/A,divN/A,divN/A,False,1843514348981166080
DivN/A,divN/A,divN/A,divN/A,divN/A,divN/A,False,1841689665822233088
DivN/A,divN/A,divN/A,divN/A,divN/A,divN/A,False,1836406160590586368
DivN/A,divN/A,divN/A,divN/A,divN/A,divN/A,False,1879924667588149504
DivN/A,divN/A,divN/A,divN/A,divN/A,divN/A,False,1817891272838791424
DivN/A,divN/A,divN/A,divN/A,divN/A,divN/A,False,1659284100610498560
DivN/A,divN/A,divN/A,divN/A,divN/A,divN/A,False,1762078159288025600
DivN/A,divN/A,divN/A,divN/A,divN/A,divN/A,False,1814368602201395456
DivN/A,divN/A,divN/A,divN/A,divN/A,divN/A,False,1819933223536742656
DivN/A,divN/A,divN/A,divN/A,divN/A,divN/A,False,1735768652681445888
DivN/A,divN/A,divN/A,divN/A,divN/A,divN/A,False,1785801056703696896
DivN/A,divN/A,divN/A,divN/A,divN/A,divN/A,False,1810101454507573504
DivN/A,divN/A,divN/A,divN/A,divN/A,divN/A,False,1836158185360515072
DivN/A,divN/A,divN/A,divN/A,divN/A,divN/A,False,1854051086081851392
DivN/A,divN/A,divN/A,divN/A,divN/A,divN/A,False,1876641393193734400
DivN/A,divN/A,divN/A,divN/A,divN/A,divN/A,False,1773871346017255424
DivN/A,divN/A,divN/A,divN/A,divN/A,divN/A,False,1743369352626184704
DivN/A,divN/A,divN/A,divN/A,divN/A,divN/A,False,1771542195260035584
DivN/A,divN/A,divN/A,divN/A,divN/A,divN/A,False,1774705752612983040
DivN/A,divN/A,divN/A,divN/A,divN/A,divN/A,False,1777519760563126272
DivN/A,divN/A,divN/A,divN/A,divN/A,divN/A,False,1781371855544205312
DivN/A,divN/A,divN/A,divN/A,divN/A,divN/A,False,1781781158248030720
DivN/A,divN/A,divN/A,divN/A,divN/A,divN/A,False,1784668332622250240
DivN/A,divN/A,divN/A,divN/A,divN/A,divN/A,False,1792961180170068224
DivN/A,divN/A,divN/A,divN/A,divN/A,divN/A,False,1792913893771079936
DivN/A,divN/A,divN/A,divN/A,divN/A,divN/A,False,1811425030271897856
DivN/A,divN/A,divN/A,divN/A,divN/A,divN/A,False,1811772606476890112
DivN/A,divN/A,divN/A,divN/A,divN/A,divN/A,False,1867274211925925888
DivN/A,divN/A,divN/A,divN/A,divN/A,divN/A,False,1780053535863738624
DivN/A,divN/A,divN/A,divN/A,divN/A,divN/A,False,1877100471510253824
DivN/A,divN/A,divN/A,divN/A,divN/A,divN/A,False,1841525336065851392
DivN/A,divN/A,divN/A,divN/A,divN/A,divN/A,False,1781613855006986496
"I feel incredibly bad for all the young men dying in Ukraine. Both the Russians and the Ukrainians.

This is the saddest chapter of European history since the breakup of Yugoslavia.

Western politicians are responsible for the slaughter of a generation of brave young men.",1.8M,935,1K,12K,144,False,1686743541530161152
DivN/A,divN/A,divN/A,divN/A,divN/A,divN/A,False,1692667100328792320
DivN/A,divN/A,divN/A,divN/A,divN/A,divN/A,False,1696292913058058240
DivN/A,divN/A,divN/A,divN/A,divN/A,divN/A,False,1707758153977204736
DivN/A,divN/A,divN/A,divN/A,divN/A,divN/A,False,1712021079823200256
DivN/A,divN/A,divN/A,divN/A,divN/A,divN/A,False,1880470639691386880
DivN/A,divN/A,divN/A,divN/A,divN/A,divN/A,False,1880647833184829696
DivN/A,divN/A,divN/A,divN/A,divN/A,divN/A,False,1876213108714377216
DivN/A,divN/A,divN/A,divN/A,divN/A,divN/A,False,1868892851649802496
"It’s been a year since the Supreme Court overturned Roe v. Wade. Since then, 14 states have banned most abortions, leaving millions of women and girls with nowhere to turn for the care they need.  

And yet, there are reasons to hope. 

After Roe v. Wade was overturned, voters in Michigan, California, and Vermont helped enshrine abortion rights in their state constitutions. And governors in states like Nevada, Hawaii, and Pennsylvania have signed executive orders to protect abortion access.",37M,27K,21K,170K,1.5K,False,1672606946522742784
DivN/A,divN/A,divN/A,divN/A,divN/A,divN/A,False,1754105486410916096
DivN/A,divN/A,divN/A,divN/A,divN/A,divN/A,False,1.863009545859e+18
DivN/A,divN/A,divN/A,divN/A,divN/A,divN/A,False,1841829598117400576
DivN/A,divN/A,divN/A,divN/A,divN/A,divN/A,False,1871672003784220672
DivN/A,divN/A,divN/A,divN/A,divN/A,divN/A,False,1792589156842959104
DivN/A,divN/A,divN/A,divN/A,divN/A,divN/A,False,1712210821634257408
DivN/A,divN/A,divN/A,divN/A,divN/A,divN/A,False,1751323751054991616
DivN/A,divN/A,divN/A,divN/A,divN/A,divN/A,False,1762467253759496192
DivN/A,divN/A,divN/A,divN/A,divN/A,divN/A,False,1763174751042695424
DivN/A,divN/A,divN/A,divN/A,divN/A,divN/A,False,1763468086122803200
DivN/A,divN/A,divN/A,divN/A,divN/A,divN/A,False,1763667256083440128
DivN/A,divN/A,divN/A,divN/A,divN/A,divN/A,False,1764598276160913664
DivN/A,divN/A,divN/A,divN/A,divN/A,divN/A,False,1768937066375643648
DivN/A,divN/A,divN/A,divN/A,divN/A,divN/A,False,1769432288398557184
DivN/A,divN/A,divN/A,divN/A,divN/A,divN/A,False,1770732953192043008
DivN/A,divN/A,divN/A,divN/A,divN/A,divN/A,False,1710620563285168640
DivN/A,divN/A,divN/A,divN/A,divN/A,divN/A,False,1880341312987361536
DivN/A,divN/A,divN/A,divN/A,divN/A,divN/A,False,1881465183387922432
DivN/A,divN/A,divN/A,divN/A,divN/A,divN/A,False,1881447255552778240
DivN/A,divN/A,divN/A,divN/A,divN/A,divN/A,False,1881451742791090688
DivN/A,divN/A,divN/A,divN/A,divN/A,divN/A,False,1843718588299129344
DivN/A,divN/A,divN/A,divN/A,divN/A,divN/A,False,1.854843526565e+18
DivN/A,divN/A,divN/A,divN/A,divN/A,divN/A,False,1801945080313287168
DivN/A,divN/A,divN/A,divN/A,divN/A,divN/A,False,1774513484606095616
DivN/A,divN/A,divN/A,divN/A,divN/A,divN/A,False,1775316042367095040
DivN/A,divN/A,divN/A,divN/A,divN/A,divN/A,False,1816770418809671936
DivN/A,divN/A,divN/A,divN/A,divN/A,divN/A,False,1826630645319373056
DivN/A,divN/A,divN/A,divN/A,divN/A,divN/A,False,1833935951317659904
DivN/A,divN/A,divN/A,divN/A,divN/A,divN/A,False,1839980617989071104
DivN/A,divN/A,divN/A,divN/A,divN/A,divN/A,False,1864246885768151296
DivN/A,divN/A,divN/A,divN/A,divN/A,divN/A,False,1870914093252751872
DivN/A,divN/A,divN/A,divN/A,divN/A,divN/A,False,1879549003219804416
DivN/A,divN/A,divN/A,divN/A,divN/A,divN/A,False,1751310414460190976
DivN/A,divN/A,divN/A,divN/A,divN/A,divN/A,False,1800274139162485248
DivN/A,divN/A,divN/A,divN/A,divN/A,divN/A,False,1851669171358060544
DivN/A,divN/A,divN/A,divN/A,divN/A,divN/A,False,1694516761218134528
DivN/A,divN/A,divN/A,divN/A,divN/A,divN/A,False,1696848975347761664
DivN/A,divN/A,divN/A,divN/A,divN/A,divN/A,False,1847807797766853120
DivN/A,divN/A,divN/A,divN/A,divN/A,divN/A,False,1878191717717057536
DivN/A,divN/A,divN/A,divN/A,divN/A,divN/A,False,1851289232385425664
DivN/A,divN/A,divN/A,divN/A,divN/A,divN/A,False,1821943572213481472
DivN/A,divN/A,divN/A,divN/A,divN/A,divN/A,False,1860784741261168896
DivN/A,divN/A,divN/A,divN/A,divN/A,divN/A,False,1881535091853431040
DivN/A,divN/A,divN/A,divN/A,divN/A,divN/A,False,1881797465021792768
DivN/A,divN/A,divN/A,divN/A,divN/A,divN/A,False,1816104095817630208
DivN/A,divN/A,divN/A,divN/A,divN/A,divN/A,False,1858687896213221888
DivN/A,divN/A,divN/A,divN/A,divN/A,divN/A,False,1879568356174659840
DivN/A,divN/A,divN/A,divN/A,divN/A,divN/A,False,1850249916842389760
DivN/A,divN/A,divN/A,divN/A,divN/A,divN/A,False,1678763960148037632
DivN/A,divN/A,divN/A,divN/A,divN/A,divN/A,False,1812456836601114880
DivN/A,divN/A,divN/A,divN/A,divN/A,divN/A,False,1825578460233773568
DivN/A,divN/A,divN/A,divN/A,divN/A,divN/A,False,1826243121740759296
DivN/A,divN/A,divN/A,divN/A,divN/A,divN/A,False,1857187558154764544
DivN/A,divN/A,divN/A,divN/A,divN/A,divN/A,False,1852102489811882240
DivN/A,divN/A,divN/A,divN/A,divN/A,divN/A,False,1798304508617134080
DivN/A,divN/A,divN/A,divN/A,divN/A,divN/A,False,1820223401992057344
DivN/A,divN/A,divN/A,divN/A,divN/A,divN/A,False,1832685718784692480
DivN/A,divN/A,divN/A,divN/A,divN/A,divN/A,False,1829975606940873216
DivN/A,divN/A,divN/A,divN/A,divN/A,divN/A,False,1777345187213082880
DivN/A,divN/A,divN/A,divN/A,divN/A,divN/A,False,1778246448993251584
DivN/A,divN/A,divN/A,divN/A,divN/A,divN/A,False,1767734321220112896
DivN/A,divN/A,divN/A,divN/A,divN/A,divN/A,False,1748845363522347264
DivN/A,divN/A,divN/A,divN/A,divN/A,divN/A,False,1759676729491329280
DivN/A,divN/A,divN/A,divN/A,divN/A,divN/A,False,1827500425223843840
DivN/A,divN/A,divN/A,divN/A,divN/A,divN/A,False,1799852413949808640
DivN/A,divN/A,divN/A,divN/A,divN/A,divN/A,False,1807852188024066560
DivN/A,divN/A,divN/A,divN/A,divN/A,divN/A,False,1710982865477914624
DivN/A,divN/A,divN/A,divN/A,divN/A,divN/A,False,1878147700404761088
DivN/A,divN/A,divN/A,divN/A,divN/A,divN/A,False,1779571297220972800
DivN/A,divN/A,divN/A,divN/A,divN/A,divN/A,False,1869142037775433984
DivN/A,divN/A,divN/A,divN/A,divN/A,divN/A,False,1724685345097130240
DivN/A,divN/A,divN/A,divN/A,divN/A,divN/A,False,1809671863188033536
DivN/A,divN/A,divN/A,divN/A,divN/A,divN/A,False,1877480930757193984
DivN/A,divN/A,divN/A,divN/A,divN/A,divN/A,False,1862018359899877888
DivN/A,divN/A,divN/A,divN/A,divN/A,divN/A,False,1873605110766686720
DivN/A,divN/A,divN/A,divN/A,divN/A,divN/A,False,1718548136413610240
DivN/A,divN/A,divN/A,divN/A,divN/A,divN/A,False,1810316509350400256
DivN/A,divN/A,divN/A,divN/A,divN/A,divN/A,False,1852011477852446976
DivN/A,divN/A,divN/A,divN/A,divN/A,divN/A,False,1874676265439072768
DivN/A,divN/A,divN/A,divN/A,divN/A,divN/A,False,1841291434801971200
DivN/A,divN/A,divN/A,divN/A,divN/A,divN/A,False,1745717118505542144
DivN/A,divN/A,divN/A,divN/A,divN/A,divN/A,False,1748767168907358720
DivN/A,divN/A,divN/A,divN/A,divN/A,divN/A,False,1866173744965894400
DivN/A,divN/A,divN/A,divN/A,divN/A,divN/A,False,1813284272293486592
DivN/A,divN/A,divN/A,divN/A,divN/A,divN/A,False,1881710788194550016
DivN/A,divN/A,divN/A,divN/A,divN/A,divN/A,False,1769059745246151168
DivN/A,divN/A,divN/A,divN/A,divN/A,divN/A,False,1853717438296203264
DivN/A,divN/A,divN/A,divN/A,divN/A,divN/A,False,1753063037852844032
DivN/A,divN/A,divN/A,divN/A,divN/A,divN/A,False,1831881768150216960
DivN/A,divN/A,divN/A,divN/A,divN/A,divN/A,False,1776683793526759680
DivN/A,divN/A,divN/A,divN/A,divN/A,divN/A,False,1824846265735147520
DivN/A,divN/A,divN/A,divN/A,divN/A,divN/A,False,1742026599162397184
DivN/A,divN/A,divN/A,divN/A,divN/A,divN/A,False,1743838073123992064
DivN/A,divN/A,divN/A,divN/A,divN/A,divN/A,False,1755821577126703360
DivN/A,divN/A,divN/A,divN/A,divN/A,divN/A,False,1787984202828251648
DivN/A,divN/A,divN/A,divN/A,divN/A,divN/A,False,1873446740814434304
DivN/A,divN/A,divN/A,divN/A,divN/A,divN/A,False,1828838679332434176
DivN/A,divN/A,divN/A,divN/A,divN/A,divN/A,False,1846604963524366336
DivN/A,divN/A,divN/A,divN/A,divN/A,divN/A,False,1860171788463821056
DivN/A,divN/A,divN/A,divN/A,divN/A,divN/A,False,1777833356471742720
DivN/A,divN/A,divN/A,divN/A,divN/A,divN/A,False,1817948102755495936
DivN/A,divN/A,divN/A,divN/A,divN/A,divN/A,False,1836567866184978432
Excess government spending is driving America to bankruptcy!,29.8M,9.1K,30K,143K,3.7K,False,1847056569315266560
DivN/A,divN/A,divN/A,divN/A,divN/A,divN/A,False,1814643442691018752
DivN/A,divN/A,divN/A,divN/A,divN/A,divN/A,False,1806816349160911360
DivN/A,divN/A,divN/A,divN/A,divN/A,divN/A,False,1829607985397842176
DivN/A,divN/A,divN/A,divN/A,divN/A,divN/A,False,1862841103608664576
DivN/A,divN/A,divN/A,divN/A,divN/A,divN/A,False,1793764092743762432
DivN/A,divN/A,divN/A,divN/A,divN/A,divN/A,False,1744035940794851840
DivN/A,divN/A,divN/A,divN/A,divN/A,divN/A,False,1694360846879633408
DivN/A,divN/A,divN/A,divN/A,divN/A,divN/A,False,1849088691450339584
DivN/A,divN/A,divN/A,divN/A,divN/A,divN/A,False,1676984352192753664
DivN/A,divN/A,divN/A,divN/A,divN/A,divN/A,False,1714336328312144384
DivN/A,divN/A,divN/A,divN/A,divN/A,divN/A,False,1749919424776163584
DivN/A,divN/A,divN/A,divN/A,divN/A,divN/A,False,1817955289582235904
DivN/A,divN/A,divN/A,divN/A,divN/A,divN/A,False,1860943099855306752
DivN/A,divN/A,divN/A,divN/A,divN/A,divN/A,False,1822792651994731008
DivN/A,divN/A,divN/A,divN/A,divN/A,divN/A,False,1863762733365416448
DivN/A,divN/A,divN/A,divN/A,divN/A,divN/A,False,1829539169896435712
DivN/A,divN/A,divN/A,divN/A,divN/A,divN/A,False,1816153221552902400
DivN/A,divN/A,divN/A,divN/A,divN/A,divN/A,False,1816442372810493952
DivN/A,divN/A,divN/A,divN/A,divN/A,divN/A,False,1818279179726844160
DivN/A,divN/A,divN/A,divN/A,divN/A,divN/A,False,1877818242938339840
DivN/A,divN/A,divN/A,divN/A,divN/A,divN/A,False,1777649228379992320
DivN/A,divN/A,divN/A,divN/A,divN/A,divN/A,False,1803044350416613376
DivN/A,divN/A,divN/A,divN/A,divN/A,divN/A,False,1849242818767937536
DivN/A,divN/A,divN/A,divN/A,divN/A,divN/A,False,1841962305879175424
DivN/A,divN/A,divN/A,divN/A,divN/A,divN/A,False,1768692526523777024
DivN/A,divN/A,divN/A,divN/A,divN/A,divN/A,False,1816292714092323328
DivN/A,divN/A,divN/A,divN/A,divN/A,divN/A,False,1877039101813150208
DivN/A,divN/A,divN/A,divN/A,divN/A,divN/A,False,1823838407157800960
DivN/A,divN/A,divN/A,divN/A,divN/A,divN/A,False,1877723158486147072
DivN/A,divN/A,divN/A,divN/A,divN/A,divN/A,False,1766263088087482880
DivN/A,divN/A,divN/A,divN/A,divN/A,divN/A,False,1831439900828201216
DivN/A,divN/A,divN/A,divN/A,divN/A,divN/A,False,1848191418377830656
DivN/A,divN/A,divN/A,divN/A,divN/A,divN/A,False,1828670722190770688
DivN/A,divN/A,divN/A,divN/A,divN/A,divN/A,False,1832288930500162048
DivN/A,divN/A,divN/A,divN/A,divN/A,divN/A,False,1762187612352020736
DivN/A,divN/A,divN/A,divN/A,divN/A,divN/A,False,1858736965203689472
DivN/A,divN/A,divN/A,divN/A,divN/A,divN/A,False,1850008974730412032
DivN/A,divN/A,divN/A,divN/A,divN/A,divN/A,False,1677976646148554752
DivN/A,divN/A,divN/A,divN/A,divN/A,divN/A,False,1769805504623137024
DivN/A,divN/A,divN/A,divN/A,divN/A,divN/A,False,1848130548746846464
DivN/A,divN/A,divN/A,divN/A,divN/A,divN/A,False,1855912616088019200
DivN/A,divN/A,divN/A,divN/A,divN/A,divN/A,False,1813243354513104896
"Twitter Blue Verified costs only ~23 cents/day if bought annually via web.

Cheaper than a cup of coffee!",51.8M,1.4K,1K,3.6K,185,False,1680381066933334016
DivN/A,divN/A,divN/A,divN/A,divN/A,divN/A,False,1813230478658576640
DivN/A,divN/A,divN/A,divN/A,divN/A,divN/A,False,1872365682417156608
DivN/A,divN/A,divN/A,divN/A,divN/A,divN/A,False,1815163785134436352
DivN/A,divN/A,divN/A,divN/A,divN/A,divN/A,False,1873167025679548416
DivN/A,divN/A,divN/A,divN/A,divN/A,divN/A,False,1874543302630060032
DivN/A,divN/A,divN/A,divN/A,divN/A,divN/A,False,1876263197969125888
DivN/A,divN/A,divN/A,divN/A,divN/A,divN/A,False,1777247276764660224
DivN/A,divN/A,divN/A,divN/A,divN/A,divN/A,False,1840730617471807744
DivN/A,divN/A,divN/A,divN/A,divN/A,divN/A,False,1813301437033746944
DivN/A,divN/A,divN/A,divN/A,divN/A,divN/A,False,1.805634597109e+18
DivN/A,divN/A,divN/A,divN/A,divN/A,divN/A,False,1854689717843079424
DivN/A,divN/A,divN/A,divN/A,divN/A,divN/A,False,1767927779364860160
DivN/A,divN/A,divN/A,divN/A,divN/A,divN/A,False,1790746868198310400
DivN/A,divN/A,divN/A,divN/A,divN/A,divN/A,False,1797246927903338496
DivN/A,divN/A,divN/A,divN/A,divN/A,divN/A,False,1816948075174203904
DivN/A,divN/A,divN/A,divN/A,divN/A,divN/A,False,1841874764237045760
DivN/A,divN/A,divN/A,divN/A,divN/A,divN/A,False,1850292920840286464
DivN/A,divN/A,divN/A,divN/A,divN/A,divN/A,False,1865069290686214400
DivN/A,divN/A,divN/A,divN/A,divN/A,divN/A,False,1782053245332103424
DivN/A,divN/A,divN/A,divN/A,divN/A,divN/A,False,1853902662993063936
DivN/A,divN/A,divN/A,divN/A,divN/A,divN/A,False,1797126632714772736
DivN/A,divN/A,divN/A,divN/A,divN/A,divN/A,False,1822798415421468672
DivN/A,divN/A,divN/A,divN/A,divN/A,divN/A,False,1870435571895833088
DivN/A,divN/A,divN/A,divN/A,divN/A,divN/A,False,1850930414572982272
DivN/A,divN/A,divN/A,divN/A,divN/A,divN/A,False,1840597990760648960
DivN/A,divN/A,divN/A,divN/A,divN/A,divN/A,False,1833685911525048320
DivN/A,divN/A,divN/A,divN/A,divN/A,divN/A,False,1851151793876844800
DivN/A,divN/A,divN/A,divN/A,divN/A,divN/A,False,1791703368630722560
DivN/A,divN/A,divN/A,divN/A,divN/A,divN/A,False,1830663227971092992
DivN/A,divN/A,divN/A,divN/A,divN/A,divN/A,False,1878886465842868480
DivN/A,divN/A,divN/A,divN/A,divN/A,divN/A,False,1813744335789121536
DivN/A,divN/A,divN/A,divN/A,divN/A,divN/A,False,1742331180291141632
DivN/A,divN/A,divN/A,divN/A,divN/A,divN/A,False,1804757133331710464
DivN/A,divN/A,divN/A,divN/A,divN/A,divN/A,False,1811342997927121408
DivN/A,divN/A,divN/A,divN/A,divN/A,divN/A,False,1812251472454689024
DivN/A,divN/A,divN/A,divN/A,divN/A,divN/A,False,1826936314786152960
DivN/A,divN/A,divN/A,divN/A,divN/A,divN/A,False,1837588628035588096
DivN/A,divN/A,divN/A,divN/A,divN/A,divN/A,False,1842130758489559040
DivN/A,divN/A,divN/A,divN/A,divN/A,divN/A,False,1694581461322465536
DivN/A,divN/A,divN/A,divN/A,divN/A,divN/A,False,1737982283536060928
DivN/A,divN/A,divN/A,divN/A,divN/A,divN/A,False,1842212404689551360
DivN/A,divN/A,divN/A,divN/A,divN/A,divN/A,False,1871537366030274560
DivN/A,divN/A,divN/A,divN/A,divN/A,divN/A,False,1866910798603231232
DivN/A,divN/A,divN/A,divN/A,divN/A,divN/A,False,1747193213574676480
DivN/A,divN/A,divN/A,divN/A,divN/A,divN/A,False,1749216871000264960
DivN/A,divN/A,divN/A,divN/A,divN/A,divN/A,False,1750634263739798016
DivN/A,divN/A,divN/A,divN/A,divN/A,divN/A,False,1851650108049535488
DivN/A,divN/A,divN/A,divN/A,divN/A,divN/A,False,1799717047947112704
DivN/A,divN/A,divN/A,divN/A,divN/A,divN/A,False,1804654064833048576
DivN/A,divN/A,divN/A,divN/A,divN/A,divN/A,False,1749670811743711744
DivN/A,divN/A,divN/A,divN/A,divN/A,divN/A,False,1733872505524257024
DivN/A,divN/A,divN/A,divN/A,divN/A,divN/A,False,1848890233498353920
DivN/A,divN/A,divN/A,divN/A,divN/A,divN/A,False,1870995031135310080
DivN/A,divN/A,divN/A,divN/A,divN/A,divN/A,False,1740366303804768768
DivN/A,divN/A,divN/A,divN/A,divN/A,divN/A,False,1818582989669900544
DivN/A,divN/A,divN/A,divN/A,divN/A,divN/A,False,1849874315652759552
DivN/A,divN/A,divN/A,divN/A,divN/A,divN/A,False,1734635829694206464
DivN/A,divN/A,divN/A,divN/A,divN/A,divN/A,False,1736121556659576832
DivN/A,divN/A,divN/A,divN/A,divN/A,divN/A,False,1814292118224941568
DivN/A,divN/A,divN/A,divN/A,divN/A,divN/A,False,1849381663991640320
DivN/A,divN/A,divN/A,divN/A,divN/A,divN/A,False,1777681684785152256
DivN/A,divN/A,divN/A,divN/A,divN/A,divN/A,False,1811082116320358656
DivN/A,divN/A,divN/A,divN/A,divN/A,divN/A,False,1771217904345711104
DivN/A,divN/A,divN/A,divN/A,divN/A,divN/A,False,1797380382620344576
DivN/A,divN/A,divN/A,divN/A,divN/A,divN/A,False,1871673482817442304
DivN/A,divN/A,divN/A,divN/A,divN/A,divN/A,False,1881117653001273856
DivN/A,divN/A,divN/A,divN/A,divN/A,divN/A,False,1850036317389980160
DivN/A,divN/A,divN/A,divN/A,divN/A,divN/A,False,1788907697426809344
DivN/A,divN/A,divN/A,divN/A,divN/A,divN/A,False,1818746048493633536
DivN/A,divN/A,divN/A,divN/A,divN/A,divN/A,False,1767890475208344064
DivN/A,divN/A,divN/A,divN/A,divN/A,divN/A,False,1574554725118246912
DivN/A,divN/A,divN/A,divN/A,divN/A,divN/A,False,1776732647424749824
DivN/A,divN/A,divN/A,divN/A,divN/A,divN/A,False,1792534213595394304
DivN/A,divN/A,divN/A,divN/A,divN/A,divN/A,False,1793594101507719680
DivN/A,divN/A,divN/A,divN/A,divN/A,divN/A,False,1795761312959492608
DivN/A,divN/A,divN/A,divN/A,divN/A,divN/A,False,1818939117566059008
DivN/A,divN/A,divN/A,divN/A,divN/A,divN/A,False,1878146875930357760
DivN/A,divN/A,divN/A,divN/A,divN/A,divN/A,False,1880649721049669632
"South African farmer Theo Bekker (79) was brutally murdered by 4 thugs yesterday 

The attackers beat him with an iron bar, slit his throat, and then beat his wife Marlinda

This came 24 hours after EFF leader Julius Malema told a crowd of 90k people to “kill the Boer (Whites), kill the White farmer”",7.1M,4.1K,17K,44K,1.6K,False,1686080989963915264
DivN/A,divN/A,divN/A,divN/A,divN/A,divN/A,False,1835497041151300096
I knew birds weren’t real,52.6M,32K,39K,322K,2K,False,1685343230475325440
DivN/A,divN/A,divN/A,divN/A,divN/A,divN/A,False,1877578669259919360
DivN/A,divN/A,divN/A,divN/A,divN/A,divN/A,False,1795588432238178560
DivN/A,divN/A,divN/A,divN/A,divN/A,divN/A,False,1828578648577716480
DivN/A,divN/A,divN/A,divN/A,divN/A,divN/A,False,1851377464284709120
DivN/A,divN/A,divN/A,divN/A,divN/A,divN/A,False,1795366624800965120
DivN/A,divN/A,divN/A,divN/A,divN/A,divN/A,False,1733624169668231680
DivN/A,divN/A,divN/A,divN/A,divN/A,divN/A,False,1733673083993485312
DivN/A,divN/A,divN/A,divN/A,divN/A,divN/A,False,1735295353161687296
DivN/A,divN/A,divN/A,divN/A,divN/A,divN/A,False,1831080459843019264
DivN/A,divN/A,divN/A,divN/A,divN/A,divN/A,False,1801867444140536064
DivN/A,divN/A,divN/A,divN/A,divN/A,divN/A,False,1732520292688523520
DivN/A,divN/A,divN/A,divN/A,divN/A,divN/A,False,1820540471825084928
DivN/A,divN/A,divN/A,divN/A,divN/A,divN/A,False,1731699324919193600
DivN/A,divN/A,divN/A,divN/A,divN/A,divN/A,False,1834268617514647552
DivN/A,divN/A,divN/A,divN/A,divN/A,divN/A,False,1874918041286574336
DivN/A,divN/A,divN/A,divN/A,divN/A,divN/A,False,1871292108453339136
DivN/A,divN/A,divN/A,divN/A,divN/A,divN/A,False,1790225329941893120
DivN/A,divN/A,divN/A,divN/A,divN/A,divN/A,False,1823206022204547584
DivN/A,divN/A,divN/A,divN/A,divN/A,divN/A,False,1861062707467657728
DivN/A,divN/A,divN/A,divN/A,divN/A,divN/A,False,1871631933912043520
DivN/A,divN/A,divN/A,divN/A,divN/A,divN/A,False,1817647515308855296
DivN/A,divN/A,divN/A,divN/A,divN/A,divN/A,False,1837947919917326336
DivN/A,divN/A,divN/A,divN/A,divN/A,divN/A,False,1769703396049575936
DivN/A,divN/A,divN/A,divN/A,divN/A,divN/A,False,1863771172485104128
DivN/A,divN/A,divN/A,divN/A,divN/A,divN/A,False,1811066232776299008
DivN/A,divN/A,divN/A,divN/A,divN/A,divN/A,False,1848363851676353024
DivN/A,divN/A,divN/A,divN/A,divN/A,divN/A,False,1791798119040196864
DivN/A,divN/A,divN/A,divN/A,divN/A,divN/A,False,1817487026955964928
DivN/A,divN/A,divN/A,divN/A,divN/A,divN/A,False,1811402994694381824
DivN/A,divN/A,divN/A,divN/A,divN/A,divN/A,False,1819001068275335424
DivN/A,divN/A,divN/A,divN/A,divN/A,divN/A,False,1694558222294691840
DivN/A,divN/A,divN/A,divN/A,divN/A,divN/A,False,1696343159356137472
DivN/A,divN/A,divN/A,divN/A,divN/A,divN/A,False,1800266437677768704
DivN/A,divN/A,divN/A,divN/A,divN/A,divN/A,False,1809936110992130304
DivN/A,divN/A,divN/A,divN/A,divN/A,divN/A,False,1825153215458906112
DivN/A,divN/A,divN/A,divN/A,divN/A,divN/A,False,1872387029708968448
DivN/A,divN/A,divN/A,divN/A,divN/A,divN/A,False,1878236431534927872
DivN/A,divN/A,divN/A,divN/A,divN/A,divN/A,False,1861245134030974976
DivN/A,divN/A,divN/A,divN/A,divN/A,divN/A,False,1819048388156924160
DivN/A,divN/A,divN/A,divN/A,divN/A,divN/A,False,1742626531879408128
DivN/A,divN/A,divN/A,divN/A,divN/A,divN/A,False,1837548499015278592
DivN/A,divN/A,divN/A,divN/A,divN/A,divN/A,False,1848754373830103040
DivN/A,divN/A,divN/A,divN/A,divN/A,divN/A,False,1828949359448244224
DivN/A,divN/A,divN/A,divN/A,divN/A,divN/A,False,1835081401630085120
DivN/A,divN/A,divN/A,divN/A,divN/A,divN/A,False,1814457985378488320
DivN/A,divN/A,divN/A,divN/A,divN/A,divN/A,False,1836617887559176192
DivN/A,divN/A,divN/A,divN/A,divN/A,divN/A,False,1860175426821534208
DivN/A,divN/A,divN/A,divN/A,divN/A,divN/A,False,1682484814719647744
DivN/A,divN/A,divN/A,divN/A,divN/A,divN/A,False,1867507340645478656
DivN/A,divN/A,divN/A,divN/A,divN/A,divN/A,False,1709614791633899520
DivN/A,divN/A,divN/A,divN/A,divN/A,divN/A,False,1716248158227853824
DivN/A,divN/A,divN/A,divN/A,divN/A,divN/A,False,1716252933132566784
DivN/A,divN/A,divN/A,divN/A,divN/A,divN/A,False,1726609880986083840
DivN/A,divN/A,divN/A,divN/A,divN/A,divN/A,False,1767397225636691968
DivN/A,divN/A,divN/A,divN/A,divN/A,divN/A,False,1793400381378007040
DivN/A,divN/A,divN/A,divN/A,divN/A,divN/A,False,1877314745801277440
DivN/A,divN/A,divN/A,divN/A,divN/A,divN/A,False,1778627216395448576
DivN/A,divN/A,divN/A,divN/A,divN/A,divN/A,False,1791149888966648064
DivN/A,divN/A,divN/A,divN/A,divN/A,divN/A,False,1792244323976716544
DivN/A,divN/A,divN/A,divN/A,divN/A,divN/A,False,1863993649081573376
DivN/A,divN/A,divN/A,divN/A,divN/A,divN/A,False,1840153393475821568
DivN/A,divN/A,divN/A,divN/A,divN/A,divN/A,False,1754282647885426944
DivN/A,divN/A,divN/A,divN/A,divN/A,divN/A,False,1812941808001032192
DivN/A,divN/A,divN/A,divN/A,divN/A,divN/A,False,1842729745253027840
DivN/A,divN/A,divN/A,divN/A,divN/A,divN/A,False,1851794739315491328
DivN/A,divN/A,divN/A,divN/A,divN/A,divN/A,False,1835861576760336896
DivN/A,divN/A,divN/A,divN/A,divN/A,divN/A,False,1841966993273954816
DivN/A,divN/A,divN/A,divN/A,divN/A,divN/A,False,1832946627419500800
DivN/A,divN/A,divN/A,divN/A,divN/A,divN/A,False,1798936586954121216
DivN/A,divN/A,divN/A,divN/A,divN/A,divN/A,False,1798891035864793600
DivN/A,divN/A,divN/A,divN/A,divN/A,divN/A,False,1850010955020919040
DivN/A,divN/A,divN/A,divN/A,divN/A,divN/A,False,1872582564474716672
DivN/A,divN/A,divN/A,divN/A,divN/A,divN/A,False,1822293029434388736
DivN/A,divN/A,divN/A,divN/A,divN/A,divN/A,False,1875010187771429376
DivN/A,divN/A,divN/A,divN/A,divN/A,divN/A,False,1810093629563703808
DivN/A,divN/A,divN/A,divN/A,divN/A,divN/A,False,1803636694249246976
DivN/A,divN/A,divN/A,divN/A,divN/A,divN/A,False,1834157436737126400
DivN/A,divN/A,divN/A,divN/A,divN/A,divN/A,False,1741318798806790400
DivN/A,divN/A,divN/A,divN/A,divN/A,divN/A,False,1843648810846958080
DivN/A,divN/A,divN/A,divN/A,divN/A,divN/A,False,1734212864095789056
We did not give the DeSantis campaign a license to use ,2.3M,1.4K,1.3K,7.9K,90,False,1677388927693471744
DivN/A,divN/A,divN/A,divN/A,divN/A,divN/A,False,1678517028884193280
Moms for Liberty standing with Adolph Hitler.,531.3K,1.2K,158,250,40,False,1678535166892077056
DivN/A,divN/A,divN/A,divN/A,divN/A,divN/A,False,1695779453845070080
DivN/A,divN/A,divN/A,divN/A,divN/A,divN/A,False,1720915350005452800
DivN/A,divN/A,divN/A,divN/A,divN/A,divN/A,False,1724224528740463104
DivN/A,divN/A,divN/A,divN/A,divN/A,divN/A,False,1869401339421466880
DivN/A,divN/A,divN/A,divN/A,divN/A,divN/A,False,1869468690808439040
DivN/A,divN/A,divN/A,divN/A,divN/A,divN/A,False,1842515876404486656
DivN/A,divN/A,divN/A,divN/A,divN/A,divN/A,False,1842868354476122624
DivN/A,divN/A,divN/A,divN/A,divN/A,divN/A,False,1830775205020520704
DivN/A,divN/A,divN/A,divN/A,divN/A,divN/A,False,1872694681957744640
DivN/A,divN/A,divN/A,divN/A,divN/A,divN/A,False,1792977395906912768
DivN/A,divN/A,divN/A,divN/A,divN/A,divN/A,False,1695133619977597440
A latte is really just an excuse for adults to order warm milk without sounding like a baby,42.7M,17K,25K,258K,1.5K,False,1637511926925127680
DivN/A,divN/A,divN/A,divN/A,divN/A,divN/A,False,1735564647997030656
DivN/A,divN/A,divN/A,divN/A,divN/A,divN/A,False,1829247072304083456
DivN/A,divN/A,divN/A,divN/A,divN/A,divN/A,False,1829919906105610496
DivN/A,divN/A,divN/A,divN/A,divN/A,divN/A,False,1841394265894908160
DivN/A,divN/A,divN/A,divN/A,divN/A,divN/A,False,1790479607277207552
DivN/A,divN/A,divN/A,divN/A,divN/A,divN/A,False,1832600598312522240
DivN/A,divN/A,divN/A,divN/A,divN/A,divN/A,False,1868296589179306240
DivN/A,divN/A,divN/A,divN/A,divN/A,divN/A,False,1881444484912963840
DivN/A,divN/A,divN/A,divN/A,divN/A,divN/A,False,1881441479912047104
DivN/A,divN/A,divN/A,divN/A,divN/A,divN/A,False,1856898581523042560
deserved? what do you think,36.2M,13K,12K,254K,2.5K,False,1677075883742617600
DivN/A,divN/A,divN/A,divN/A,divN/A,divN/A,False,1874093150555324928
DivN/A,divN/A,divN/A,divN/A,divN/A,divN/A,False,1649079851947524096
DivN/A,divN/A,divN/A,divN/A,divN/A,divN/A,False,1825558840336921088
DivN/A,divN/A,divN/A,divN/A,divN/A,divN/A,False,1875496388957708800
DivN/A,divN/A,divN/A,divN/A,divN/A,divN/A,False,1672499484868182016
DivN/A,divN/A,divN/A,divN/A,divN/A,divN/A,False,1840172664209494528
DivN/A,divN/A,divN/A,divN/A,divN/A,divN/A,False,1754466905774043136
DivN/A,divN/A,divN/A,divN/A,divN/A,divN/A,False,1879955290516525568
DivN/A,divN/A,divN/A,divN/A,divN/A,divN/A,False,1880336735948926976
DivN/A,divN/A,divN/A,divN/A,divN/A,divN/A,False,1837268518133244160
DivN/A,divN/A,divN/A,divN/A,divN/A,divN/A,False,1778434736454553600
DivN/A,divN/A,divN/A,divN/A,divN/A,divN/A,False,1856777528578642176
DivN/A,divN/A,divN/A,divN/A,divN/A,divN/A,False,1687128952702214144
DivN/A,divN/A,divN/A,divN/A,divN/A,divN/A,False,1864295229743931392
DivN/A,divN/A,divN/A,divN/A,divN/A,divN/A,False,1864701937557336064
DivN/A,divN/A,divN/A,divN/A,divN/A,divN/A,False,1825185256120467968
DivN/A,divN/A,divN/A,divN/A,divN/A,divN/A,False,1832196295039369728
DivN/A,divN/A,divN/A,divN/A,divN/A,divN/A,False,1857533874940657920
DivN/A,divN/A,divN/A,divN/A,divN/A,divN/A,False,1823737162111529216
DivN/A,divN/A,divN/A,divN/A,divN/A,divN/A,False,1828795137620946944
DivN/A,divN/A,divN/A,divN/A,divN/A,divN/A,False,1711079006831878400
DivN/A,divN/A,divN/A,divN/A,divN/A,divN/A,False,1789295570231627776
DivN/A,divN/A,divN/A,divN/A,divN/A,divN/A,False,1862947064809697536
DivN/A,divN/A,divN/A,divN/A,divN/A,divN/A,False,1746330844304757248
DivN/A,divN/A,divN/A,divN/A,divN/A,divN/A,False,1876311853414170880
DivN/A,divN/A,divN/A,divN/A,divN/A,divN/A,False,1833951486222762240
DivN/A,divN/A,divN/A,divN/A,divN/A,divN/A,False,1849108531573555456
DivN/A,divN/A,divN/A,divN/A,divN/A,divN/A,False,1878268266595959040
DivN/A,divN/A,divN/A,divN/A,divN/A,divN/A,False,1831566794114363904
DivN/A,divN/A,divN/A,divN/A,divN/A,divN/A,False,1858910877254062336
DivN/A,divN/A,divN/A,divN/A,divN/A,divN/A,False,1859973031868907520
DivN/A,divN/A,divN/A,divN/A,divN/A,divN/A,False,1860212805439488000
DivN/A,divN/A,divN/A,divN/A,divN/A,divN/A,False,1831784233414906368
DivN/A,divN/A,divN/A,divN/A,divN/A,divN/A,False,1654091419991044096
DivN/A,divN/A,divN/A,divN/A,divN/A,divN/A,False,1850265225901342720
DivN/A,divN/A,divN/A,divN/A,divN/A,divN/A,False,1841500319596859392
DivN/A,divN/A,divN/A,divN/A,divN/A,divN/A,False,1818743895960043520
DivN/A,divN/A,divN/A,divN/A,divN/A,divN/A,False,1880674720347046400
THERE ARE ONLY 2 GENDERS.,77.5M,30K,67K,525K,4.3K,False,1629920473080381440
DivN/A,divN/A,divN/A,divN/A,divN/A,divN/A,False,1768686500625948672
DivN/A,divN/A,divN/A,divN/A,divN/A,divN/A,False,1825135648971317504
DivN/A,divN/A,divN/A,divN/A,divN/A,divN/A,False,1831354732050530304
DivN/A,divN/A,divN/A,divN/A,divN/A,divN/A,False,1801210138075770880
DivN/A,divN/A,divN/A,divN/A,divN/A,divN/A,False,1686050455468621824
DivN/A,divN/A,divN/A,divN/A,divN/A,divN/A,False,1829608179791249664
DivN/A,divN/A,divN/A,divN/A,divN/A,divN/A,False,1826572859143053312
DivN/A,divN/A,divN/A,divN/A,divN/A,divN/A,False,1673847515114815488
DivN/A,divN/A,divN/A,divN/A,divN/A,divN/A,False,1757877740391326208
DivN/A,divN/A,divN/A,divN/A,divN/A,divN/A,False,1794456319937638656
DivN/A,divN/A,divN/A,divN/A,divN/A,divN/A,False,1764210302692753664
DivN/A,divN/A,divN/A,divN/A,divN/A,divN/A,False,1781471522860720384
DivN/A,divN/A,divN/A,divN/A,divN/A,divN/A,False,1849813846283759616
DivN/A,divN/A,divN/A,divN/A,divN/A,divN/A,False,1.850817517222e+18
DivN/A,divN/A,divN/A,divN/A,divN/A,divN/A,False,1852383763570864384
DivN/A,divN/A,divN/A,divN/A,divN/A,divN/A,False,1854827626516406784
DivN/A,divN/A,divN/A,divN/A,divN/A,divN/A,False,1857600230876651776
DivN/A,divN/A,divN/A,divN/A,divN/A,divN/A,False,1864968272854253824
DivN/A,divN/A,divN/A,divN/A,divN/A,divN/A,False,1747928332379856896
DivN/A,divN/A,divN/A,divN/A,divN/A,divN/A,False,1837843438177226752
DivN/A,divN/A,divN/A,divN/A,divN/A,divN/A,False,1881265333048426496
DivN/A,divN/A,divN/A,divN/A,divN/A,divN/A,False,1748700083451814144
DivN/A,divN/A,divN/A,divN/A,divN/A,divN/A,False,1783166923871568384
DivN/A,divN/A,divN/A,divN/A,divN/A,divN/A,False,1764575415505428736
DivN/A,divN/A,divN/A,divN/A,divN/A,divN/A,False,1771495338177703936
DivN/A,divN/A,divN/A,divN/A,divN/A,divN/A,False,1773841040660677120
DivN/A,divN/A,divN/A,divN/A,divN/A,divN/A,False,1781938832985993216
DivN/A,divN/A,divN/A,divN/A,divN/A,divN/A,False,1791722765315141632
DivN/A,divN/A,divN/A,divN/A,divN/A,divN/A,False,1793803212312756224
DivN/A,divN/A,divN/A,divN/A,divN/A,divN/A,False,1832278142062628864
DivN/A,divN/A,divN/A,divN/A,divN/A,divN/A,False,1832709348478292224
DivN/A,divN/A,divN/A,divN/A,divN/A,divN/A,False,1840458310010753024
DivN/A,divN/A,divN/A,divN/A,divN/A,divN/A,False,1847011518568624384
DivN/A,divN/A,divN/A,divN/A,divN/A,divN/A,False,1824853885514645504
DivN/A,divN/A,divN/A,divN/A,divN/A,divN/A,False,1782432139474043136
DivN/A,divN/A,divN/A,divN/A,divN/A,divN/A,False,1782809306272055808
DivN/A,divN/A,divN/A,divN/A,divN/A,divN/A,False,1.815464290453e+18
DivN/A,divN/A,divN/A,divN/A,divN/A,divN/A,False,1826421681729966336
DivN/A,divN/A,divN/A,divN/A,divN/A,divN/A,False,1837677640049733632
DivN/A,divN/A,divN/A,divN/A,divN/A,divN/A,False,1759277500012577024
DivN/A,divN/A,divN/A,divN/A,divN/A,divN/A,False,1766095619934887936
DivN/A,divN/A,divN/A,divN/A,divN/A,divN/A,False,1780958558512959488
DivN/A,divN/A,divN/A,divN/A,divN/A,divN/A,False,1737735366709580288
DivN/A,divN/A,divN/A,divN/A,divN/A,divN/A,False,1795930789139333376
DivN/A,divN/A,divN/A,divN/A,divN/A,divN/A,False,1833680283830509824
DivN/A,divN/A,divN/A,divN/A,divN/A,divN/A,False,1837776395079926016
DivN/A,divN/A,divN/A,divN/A,divN/A,divN/A,False,1858246370777313280
DivN/A,divN/A,divN/A,divN/A,divN/A,divN/A,False,1777773663275934208
DivN/A,divN/A,divN/A,divN/A,divN/A,divN/A,False,1796172083401011200
DivN/A,divN/A,divN/A,divN/A,divN/A,divN/A,False,1822019255539204608
DivN/A,divN/A,divN/A,divN/A,divN/A,divN/A,False,1747765764449239296
DivN/A,divN/A,divN/A,divN/A,divN/A,divN/A,False,1749927301444174080
DivN/A,divN/A,divN/A,divN/A,divN/A,divN/A,False,1753085804669235456
DivN/A,divN/A,divN/A,divN/A,divN/A,divN/A,False,1714172342421602816
DivN/A,divN/A,divN/A,divN/A,divN/A,divN/A,False,1873387338581323776
DivN/A,divN/A,divN/A,divN/A,divN/A,divN/A,False,1.81395307427e+18
DivN/A,divN/A,divN/A,divN/A,divN/A,divN/A,False,1854710904077656320
DivN/A,divN/A,divN/A,divN/A,divN/A,divN/A,False,1791650414460280832
DivN/A,divN/A,divN/A,divN/A,divN/A,divN/A,False,1769774138908971264
DivN/A,divN/A,divN/A,divN/A,divN/A,divN/A,False,1803996701742477312
DivN/A,divN/A,divN/A,divN/A,divN/A,divN/A,False,1.810321148066e+18
DivN/A,divN/A,divN/A,divN/A,divN/A,divN/A,False,1731434646959739136
DivN/A,divN/A,divN/A,divN/A,divN/A,divN/A,False,1806684238932279808
DivN/A,divN/A,divN/A,divN/A,divN/A,divN/A,False,1871409441440145408
DivN/A,divN/A,divN/A,divN/A,divN/A,divN/A,False,1859322723840705024
DivN/A,divN/A,divN/A,divN/A,divN/A,divN/A,False,1825393073192345856
DivN/A,divN/A,divN/A,divN/A,divN/A,divN/A,False,1835763673559630080
DivN/A,divN/A,divN/A,divN/A,divN/A,divN/A,False,1838981033091358720
DivN/A,divN/A,divN/A,divN/A,divN/A,divN/A,False,1820218095723553280
DivN/A,divN/A,divN/A,divN/A,divN/A,divN/A,False,1870209475493142784
DivN/A,divN/A,divN/A,divN/A,divN/A,divN/A,False,1762010733821169920
DivN/A,divN/A,divN/A,divN/A,divN/A,divN/A,False,1849940245896130816
DivN/A,divN/A,divN/A,divN/A,divN/A,divN/A,False,1772006055452500224
DivN/A,divN/A,divN/A,divN/A,divN/A,divN/A,False,1743451004824416768
DivN/A,divN/A,divN/A,divN/A,divN/A,divN/A,False,1779443971795853824
DivN/A,divN/A,divN/A,divN/A,divN/A,divN/A,False,1870562265684164864
DivN/A,divN/A,divN/A,divN/A,divN/A,divN/A,False,1857794671130611712
DivN/A,divN/A,divN/A,divN/A,divN/A,divN/A,False,1831427175792439296
DivN/A,divN/A,divN/A,divN/A,divN/A,divN/A,False,1758596442468295168
DivN/A,divN/A,divN/A,divN/A,divN/A,divN/A,False,1875229059099324416
DivN/A,divN/A,divN/A,divN/A,divN/A,divN/A,False,1794439912449827328
DivN/A,divN/A,divN/A,divN/A,divN/A,divN/A,False,1771621063106990336
DivN/A,divN/A,divN/A,divN/A,divN/A,divN/A,False,1767002321051955200
DivN/A,divN/A,divN/A,divN/A,divN/A,divN/A,False,1772624952807567360
DivN/A,divN/A,divN/A,divN/A,divN/A,divN/A,False,1850651685703569664
DivN/A,divN/A,divN/A,divN/A,divN/A,divN/A,False,1827728717377900800
DivN/A,6.6M,645,3.5K,71K,1.5K,False,1668744111170498560
DivN/A,divN/A,divN/A,divN/A,divN/A,divN/A,False,1817930541829677056
DivN/A,divN/A,divN/A,divN/A,divN/A,divN/A,False,1756829657859772416
DivN/A,divN/A,divN/A,divN/A,divN/A,divN/A,False,1852388696575586304
DivN/A,divN/A,divN/A,divN/A,divN/A,divN/A,False,1833681234008195584
DivN/A,divN/A,divN/A,divN/A,divN/A,divN/A,False,1857827703019417856
DivN/A,divN/A,divN/A,divN/A,divN/A,divN/A,False,1868727749176967168
DivN/A,divN/A,divN/A,divN/A,divN/A,divN/A,False,1853114584749552128
DivN/A,divN/A,divN/A,divN/A,divN/A,divN/A,False,1793550181214130176
DivN/A,divN/A,divN/A,divN/A,divN/A,divN/A,False,1860553255979298816
DivN/A,divN/A,divN/A,divN/A,divN/A,divN/A,False,1881798404600107520
DivN/A,divN/A,divN/A,divN/A,divN/A,divN/A,False,1854107253650931712
DivN/A,divN/A,divN/A,divN/A,divN/A,divN/A,False,1762862018275553280
DivN/A,divN/A,divN/A,divN/A,divN/A,divN/A,False,1803390932848394496
DivN/A,divN/A,divN/A,divN/A,divN/A,divN/A,False,1755327784082116608
DivN/A,divN/A,divN/A,divN/A,divN/A,divN/A,False,1749612064153190656
DivN/A,divN/A,divN/A,divN/A,divN/A,divN/A,False,1872835273647898880
DivN/A,divN/A,divN/A,divN/A,divN/A,divN/A,False,1733116902166180096
DivN/A,divN/A,divN/A,divN/A,divN/A,divN/A,False,1866586969054327296
DivN/A,divN/A,divN/A,divN/A,divN/A,divN/A,False,1818758494922981376
DivN/A,divN/A,divN/A,divN/A,divN/A,divN/A,False,1869804783688933376
DivN/A,divN/A,divN/A,divN/A,divN/A,divN/A,False,1855356099785835008
DivN/A,divN/A,divN/A,divN/A,divN/A,divN/A,False,1771614152944922880
DivN/A,divN/A,divN/A,divN/A,divN/A,divN/A,False,1844466179865555200
DivN/A,divN/A,divN/A,divN/A,divN/A,divN/A,False,1698087190981447680
DivN/A,divN/A,divN/A,divN/A,divN/A,divN/A,False,1875958168117006336
DivN/A,divN/A,divN/A,divN/A,divN/A,divN/A,False,1854113790142324736
DivN/A,divN/A,divN/A,divN/A,divN/A,divN/A,False,1848137117794226688
DivN/A,divN/A,divN/A,divN/A,divN/A,divN/A,False,1775722272759951616
DivN/A,divN/A,divN/A,divN/A,divN/A,divN/A,False,1803883370415304704
DivN/A,divN/A,divN/A,divN/A,divN/A,divN/A,False,1779923351504384000
DivN/A,divN/A,divN/A,divN/A,divN/A,divN/A,False,1797077012575646208
DivN/A,divN/A,divN/A,divN/A,divN/A,divN/A,False,1707745716024606976
DivN/A,divN/A,divN/A,divN/A,divN/A,divN/A,False,1708041738537881600
DivN/A,divN/A,divN/A,divN/A,divN/A,divN/A,False,1876685864132088064
DivN/A,divN/A,divN/A,divN/A,divN/A,divN/A,False,1812359768993931776
DivN/A,divN/A,divN/A,divN/A,divN/A,divN/A,False,1867977855977545984
DivN/A,divN/A,divN/A,divN/A,divN/A,divN/A,False,1879443148549825024
DivN/A,divN/A,divN/A,divN/A,divN/A,divN/A,False,1816957347782422784
DivN/A,divN/A,divN/A,divN/A,divN/A,divN/A,False,1875542820909453312
DivN/A,divN/A,divN/A,divN/A,divN/A,divN/A,False,1878194278330974464
DivN/A,divN/A,divN/A,divN/A,divN/A,divN/A,False,1861777105182134272
DivN/A,divN/A,divN/A,divN/A,divN/A,divN/A,False,1874157911238496768
DivN/A,divN/A,divN/A,divN/A,divN/A,divN/A,False,1780354983457644800
DivN/A,divN/A,divN/A,divN/A,divN/A,divN/A,False,1791225113112609280
DivN/A,divN/A,divN/A,divN/A,divN/A,divN/A,False,1808264991763468544
DivN/A,divN/A,divN/A,divN/A,divN/A,divN/A,False,1768131451680129280
DivN/A,divN/A,divN/A,divN/A,divN/A,divN/A,False,1760330004330893824
DivN/A,divN/A,divN/A,divN/A,divN/A,divN/A,False,1842681400396317184
DivN/A,divN/A,divN/A,divN/A,divN/A,divN/A,False,1732548464406397440
DivN/A,divN/A,divN/A,divN/A,divN/A,divN/A,False,1785074227298844672
DivN/A,divN/A,divN/A,divN/A,divN/A,divN/A,False,1817012147026579456
DivN/A,divN/A,divN/A,divN/A,divN/A,divN/A,False,1869442375388742144
DivN/A,divN/A,divN/A,divN/A,divN/A,divN/A,False,1812932096996090368
DivN/A,divN/A,divN/A,divN/A,divN/A,divN/A,False,1753549370568368384
DivN/A,divN/A,divN/A,divN/A,divN/A,divN/A,False,1799912467952480768
DivN/A,divN/A,divN/A,divN/A,divN/A,divN/A,False,1857674464940667136
DivN/A,divN/A,divN/A,divN/A,divN/A,divN/A,False,1754357138028146944
DivN/A,divN/A,divN/A,divN/A,divN/A,divN/A,False,1717838798778688000
DivN/A,divN/A,divN/A,divN/A,divN/A,divN/A,False,1788946337330819584
DivN/A,divN/A,divN/A,divN/A,divN/A,divN/A,False,1840132375537209600
DivN/A,divN/A,divN/A,divN/A,divN/A,divN/A,False,1876362530303680512
DivN/A,divN/A,divN/A,divN/A,divN/A,divN/A,False,1854130718021935360
DivN/A,divN/A,divN/A,divN/A,divN/A,divN/A,False,1850352183960642048
DivN/A,divN/A,divN/A,divN/A,divN/A,divN/A,False,1832818680645685760
DivN/A,divN/A,divN/A,divN/A,divN/A,divN/A,False,1873834088718885120
DivN/A,divN/A,divN/A,divN/A,divN/A,divN/A,False,1711033701415432192
DivN/A,divN/A,divN/A,divN/A,divN/A,divN/A,False,1818014524672520704
DivN/A,divN/A,divN/A,divN/A,divN/A,divN/A,False,1862461545805971968
DivN/A,divN/A,divN/A,divN/A,divN/A,divN/A,False,1798659631448801792
DivN/A,divN/A,divN/A,divN/A,divN/A,divN/A,False,1835792725154910720
DivN/A,divN/A,divN/A,divN/A,divN/A,divN/A,False,1816929100532945408
DivN/A,divN/A,divN/A,divN/A,divN/A,divN/A,False,1767601505639526656
DivN/A,divN/A,divN/A,divN/A,divN/A,divN/A,False,1834244633372619264
DivN/A,divN/A,divN/A,divN/A,divN/A,divN/A,False,1869608111998128128
"so to ppl who are confused, hybe wanted to merge with KQE (ATEEZ's company) but they refused & since then hybe literally tried to buy up all of ateez’s resources including BBT but the reason you barely heard about it was because everybody except one stayed loyal to atz/kq",5.3M,324,12K,67K,8.8K,False,1879648030649172224
DivN/A,divN/A,divN/A,divN/A,divN/A,divN/A,False,1817992302490697984
DivN/A,divN/A,divN/A,divN/A,divN/A,divN/A,False,1754623037738045696
DivN/A,divN/A,divN/A,divN/A,divN/A,divN/A,False,1843408424828129536
DivN/A,divN/A,divN/A,divN/A,divN/A,divN/A,False,1862707001496613376
DivN/A,divN/A,divN/A,divN/A,divN/A,divN/A,False,1867660778565955840
DivN/A,divN/A,divN/A,divN/A,divN/A,divN/A,False,1774933097626423296
DivN/A,divN/A,divN/A,divN/A,divN/A,divN/A,False,1802647539734204928
DivN/A,divN/A,divN/A,divN/A,divN/A,divN/A,False,1866477597804367872
DivN/A,divN/A,divN/A,divN/A,divN/A,divN/A,False,1778814416370192896
DivN/A,divN/A,divN/A,divN/A,divN/A,divN/A,False,1783049915800736000
DivN/A,divN/A,divN/A,divN/A,divN/A,divN/A,False,1785019246210097664
DivN/A,divN/A,divN/A,divN/A,divN/A,divN/A,False,1811344461022073344
DivN/A,divN/A,divN/A,divN/A,divN/A,divN/A,False,1844305197776110080
DivN/A,divN/A,divN/A,divN/A,divN/A,divN/A,False,1847153679172096000
DivN/A,divN/A,divN/A,divN/A,divN/A,divN/A,False,1825230535553114112
DivN/A,divN/A,divN/A,divN/A,divN/A,divN/A,False,1841722671685345280
DivN/A,divN/A,divN/A,divN/A,divN/A,divN/A,False,1802444175570313728
DivN/A,divN/A,divN/A,divN/A,divN/A,divN/A,False,1865428642446168320
DivN/A,divN/A,divN/A,divN/A,divN/A,divN/A,False,1742959346936381696
DivN/A,divN/A,divN/A,divN/A,divN/A,divN/A,False,1819523324260897024
DivN/A,divN/A,divN/A,divN/A,divN/A,divN/A,False,1861191441231282688
DivN/A,divN/A,divN/A,divN/A,divN/A,divN/A,False,1774532960164933632
DivN/A,divN/A,divN/A,divN/A,divN/A,divN/A,False,1811137445171204096
DivN/A,divN/A,divN/A,divN/A,divN/A,divN/A,False,1836252016785375744
DivN/A,divN/A,divN/A,divN/A,divN/A,divN/A,False,1856584240248566016
DivN/A,divN/A,divN/A,divN/A,divN/A,divN/A,False,1866928450524639744
DivN/A,divN/A,divN/A,divN/A,divN/A,divN/A,False,1823469160891855360
DivN/A,divN/A,divN/A,divN/A,divN/A,divN/A,False,1874625291538350336
DivN/A,divN/A,divN/A,divN/A,divN/A,divN/A,False,1669162885652553728
DivN/A,divN/A,divN/A,divN/A,divN/A,divN/A,False,1800429529720053760
DivN/A,divN/A,divN/A,divN/A,divN/A,divN/A,False,1797364486908846080
DivN/A,divN/A,divN/A,divN/A,divN/A,divN/A,False,1801233618720768000
DivN/A,divN/A,divN/A,divN/A,divN/A,divN/A,False,1856814212041117696
DivN/A,divN/A,divN/A,divN/A,divN/A,divN/A,False,1852082979125813504
DivN/A,divN/A,divN/A,divN/A,divN/A,divN/A,False,1839798991438954496
DivN/A,divN/A,divN/A,divN/A,divN/A,divN/A,False,1843826070002499840
DivN/A,divN/A,divN/A,divN/A,divN/A,divN/A,False,1767022678072766720
DivN/A,divN/A,divN/A,divN/A,divN/A,divN/A,False,1800012906614177792
DivN/A,divN/A,divN/A,divN/A,divN/A,divN/A,False,1856491694994125056
DivN/A,divN/A,divN/A,divN/A,divN/A,divN/A,False,1757357184566841344
DivN/A,divN/A,divN/A,divN/A,divN/A,divN/A,False,1768306476374716928
DivN/A,divN/A,divN/A,divN/A,divN/A,divN/A,False,1700253217504862464
DivN/A,divN/A,divN/A,divN/A,divN/A,divN/A,False,1713324410008989696
DivN/A,divN/A,divN/A,divN/A,divN/A,divN/A,False,1802814627870363904
DivN/A,divN/A,divN/A,divN/A,divN/A,divN/A,False,1782461468073419264
DivN/A,divN/A,divN/A,divN/A,divN/A,divN/A,False,1859643981975699968
DivN/A,divN/A,divN/A,divN/A,divN/A,divN/A,False,1814328757647216640
I really like the new like animation,16.9M,103,125,23K,101,False,1690903510819508224
DivN/A,divN/A,divN/A,divN/A,divN/A,divN/A,False,1824574726175440896
DivN/A,divN/A,divN/A,divN/A,divN/A,divN/A,False,1841167259391160576
DivN/A,divN/A,divN/A,divN/A,divN/A,divN/A,False,1.758099392333e+18
DivN/A,divN/A,divN/A,divN/A,divN/A,divN/A,False,1870587178436456704
DivN/A,divN/A,divN/A,divN/A,divN/A,divN/A,False,1871262111151882496
DivN/A,divN/A,divN/A,divN/A,divN/A,divN/A,False,1822596120952135680
DivN/A,divN/A,divN/A,divN/A,divN/A,divN/A,False,1871160886146277888
DivN/A,divN/A,divN/A,divN/A,divN/A,divN/A,False,1813306467757281536
DivN/A,divN/A,divN/A,divN/A,divN/A,divN/A,False,1816826741626634240
DivN/A,divN/A,divN/A,divN/A,divN/A,divN/A,False,1857075012093812736
DivN/A,divN/A,divN/A,divN/A,divN/A,divN/A,False,1877749105486610944
DivN/A,divN/A,divN/A,divN/A,divN/A,divN/A,False,1662893154977083392
DivN/A,divN/A,divN/A,divN/A,divN/A,divN/A,False,1725628450893893632
DivN/A,divN/A,divN/A,divN/A,divN/A,divN/A,False,1762216310778327296
DivN/A,divN/A,divN/A,divN/A,divN/A,divN/A,False,1854033397813056000
DivN/A,divN/A,divN/A,divN/A,divN/A,divN/A,False,1822458570102763776
DivN/A,divN/A,divN/A,divN/A,divN/A,divN/A,False,1786189907393741056
DivN/A,divN/A,divN/A,divN/A,divN/A,divN/A,False,1789483743834460416
DivN/A,divN/A,divN/A,divN/A,divN/A,divN/A,False,1799455035182715136
DivN/A,divN/A,divN/A,divN/A,divN/A,divN/A,False,1800959609982571008
DivN/A,divN/A,divN/A,divN/A,divN/A,divN/A,False,1819799251943334400
DivN/A,divN/A,divN/A,divN/A,divN/A,divN/A,False,1714743268196430080
DivN/A,divN/A,divN/A,divN/A,divN/A,divN/A,False,1754678796958204160
DivN/A,divN/A,divN/A,divN/A,divN/A,divN/A,False,1757845354513310208
DivN/A,divN/A,divN/A,divN/A,divN/A,divN/A,False,1783278311331840000
DivN/A,divN/A,divN/A,divN/A,divN/A,divN/A,False,1822413394474876928
DivN/A,divN/A,divN/A,divN/A,divN/A,divN/A,False,1881514312411324928
DivN/A,divN/A,divN/A,divN/A,divN/A,divN/A,False,1881859507900523008
DivN/A,divN/A,divN/A,divN/A,divN/A,divN/A,False,1882285294088777984
DivN/A,divN/A,divN/A,divN/A,divN/A,divN/A,False,1842631521070670080
DivN/A,divN/A,divN/A,divN/A,divN/A,divN/A,False,1835346427368903168
DivN/A,divN/A,divN/A,divN/A,divN/A,divN/A,False,1857418014133489920
DivN/A,divN/A,divN/A,divN/A,divN/A,divN/A,False,1812598092728070400
DivN/A,divN/A,divN/A,divN/A,divN/A,divN/A,False,1828790517045571584
DivN/A,divN/A,divN/A,divN/A,divN/A,divN/A,False,1853498604561834240
DivN/A,divN/A,divN/A,divN/A,divN/A,divN/A,False,1857403613829636608
DivN/A,divN/A,divN/A,divN/A,divN/A,divN/A,False,1858531122151321856
DivN/A,divN/A,divN/A,divN/A,divN/A,divN/A,False,1756045201125085696
DivN/A,divN/A,divN/A,divN/A,divN/A,divN/A,False,1818590930162557184
DivN/A,divN/A,divN/A,divN/A,divN/A,divN/A,False,1843389785832075776
DivN/A,divN/A,divN/A,divN/A,divN/A,divN/A,False,1872402509941355008
DivN/A,divN/A,divN/A,divN/A,divN/A,divN/A,False,1831845373436215808
DivN/A,divN/A,divN/A,divN/A,divN/A,divN/A,False,1870696345713234432
DivN/A,divN/A,divN/A,divN/A,divN/A,divN/A,False,1727453250784227584
DivN/A,divN/A,divN/A,divN/A,divN/A,divN/A,False,1851031313182314496
DivN/A,divN/A,divN/A,divN/A,divN/A,divN/A,False,1772716555962388736
DivN/A,divN/A,divN/A,divN/A,divN/A,divN/A,False,1774957418599928064
DivN/A,divN/A,divN/A,divN/A,divN/A,divN/A,False,1775567702624739840
DivN/A,divN/A,divN/A,divN/A,divN/A,divN/A,False,1776669236808597760
DivN/A,divN/A,divN/A,divN/A,divN/A,divN/A,False,1779794828823519232
DivN/A,divN/A,divN/A,divN/A,divN/A,divN/A,False,1784473014148428288
DivN/A,divN/A,divN/A,divN/A,divN/A,divN/A,False,1784961661750968320
DivN/A,divN/A,divN/A,divN/A,divN/A,divN/A,False,1791623500689781248
DivN/A,divN/A,divN/A,divN/A,divN/A,divN/A,False,1881391189670433280
DivN/A,divN/A,divN/A,divN/A,divN/A,divN/A,False,1851257701092716800
DivN/A,divN/A,divN/A,divN/A,divN/A,divN/A,False,1872645144354197760
DivN/A,divN/A,divN/A,divN/A,divN/A,divN/A,False,1.835470476464e+18
DivN/A,divN/A,divN/A,divN/A,divN/A,divN/A,False,1854724352291320064
DivN/A,divN/A,divN/A,divN/A,divN/A,divN/A,False,1881435403129172480
DivN/A,divN/A,divN/A,divN/A,divN/A,divN/A,False,1700180452387049472
DivN/A,divN/A,divN/A,divN/A,divN/A,divN/A,False,1857240871957344256
DivN/A,divN/A,divN/A,divN/A,divN/A,divN/A,False,1796487968758378496
DivN/A,divN/A,divN/A,divN/A,divN/A,divN/A,False,1881072690523729920
DivN/A,divN/A,divN/A,divN/A,divN/A,divN/A,False,1772736530123026432
DivN/A,divN/A,divN/A,divN/A,divN/A,divN/A,False,1830301728253878272
DivN/A,divN/A,divN/A,divN/A,divN/A,divN/A,False,1791944534194016768
DivN/A,divN/A,divN/A,divN/A,divN/A,divN/A,False,1807591743053021440
DivN/A,divN/A,divN/A,divN/A,divN/A,divN/A,False,1781699342178332672
DivN/A,divN/A,divN/A,divN/A,divN/A,divN/A,False,1881445053396394240
DivN/A,divN/A,divN/A,divN/A,divN/A,divN/A,False,1815204749232525312
DivN/A,divN/A,divN/A,divN/A,divN/A,divN/A,False,1821234763190910976
DivN/A,divN/A,divN/A,divN/A,divN/A,divN/A,False,1850964254075339264
DivN/A,divN/A,divN/A,divN/A,divN/A,divN/A,False,1850944101803573504
DivN/A,divN/A,divN/A,divN/A,divN/A,divN/A,False,1800722070302872064
DivN/A,divN/A,divN/A,divN/A,divN/A,divN/A,False,1814974253575361024
DivN/A,divN/A,divN/A,divN/A,divN/A,divN/A,False,1814909088683471104
DivN/A,divN/A,divN/A,divN/A,divN/A,divN/A,False,1815144974385623040
DivN/A,divN/A,divN/A,divN/A,divN/A,divN/A,False,1806640127122575616
DivN/A,divN/A,divN/A,divN/A,divN/A,divN/A,False,1814063972783374848
DivN/A,divN/A,divN/A,divN/A,divN/A,divN/A,False,1854541428270977280
DivN/A,divN/A,divN/A,divN/A,divN/A,divN/A,False,1864840759301779456
DivN/A,divN/A,divN/A,divN/A,divN/A,divN/A,False,1843827745354330112
DivN/A,divN/A,divN/A,divN/A,divN/A,divN/A,False,1854616438717497344
DivN/A,divN/A,divN/A,divN/A,divN/A,divN/A,False,1859211747833332224
DivN/A,divN/A,divN/A,divN/A,divN/A,divN/A,False,1856572236863303936
DivN/A,divN/A,divN/A,divN/A,divN/A,divN/A,False,1873682998681616896
DivN/A,divN/A,divN/A,divN/A,divN/A,divN/A,False,1829835836268929280
DivN/A,divN/A,divN/A,divN/A,divN/A,divN/A,False,1856493687183671808
DivN/A,divN/A,divN/A,divN/A,divN/A,divN/A,False,1831889954156507648
DivN/A,divN/A,divN/A,divN/A,divN/A,divN/A,False,1849887876064084480
DivN/A,divN/A,divN/A,divN/A,divN/A,divN/A,False,1851272255801593856
DivN/A,divN/A,divN/A,divN/A,divN/A,divN/A,False,1800432222610301184
DivN/A,divN/A,divN/A,divN/A,divN/A,divN/A,False,1775939587589689600
DivN/A,divN/A,divN/A,divN/A,divN/A,divN/A,False,1837991951624216576
DivN/A,divN/A,divN/A,divN/A,divN/A,divN/A,False,1872087182967546368
DivN/A,divN/A,divN/A,divN/A,divN/A,divN/A,False,1811342218285797888
DivN/A,divN/A,divN/A,divN/A,divN/A,divN/A,False,1787740176695112192
DivN/A,divN/A,divN/A,divN/A,divN/A,divN/A,False,1.800996834028e+18
DivN/A,divN/A,divN/A,divN/A,divN/A,divN/A,False,1822047974102364160
DivN/A,divN/A,divN/A,divN/A,divN/A,divN/A,False,1782200162846220800
DivN/A,divN/A,divN/A,divN/A,divN/A,divN/A,False,1849509738461135360
DivN/A,divN/A,divN/A,divN/A,divN/A,divN/A,False,1873440095690244608
DivN/A,divN/A,divN/A,divN/A,divN/A,divN/A,False,1829531525131689984
DivN/A,divN/A,divN/A,divN/A,divN/A,divN/A,False,1875296149579411968
DivN/A,divN/A,divN/A,divN/A,divN/A,divN/A,False,1880635961228587520
"When I’m President, if foreign students are out there celebrating terrorism, I will cancel their visas and send them home.",7M,6.6K,7.2K,47K,410,False,1715766002141508096
DivN/A,divN/A,divN/A,divN/A,divN/A,divN/A,False,1852767274303905792
DivN/A,divN/A,divN/A,divN/A,divN/A,divN/A,False,1867772538291400704
DivN/A,divN/A,divN/A,divN/A,divN/A,divN/A,False,1881509889966825984
DivN/A,divN/A,divN/A,divN/A,divN/A,divN/A,False,1788443305761513472
DivN/A,divN/A,divN/A,divN/A,divN/A,divN/A,False,1840022565265305856
DivN/A,divN/A,divN/A,divN/A,divN/A,divN/A,False,1757049381893644288
DivN/A,divN/A,divN/A,divN/A,divN/A,divN/A,False,1838035528089755648
DivN/A,divN/A,divN/A,divN/A,divN/A,divN/A,False,1873792379704197632
DivN/A,divN/A,divN/A,divN/A,divN/A,divN/A,False,1817246588991164416
DivN/A,divN/A,divN/A,divN/A,divN/A,divN/A,False,1802360529136033792
DivN/A,divN/A,divN/A,divN/A,divN/A,divN/A,False,1847050724862988544
DivN/A,divN/A,divN/A,divN/A,divN/A,divN/A,False,1840079212176163328
DivN/A,divN/A,divN/A,divN/A,divN/A,divN/A,False,1785823460897259776
DivN/A,divN/A,divN/A,divN/A,divN/A,divN/A,False,1791504050581631488
DivN/A,divN/A,divN/A,divN/A,divN/A,divN/A,False,1.793304530832e+18
DivN/A,divN/A,divN/A,divN/A,divN/A,divN/A,False,1848774719853498624
DivN/A,divN/A,divN/A,divN/A,divN/A,divN/A,False,1.849086840072e+18
DivN/A,divN/A,divN/A,divN/A,divN/A,divN/A,False,1777839158083342336
DivN/A,divN/A,divN/A,divN/A,divN/A,divN/A,False,1806505731988046080
DivN/A,divN/A,divN/A,divN/A,divN/A,divN/A,False,1866846935069393408
DivN/A,divN/A,divN/A,divN/A,divN/A,divN/A,False,1877723179549904896
DivN/A,divN/A,divN/A,divN/A,divN/A,divN/A,False,1776944860085305600
DivN/A,divN/A,divN/A,divN/A,divN/A,divN/A,False,1799776417712099328
DivN/A,divN/A,divN/A,divN/A,divN/A,divN/A,False,1754592389400829952
DivN/A,divN/A,divN/A,divN/A,divN/A,divN/A,False,1832805919781974528
DivN/A,divN/A,divN/A,divN/A,divN/A,divN/A,False,1881752108950753536
DivN/A,divN/A,divN/A,divN/A,divN/A,divN/A,False,1860451496711655936
DivN/A,divN/A,divN/A,divN/A,divN/A,divN/A,False,1816200931848950016
DivN/A,divN/A,divN/A,divN/A,divN/A,divN/A,False,1800330426646397184
DivN/A,divN/A,divN/A,divN/A,divN/A,divN/A,False,1755851825054433792
DivN/A,divN/A,divN/A,divN/A,divN/A,divN/A,False,1876255231807467776
DivN/A,divN/A,divN/A,divN/A,divN/A,divN/A,False,1847131823412855040
DivN/A,divN/A,divN/A,divN/A,divN/A,divN/A,False,1816464836022190336
DivN/A,divN/A,divN/A,divN/A,divN/A,divN/A,False,1821796789327983104
DivN/A,divN/A,divN/A,divN/A,divN/A,divN/A,False,1854054328945754624
DivN/A,divN/A,divN/A,divN/A,divN/A,divN/A,False,1852016972797456896
DivN/A,divN/A,divN/A,divN/A,divN/A,divN/A,False,1852296689094169088
DivN/A,divN/A,divN/A,divN/A,divN/A,divN/A,False,1871005013176205824
DivN/A,divN/A,divN/A,divN/A,divN/A,divN/A,False,1802032079250579968
DivN/A,divN/A,divN/A,divN/A,divN/A,divN/A,False,1818329819010216448
DivN/A,divN/A,divN/A,divN/A,divN/A,divN/A,False,1872352770038350080
DivN/A,divN/A,divN/A,divN/A,divN/A,divN/A,False,1864993893907079424
DivN/A,divN/A,divN/A,divN/A,divN/A,divN/A,False,1630409650360180736
DivN/A,divN/A,divN/A,divN/A,divN/A,divN/A,False,1633218199981375488
DivN/A,divN/A,divN/A,divN/A,divN/A,divN/A,False,1636452680900943872
"I grew up in a lower, transitioning to upper, middle income situation, but did not have a happy childhood. Haven’t inherited anything ever from anyone, nor has anyone given me a large financial gift.

My father created a small electrical/mechanical engineering company that was successful for 20 to 30 years, but it fell on hard times. He has been essentially bankrupt for about 25 years, requiring financial support from my brother and me. 

That said, he does deserve credit for teaching me the fundamentals of physics, engineering and construction, which is more valuable than money, but did not support me financially after high school in any meaningful way.

Our condition of providing him financial support was that he not engage in bad behavior. Unfortunately, he nonetheless did. There are young children involved, so we continued to provide financial support for their well-being.

Regarding the so-called “emerald mine”, there is no objective evidence whatsoever that this mine ever existed. He told me that he owned a share in a mine in Zambia, and I believed him for a while, but nobody has ever seen the mine, nor are there any records of its existence. 

If this mine was real, he would not require financial support from my brother and me.",26.3M,12K,24K,228K,11K,False,1654971702571331584
DivN/A,divN/A,divN/A,divN/A,divN/A,divN/A,False,1740866573655810304
DivN/A,divN/A,divN/A,divN/A,divN/A,divN/A,False,1729924832769315328
DivN/A,divN/A,divN/A,divN/A,divN/A,divN/A,False,1881378137734521344
DivN/A,divN/A,divN/A,divN/A,divN/A,divN/A,False,1695173785287282944
DivN/A,divN/A,divN/A,divN/A,divN/A,divN/A,False,1822290757757116416
DivN/A,divN/A,divN/A,divN/A,divN/A,divN/A,False,1881404382610444544
DivN/A,divN/A,divN/A,divN/A,divN/A,divN/A,False,1852743223841636864
DivN/A,divN/A,divN/A,divN/A,divN/A,divN/A,False,1809617629394375168
DivN/A,divN/A,divN/A,divN/A,divN/A,divN/A,False,1694979875034058752
DivN/A,divN/A,divN/A,divN/A,divN/A,divN/A,False,1869752482781712896
DivN/A,divN/A,divN/A,divN/A,divN/A,divN/A,False,1837467701759152384
DivN/A,divN/A,divN/A,divN/A,divN/A,divN/A,False,1836265028540051968
DivN/A,divN/A,divN/A,divN/A,divN/A,divN/A,False,1848132325797969920
DivN/A,divN/A,divN/A,divN/A,divN/A,divN/A,False,1872153599155019776
DivN/A,divN/A,divN/A,divN/A,divN/A,divN/A,False,1855258303011356672
DivN/A,divN/A,divN/A,divN/A,divN/A,divN/A,False,1783202234085314816
DivN/A,divN/A,divN/A,divN/A,divN/A,divN/A,False,1769347889392730112
DivN/A,divN/A,divN/A,divN/A,divN/A,divN/A,False,1648033861152960512
DivN/A,divN/A,divN/A,divN/A,divN/A,divN/A,False,1820191474350477824
DivN/A,divN/A,divN/A,divN/A,divN/A,divN/A,False,1875297412501401856
DivN/A,divN/A,divN/A,divN/A,divN/A,divN/A,False,1881804837668684288
DivN/A,divN/A,divN/A,divN/A,divN/A,divN/A,False,1819805613901422592
DivN/A,divN/A,divN/A,divN/A,divN/A,divN/A,False,1806016244643938560
DivN/A,divN/A,divN/A,divN/A,divN/A,divN/A,False,1869771595226710016
DivN/A,divN/A,divN/A,divN/A,divN/A,divN/A,False,1866191741755543552
DivN/A,divN/A,divN/A,divN/A,divN/A,divN/A,False,1881422081331761664
DivN/A,divN/A,divN/A,divN/A,divN/A,divN/A,False,1807087090150380032
DivN/A,divN/A,divN/A,divN/A,divN/A,divN/A,False,1815132922506068224
DivN/A,divN/A,divN/A,divN/A,divN/A,divN/A,False,1872316097900212480
DivN/A,divN/A,divN/A,divN/A,divN/A,divN/A,False,1744414371348902400
DivN/A,divN/A,divN/A,divN/A,divN/A,divN/A,False,1832977479973109760
DivN/A,divN/A,divN/A,divN/A,divN/A,divN/A,False,1842121187461042176
DivN/A,divN/A,divN/A,divN/A,divN/A,divN/A,False,1847886429189525504
DivN/A,divN/A,divN/A,divN/A,divN/A,divN/A,False,1837575592562073856
DivN/A,divN/A,divN/A,divN/A,divN/A,divN/A,False,1815421920353141248
DivN/A,divN/A,divN/A,divN/A,divN/A,divN/A,False,1825953557364756480
DivN/A,divN/A,divN/A,divN/A,divN/A,divN/A,False,1863766204973768704
DivN/A,divN/A,divN/A,divN/A,divN/A,divN/A,False,1852803409444733440
DivN/A,divN/A,divN/A,divN/A,divN/A,divN/A,False,1863058674559688960
DivN/A,divN/A,divN/A,divN/A,divN/A,divN/A,False,1804900861606232320
DivN/A,divN/A,divN/A,divN/A,divN/A,divN/A,False,1816170640962961920
DivN/A,divN/A,divN/A,divN/A,divN/A,divN/A,False,1882079487023796480
DivN/A,divN/A,divN/A,divN/A,divN/A,divN/A,False,1771575235424203264
DivN/A,divN/A,divN/A,divN/A,divN/A,divN/A,False,1828170199717290240
DivN/A,divN/A,divN/A,divN/A,divN/A,divN/A,False,1835669975425560576
DivN/A,divN/A,divN/A,divN/A,divN/A,divN/A,False,1854823001302208512
DivN/A,divN/A,divN/A,divN/A,divN/A,divN/A,False,1815878840322859520
DivN/A,divN/A,divN/A,divN/A,divN/A,divN/A,False,1879544075205881856
DivN/A,divN/A,divN/A,divN/A,divN/A,divN/A,False,1881819543510962176
DivN/A,divN/A,divN/A,divN/A,divN/A,divN/A,False,1870804977192407296
DivN/A,divN/A,divN/A,divN/A,divN/A,divN/A,False,1784107612964876800
DivN/A,divN/A,divN/A,divN/A,divN/A,divN/A,False,1714201336709894144
DivN/A,divN/A,divN/A,divN/A,divN/A,divN/A,False,1716843075211792640
DivN/A,divN/A,divN/A,divN/A,divN/A,divN/A,False,1866135721796411392
DivN/A,divN/A,divN/A,divN/A,divN/A,divN/A,False,1815519696424161280
DivN/A,divN/A,divN/A,divN/A,divN/A,divN/A,False,1744812986118631424
DivN/A,divN/A,divN/A,divN/A,divN/A,divN/A,False,1880221013990076928
DivN/A,divN/A,divN/A,divN/A,divN/A,divN/A,False,1851489360908079360
DivN/A,divN/A,divN/A,divN/A,divN/A,divN/A,False,1873784954783699456
DivN/A,divN/A,divN/A,divN/A,divN/A,divN/A,False,1750617779357798656
DivN/A,divN/A,divN/A,divN/A,divN/A,divN/A,False,1833737789495513344
DivN/A,divN/A,divN/A,divN/A,divN/A,divN/A,False,1854523950891487744
DivN/A,divN/A,divN/A,divN/A,divN/A,divN/A,False,1820505465639375104
DivN/A,divN/A,divN/A,divN/A,divN/A,divN/A,False,1767925285008064512
DivN/A,divN/A,divN/A,divN/A,divN/A,divN/A,False,1668422935172792320
DivN/A,divN/A,divN/A,divN/A,divN/A,divN/A,False,1825155699045019904
DivN/A,divN/A,divN/A,divN/A,divN/A,divN/A,False,1745758462435312128
DivN/A,divN/A,divN/A,divN/A,divN/A,divN/A,False,1854984468366586368
DivN/A,divN/A,divN/A,divN/A,divN/A,divN/A,False,1805678097695449344
DivN/A,divN/A,divN/A,divN/A,divN/A,divN/A,False,1735246733859336192
DivN/A,divN/A,divN/A,divN/A,divN/A,divN/A,False,1852102432760717312
DivN/A,divN/A,divN/A,divN/A,divN/A,divN/A,False,1847537096401310208
DivN/A,divN/A,divN/A,divN/A,divN/A,divN/A,False,1802845460702298112
DivN/A,divN/A,divN/A,divN/A,divN/A,divN/A,False,1829644452845273344
DivN/A,divN/A,divN/A,divN/A,divN/A,divN/A,False,1850244882121564416
DivN/A,divN/A,divN/A,divN/A,divN/A,divN/A,False,1842645725005615104
DivN/A,divN/A,divN/A,divN/A,divN/A,divN/A,False,1760796097583194624
DivN/A,divN/A,divN/A,divN/A,divN/A,divN/A,False,1849722666325836288
DivN/A,divN/A,divN/A,divN/A,divN/A,divN/A,False,1824914807201411072
DivN/A,divN/A,divN/A,divN/A,divN/A,divN/A,False,1874270545774317824
DivN/A,divN/A,divN/A,divN/A,divN/A,divN/A,False,1877198575400112384
DivN/A,divN/A,divN/A,divN/A,divN/A,divN/A,False,1825342657935126784
DivN/A,divN/A,divN/A,divN/A,divN/A,divN/A,False,1734286857502970368
DivN/A,divN/A,divN/A,divN/A,divN/A,divN/A,False,1870922860996518400
DivN/A,divN/A,divN/A,divN/A,divN/A,divN/A,False,1733976557255827456
DivN/A,divN/A,divN/A,divN/A,divN/A,divN/A,False,1739805312432152576
DivN/A,divN/A,divN/A,divN/A,divN/A,divN/A,False,1812576954098323456
DivN/A,divN/A,divN/A,divN/A,divN/A,divN/A,False,1806364824911356160
DivN/A,divN/A,divN/A,divN/A,divN/A,divN/A,False,1793719553987371264
DivN/A,divN/A,divN/A,divN/A,divN/A,divN/A,False,1818999087103869184
DivN/A,divN/A,divN/A,divN/A,divN/A,divN/A,False,1868460289114735104
DivN/A,divN/A,divN/A,divN/A,divN/A,divN/A,False,1846288398698283264
DivN/A,divN/A,divN/A,divN/A,divN/A,divN/A,False,1868760985508757504
DivN/A,divN/A,divN/A,divN/A,divN/A,divN/A,False,1725581519006375936
DivN/A,divN/A,divN/A,divN/A,divN/A,divN/A,False,1803442374485455360
DivN/A,divN/A,divN/A,divN/A,divN/A,divN/A,False,1865881040075543040
DivN/A,divN/A,divN/A,divN/A,divN/A,divN/A,False,1848053893290512384
DivN/A,divN/A,divN/A,divN/A,divN/A,divN/A,False,1853197008250769664
DivN/A,divN/A,divN/A,divN/A,divN/A,divN/A,False,1856942575673827584
DivN/A,divN/A,divN/A,divN/A,divN/A,divN/A,False,1787502825586532864
DivN/A,divN/A,divN/A,divN/A,divN/A,divN/A,False,1845464284333011200
DivN/A,divN/A,divN/A,divN/A,divN/A,divN/A,False,1695449932277186816
DivN/A,divN/A,divN/A,divN/A,divN/A,divN/A,False,1757852932840522240
DivN/A,divN/A,divN/A,divN/A,divN/A,divN/A,False,1876475320024649984
DivN/A,divN/A,divN/A,divN/A,divN/A,divN/A,False,1852022814066302976
DivN/A,divN/A,divN/A,divN/A,divN/A,divN/A,False,1836812807662174720
DivN/A,divN/A,divN/A,divN/A,divN/A,divN/A,False,1876234932277682688
DivN/A,divN/A,divN/A,divN/A,divN/A,divN/A,False,1816022029096693760
DivN/A,divN/A,divN/A,divN/A,divN/A,divN/A,False,1818555066288422912
DivN/A,divN/A,divN/A,divN/A,divN/A,divN/A,False,1836086079994122496
DivN/A,divN/A,divN/A,divN/A,divN/A,divN/A,False,1837955528682603008
DivN/A,divN/A,divN/A,divN/A,divN/A,divN/A,False,1868729765777264896
DivN/A,divN/A,divN/A,divN/A,divN/A,divN/A,False,1870478675185205504
DivN/A,divN/A,divN/A,divN/A,divN/A,divN/A,False,1867486064752861184
DivN/A,divN/A,divN/A,divN/A,divN/A,divN/A,False,1877430887568052224
DivN/A,divN/A,divN/A,divN/A,divN/A,divN/A,False,1732885707771768832
DivN/A,divN/A,divN/A,divN/A,divN/A,divN/A,False,1877048834326483200
DivN/A,divN/A,divN/A,divN/A,divN/A,divN/A,False,1736082794013503744
DivN/A,divN/A,divN/A,divN/A,divN/A,divN/A,False,1848906211132833792
DivN/A,divN/A,divN/A,divN/A,divN/A,divN/A,False,1861799527507738880
DivN/A,divN/A,divN/A,divN/A,divN/A,divN/A,False,1782176399853228032
DivN/A,divN/A,divN/A,divN/A,divN/A,divN/A,False,1763578690623984128
DivN/A,divN/A,divN/A,divN/A,divN/A,divN/A,False,1736798257999675392
DivN/A,divN/A,divN/A,divN/A,divN/A,divN/A,False,1877026226625228800
DivN/A,divN/A,divN/A,divN/A,divN/A,divN/A,False,1880650489886540288
DivN/A,divN/A,divN/A,divN/A,divN/A,divN/A,False,1782851673481966080
DivN/A,divN/A,divN/A,divN/A,divN/A,divN/A,False,1881396801821114624
DivN/A,divN/A,divN/A,divN/A,divN/A,divN/A,False,1721568075022061824
DivN/A,divN/A,divN/A,divN/A,divN/A,divN/A,False,1743251834876178432
DivN/A,divN/A,divN/A,divN/A,divN/A,divN/A,False,1792028538780221696
DivN/A,divN/A,divN/A,divN/A,divN/A,divN/A,False,1798715571166642176
DivN/A,divN/A,divN/A,divN/A,divN/A,divN/A,False,1845626281221882368
DivN/A,divN/A,divN/A,divN/A,divN/A,divN/A,False,1852500874033324032
DivN/A,divN/A,divN/A,divN/A,divN/A,divN/A,False,1740839764117299200
DivN/A,divN/A,divN/A,divN/A,divN/A,divN/A,False,1.811646169569e+18
DivN/A,divN/A,divN/A,divN/A,divN/A,divN/A,False,1851030583134339072
DivN/A,divN/A,divN/A,divN/A,divN/A,divN/A,False,1819739634500341760
DivN/A,divN/A,divN/A,divN/A,divN/A,divN/A,False,1823756767055982592
DivN/A,divN/A,divN/A,divN/A,divN/A,divN/A,False,1828107157801234432
DivN/A,divN/A,divN/A,divN/A,divN/A,divN/A,False,1852810094674940160
DivN/A,divN/A,divN/A,divN/A,divN/A,divN/A,False,1876735961498841344
DivN/A,divN/A,divN/A,divN/A,divN/A,divN/A,False,1825907857767936000
DivN/A,divN/A,divN/A,divN/A,divN/A,divN/A,False,1.833540376202e+18
DivN/A,divN/A,divN/A,divN/A,divN/A,divN/A,False,1667890108090011648
DivN/A,divN/A,divN/A,divN/A,divN/A,divN/A,False,1875561474388558080
DivN/A,divN/A,divN/A,divN/A,divN/A,divN/A,False,1734580892981481472
DivN/A,divN/A,divN/A,divN/A,divN/A,divN/A,False,1818754759630684160
DivN/A,divN/A,divN/A,divN/A,divN/A,divN/A,False,1782224157549240576
DivN/A,divN/A,divN/A,divN/A,divN/A,divN/A,False,1.859134104526e+18
DivN/A,divN/A,divN/A,divN/A,divN/A,divN/A,False,1851944367876948224
DivN/A,divN/A,divN/A,divN/A,divN/A,divN/A,False,1848148838235951104
DivN/A,divN/A,divN/A,divN/A,divN/A,divN/A,False,1816435510984012288
DivN/A,divN/A,divN/A,divN/A,divN/A,divN/A,False,1843986239252463616
DivN/A,divN/A,divN/A,divN/A,divN/A,divN/A,False,1821985220255691264
DivN/A,divN/A,divN/A,divN/A,divN/A,divN/A,False,1821989762250453504
DivN/A,divN/A,divN/A,divN/A,divN/A,divN/A,False,1852030840546476032
DivN/A,divN/A,divN/A,divN/A,divN/A,divN/A,False,1701399458666177024
DivN/A,divN/A,divN/A,divN/A,divN/A,divN/A,False,1726150429170421760
DivN/A,divN/A,divN/A,divN/A,divN/A,divN/A,False,1857658690809073920
DivN/A,divN/A,divN/A,divN/A,divN/A,divN/A,False,1742065868769533952
DivN/A,divN/A,divN/A,divN/A,divN/A,divN/A,False,1801900195166228736
DivN/A,divN/A,divN/A,divN/A,divN/A,divN/A,False,1721180543566381568
DivN/A,divN/A,divN/A,divN/A,divN/A,divN/A,False,1723177188155908096
DivN/A,divN/A,divN/A,divN/A,divN/A,divN/A,False,1724102322786324736
DivN/A,divN/A,divN/A,divN/A,divN/A,divN/A,False,1728814900095700992
DivN/A,divN/A,divN/A,divN/A,divN/A,divN/A,False,1744024813306298624
DivN/A,divN/A,divN/A,divN/A,divN/A,divN/A,False,1747030560227184896
DivN/A,divN/A,divN/A,divN/A,divN/A,divN/A,False,1749493721840717824
DivN/A,divN/A,divN/A,divN/A,divN/A,divN/A,False,1754679217327845888
DivN/A,divN/A,divN/A,divN/A,divN/A,divN/A,False,1754942810103415040
DivN/A,divN/A,divN/A,divN/A,divN/A,divN/A,False,1755630828833394944
DivN/A,divN/A,divN/A,divN/A,divN/A,divN/A,False,1758198241135317504
DivN/A,divN/A,divN/A,divN/A,divN/A,divN/A,False,1758315925466705920
DivN/A,divN/A,divN/A,divN/A,divN/A,divN/A,False,1763210154575548928
DivN/A,divN/A,divN/A,divN/A,divN/A,divN/A,False,1764684620681854976
DivN/A,divN/A,divN/A,divN/A,divN/A,divN/A,False,1767604962224173056
DivN/A,divN/A,divN/A,divN/A,divN/A,divN/A,False,1769447001899356160
DivN/A,divN/A,divN/A,divN/A,divN/A,divN/A,False,1769771853785034752
DivN/A,divN/A,divN/A,divN/A,divN/A,divN/A,False,1778251706389688576
DivN/A,divN/A,divN/A,divN/A,divN/A,divN/A,False,1778505873200984320
DivN/A,divN/A,divN/A,divN/A,divN/A,divN/A,False,1780290141489373440
DivN/A,divN/A,divN/A,divN/A,divN/A,divN/A,False,1819535754109780224
DivN/A,divN/A,divN/A,divN/A,divN/A,divN/A,False,1837397915897040896
DivN/A,divN/A,divN/A,divN/A,divN/A,divN/A,False,1736478248035373568
DivN/A,divN/A,divN/A,divN/A,divN/A,divN/A,False,1793026901004394496
DivN/A,divN/A,divN/A,divN/A,divN/A,divN/A,False,1802229291268407296
DivN/A,divN/A,divN/A,divN/A,divN/A,divN/A,False,1819386424577122560
DivN/A,divN/A,divN/A,divN/A,divN/A,divN/A,False,1859978463748513792
DivN/A,divN/A,divN/A,divN/A,divN/A,divN/A,False,1772314147205578752
DivN/A,divN/A,divN/A,divN/A,divN/A,divN/A,False,1759326535603859456
DivN/A,divN/A,divN/A,divN/A,divN/A,divN/A,False,1815066751895216384
DivN/A,divN/A,divN/A,divN/A,divN/A,divN/A,False,1785292312102252800
DivN/A,divN/A,divN/A,divN/A,divN/A,divN/A,False,1785337611315249152
DivN/A,divN/A,divN/A,divN/A,divN/A,divN/A,False,1793681309451026432
DivN/A,divN/A,divN/A,divN/A,divN/A,divN/A,False,1795119923951288576
DivN/A,divN/A,divN/A,divN/A,divN/A,divN/A,False,1804527556554821632
DivN/A,divN/A,divN/A,divN/A,divN/A,divN/A,False,1807882640521154816
DivN/A,divN/A,divN/A,divN/A,divN/A,divN/A,False,1812437883480887808
DivN/A,divN/A,divN/A,divN/A,divN/A,divN/A,False,1814151221143371776
DivN/A,divN/A,divN/A,divN/A,divN/A,divN/A,False,1814143146059513856
DivN/A,divN/A,divN/A,divN/A,divN/A,divN/A,False,1814785611250982912
DivN/A,divN/A,divN/A,divN/A,divN/A,divN/A,False,1815883431802462720
DivN/A,divN/A,divN/A,divN/A,divN/A,divN/A,False,1817281552478245120
DivN/A,divN/A,divN/A,divN/A,divN/A,divN/A,False,1822388051382857984
DivN/A,divN/A,divN/A,divN/A,divN/A,divN/A,False,1832560506160214528
DivN/A,divN/A,divN/A,divN/A,divN/A,divN/A,False,1834186060991025664
DivN/A,divN/A,divN/A,divN/A,divN/A,divN/A,False,1836193221614932480
DivN/A,divN/A,divN/A,divN/A,divN/A,divN/A,False,1838380105690759424
DivN/A,divN/A,divN/A,divN/A,divN/A,divN/A,False,1839781429515022848
DivN/A,divN/A,divN/A,divN/A,divN/A,divN/A,False,1842293353506898176
DivN/A,divN/A,divN/A,divN/A,divN/A,divN/A,False,1.843769077611e+18
DivN/A,divN/A,divN/A,divN/A,divN/A,divN/A,False,1429050070243192832
DivN/A,divN/A,divN/A,divN/A,divN/A,divN/A,False,1656053977736257536
"Today, the People's House – your house – sends a clear message to the country and to the world.

America is a nation of pride.",47.2M,59K,29K,177K,1.7K,False,1667715777145847808
DivN/A,divN/A,divN/A,divN/A,divN/A,divN/A,False,1669720832224944128
DivN/A,divN/A,divN/A,divN/A,divN/A,divN/A,False,1695770642971279616
DivN/A,divN/A,divN/A,divN/A,divN/A,divN/A,False,1695983304728531456
DivN/A,divN/A,divN/A,divN/A,divN/A,divN/A,False,1707906927869440256
DivN/A,divN/A,divN/A,divN/A,divN/A,divN/A,False,1710631180629082112
DivN/A,divN/A,divN/A,divN/A,divN/A,divN/A,False,1711429950950240768
DivN/A,divN/A,divN/A,divN/A,divN/A,divN/A,False,1714439295354728704
DivN/A,divN/A,divN/A,divN/A,divN/A,divN/A,False,1847035058005156352
DivN/A,divN/A,divN/A,divN/A,divN/A,divN/A,False,1848067833306988544
DivN/A,divN/A,divN/A,divN/A,divN/A,divN/A,False,1851044361125110016
DivN/A,divN/A,divN/A,divN/A,divN/A,divN/A,False,1869504741400879360
DivN/A,divN/A,divN/A,divN/A,divN/A,divN/A,False,1873552264977392128
DivN/A,divN/A,divN/A,divN/A,divN/A,divN/A,False,1874497516802392576
DivN/A,divN/A,divN/A,divN/A,divN/A,divN/A,False,1877452788478734336
DivN/A,divN/A,divN/A,divN/A,divN/A,divN/A,False,1877455096100884480
DivN/A,divN/A,divN/A,divN/A,divN/A,divN/A,False,1877574653029327104
DivN/A,divN/A,divN/A,divN/A,divN/A,divN/A,False,1878262910641738240
DivN/A,divN/A,divN/A,divN/A,divN/A,divN/A,False,1763942834569101312
DivN/A,divN/A,divN/A,divN/A,divN/A,divN/A,False,1870561401259127040
DivN/A,divN/A,divN/A,divN/A,divN/A,divN/A,False,1849567488968692224
DivN/A,divN/A,divN/A,divN/A,divN/A,divN/A,False,1776776372351836672
DivN/A,divN/A,divN/A,divN/A,divN/A,divN/A,False,1858593603582390272
DivN/A,divN/A,divN/A,divN/A,divN/A,divN/A,False,1821200547690496256
DivN/A,divN/A,divN/A,divN/A,divN/A,divN/A,False,1861797630915056128
DivN/A,divN/A,divN/A,divN/A,divN/A,divN/A,False,1738609900748427264
DivN/A,divN/A,divN/A,divN/A,divN/A,divN/A,False,1714339337532555776
DivN/A,divN/A,divN/A,divN/A,divN/A,divN/A,False,1876343167630594304
DivN/A,divN/A,divN/A,divN/A,divN/A,divN/A,False,1880378065727156480
DivN/A,divN/A,divN/A,divN/A,divN/A,divN/A,False,1881537761611743232
DivN/A,divN/A,divN/A,divN/A,divN/A,divN/A,False,1821720450319216896
DivN/A,divN/A,divN/A,divN/A,divN/A,divN/A,False,1776626657782013952
DivN/A,divN/A,divN/A,divN/A,divN/A,divN/A,False,1850630977820795136
DivN/A,divN/A,divN/A,divN/A,divN/A,divN/A,False,1875837666446455296
DivN/A,divN/A,divN/A,divN/A,divN/A,divN/A,False,1762710487236497664
DivN/A,divN/A,divN/A,divN/A,divN/A,divN/A,False,1727054929573875712
DivN/A,divN/A,divN/A,divN/A,divN/A,divN/A,False,1727408237979570688
DivN/A,divN/A,divN/A,divN/A,divN/A,divN/A,False,1730949376904688128
DivN/A,divN/A,divN/A,divN/A,divN/A,divN/A,False,1804427250391035904
DivN/A,divN/A,divN/A,divN/A,divN/A,divN/A,False,1651376097349578752
DivN/A,divN/A,divN/A,divN/A,divN/A,divN/A,False,1820971533763834368
DivN/A,divN/A,divN/A,divN/A,divN/A,divN/A,False,1824116955759944192
DivN/A,divN/A,divN/A,divN/A,divN/A,divN/A,False,1851972402894241792
DivN/A,divN/A,divN/A,divN/A,divN/A,divN/A,False,1.853584393111e+18
DivN/A,divN/A,divN/A,divN/A,divN/A,divN/A,False,1853908365816295424
DivN/A,divN/A,divN/A,divN/A,divN/A,divN/A,False,1849152615134945536
DivN/A,divN/A,divN/A,divN/A,divN/A,divN/A,False,1820074464819765504
DivN/A,divN/A,divN/A,divN/A,divN/A,divN/A,False,1773147956041978368
DivN/A,divN/A,divN/A,divN/A,divN/A,divN/A,False,1.832670986057e+18
DivN/A,divN/A,divN/A,divN/A,divN/A,divN/A,False,1840509323975471360
DivN/A,divN/A,divN/A,divN/A,divN/A,divN/A,False,1812924512989815040
DivN/A,divN/A,divN/A,divN/A,divN/A,divN/A,False,1747410177060483584
DivN/A,divN/A,divN/A,divN/A,divN/A,divN/A,False,1850709006786150656
DivN/A,divN/A,divN/A,divN/A,divN/A,divN/A,False,1680998094413115392
DivN/A,divN/A,divN/A,divN/A,divN/A,divN/A,False,1848070879701291264
DivN/A,divN/A,divN/A,divN/A,divN/A,divN/A,False,1668286508535611392
"Twitter was able to change the logo of their iOS app but not the name, since Apple requires app names to be at least 2 characters ",11.3M,1.2K,7.1K,92K,1.2K,False,1684992758405271552
DivN/A,divN/A,divN/A,divN/A,divN/A,divN/A,False,1852243409873838336
DivN/A,divN/A,divN/A,divN/A,divN/A,divN/A,False,1817240851942084864
DivN/A,divN/A,divN/A,divN/A,divN/A,divN/A,False,1723110271965880576
DivN/A,divN/A,divN/A,divN/A,divN/A,divN/A,False,1763216777264144896
DivN/A,divN/A,divN/A,divN/A,divN/A,divN/A,False,1862138897112674560
DivN/A,divN/A,divN/A,divN/A,divN/A,divN/A,False,1879533559276536320
DivN/A,divN/A,divN/A,divN/A,divN/A,divN/A,False,1774848404272677120
DivN/A,divN/A,divN/A,divN/A,divN/A,divN/A,False,1864273505879248896
DivN/A,divN/A,divN/A,divN/A,divN/A,divN/A,False,1822807717616222464
DivN/A,divN/A,divN/A,divN/A,divN/A,divN/A,False,1811955457579450624
DivN/A,divN/A,divN/A,divN/A,divN/A,divN/A,False,1695443836502212608
DivN/A,divN/A,divN/A,divN/A,divN/A,divN/A,False,1863667681594937600
DivN/A,divN/A,divN/A,divN/A,divN/A,divN/A,False,1832988358932349184
DivN/A,divN/A,divN/A,divN/A,divN/A,divN/A,False,1754479480167358720
DivN/A,divN/A,divN/A,divN/A,divN/A,divN/A,False,1765461184600269056
DivN/A,divN/A,divN/A,divN/A,divN/A,divN/A,False,1808843151500792064
DivN/A,divN/A,divN/A,divN/A,divN/A,divN/A,False,1819482200934400256
DivN/A,divN/A,divN/A,divN/A,divN/A,divN/A,False,1842248250771829248
DivN/A,divN/A,divN/A,divN/A,divN/A,divN/A,False,1865026250139488256
DivN/A,divN/A,divN/A,divN/A,divN/A,divN/A,False,1876965445644792320
DivN/A,divN/A,divN/A,divN/A,divN/A,divN/A,False,1878896808107135488
DivN/A,divN/A,divN/A,divN/A,divN/A,divN/A,False,1817619978629292032
DivN/A,divN/A,divN/A,divN/A,divN/A,divN/A,False,1840721449364988160
DivN/A,divN/A,divN/A,divN/A,divN/A,divN/A,False,1701788047669682176
DivN/A,divN/A,divN/A,divN/A,divN/A,divN/A,False,1864843922448486656
DivN/A,divN/A,divN/A,divN/A,divN/A,divN/A,False,1772742918572302848
DivN/A,divN/A,divN/A,divN/A,divN/A,divN/A,False,1817775398047937024
DivN/A,divN/A,divN/A,divN/A,divN/A,divN/A,False,1833205622772535808
DivN/A,divN/A,divN/A,divN/A,divN/A,divN/A,False,1695312032268951552
DivN/A,divN/A,divN/A,divN/A,divN/A,divN/A,False,1834412184392401408
DivN/A,divN/A,divN/A,divN/A,divN/A,divN/A,False,1807691711738487040
DivN/A,divN/A,divN/A,divN/A,divN/A,divN/A,False,1838602614134706176
DivN/A,divN/A,divN/A,divN/A,divN/A,divN/A,False,1838981901702356992
DivN/A,divN/A,divN/A,divN/A,divN/A,divN/A,False,1839186902915662336
DivN/A,divN/A,divN/A,divN/A,divN/A,divN/A,False,1839429155907371264
DivN/A,divN/A,divN/A,divN/A,divN/A,divN/A,False,1840408240791965696
DivN/A,divN/A,divN/A,divN/A,divN/A,divN/A,False,1841670489141346560
DivN/A,divN/A,divN/A,divN/A,divN/A,divN/A,False,1842355405240062464
DivN/A,divN/A,divN/A,divN/A,divN/A,divN/A,False,1842635055832646144
DivN/A,divN/A,divN/A,divN/A,divN/A,divN/A,False,1843088883535503616
DivN/A,divN/A,divN/A,divN/A,divN/A,divN/A,False,1843505824427323392
DivN/A,divN/A,divN/A,divN/A,divN/A,divN/A,False,1843124008881144064
DivN/A,divN/A,divN/A,divN/A,divN/A,divN/A,False,1835484665685090560
DivN/A,divN/A,divN/A,divN/A,divN/A,divN/A,False,1838186553027268864
DivN/A,divN/A,divN/A,divN/A,divN/A,divN/A,False,1725547458602598400
DivN/A,divN/A,divN/A,divN/A,divN/A,divN/A,False,1881242202602635264
DivN/A,divN/A,divN/A,divN/A,divN/A,divN/A,False,1840211741948751872
DivN/A,divN/A,divN/A,divN/A,divN/A,divN/A,False,1819509706802573312
DivN/A,divN/A,divN/A,divN/A,divN/A,divN/A,False,1860749153459912960
DivN/A,divN/A,divN/A,divN/A,divN/A,divN/A,False,1880673454992551936
DivN/A,divN/A,divN/A,divN/A,divN/A,divN/A,False,1852285500377235456
DivN/A,divN/A,divN/A,divN/A,divN/A,divN/A,False,1840563055094104320
DivN/A,divN/A,divN/A,divN/A,divN/A,divN/A,False,1843095899695931904
DivN/A,divN/A,divN/A,divN/A,divN/A,divN/A,False,1820211222437855744
DivN/A,divN/A,divN/A,divN/A,divN/A,divN/A,False,1742401560456421888
DivN/A,divN/A,divN/A,divN/A,divN/A,divN/A,False,1774695609175343360
DivN/A,divN/A,divN/A,divN/A,divN/A,divN/A,False,1694790741732577536
DivN/A,divN/A,divN/A,divN/A,divN/A,divN/A,False,1881123901146796032
DivN/A,divN/A,divN/A,divN/A,divN/A,divN/A,False,1882062662525427712
DivN/A,divN/A,divN/A,divN/A,divN/A,divN/A,False,1779256149331644928
DivN/A,divN/A,divN/A,divN/A,divN/A,divN/A,False,1807888543047434496
DivN/A,divN/A,divN/A,divN/A,divN/A,divN/A,False,1828473128533795328
DivN/A,divN/A,divN/A,divN/A,divN/A,divN/A,False,1799457954762039808
DivN/A,divN/A,divN/A,divN/A,divN/A,divN/A,False,1846241897699815936
DivN/A,divN/A,divN/A,divN/A,divN/A,divN/A,False,1830262910553080064
DivN/A,divN/A,divN/A,divN/A,divN/A,divN/A,False,1.723788137502e+18
DivN/A,divN/A,divN/A,divN/A,divN/A,divN/A,False,1799908245395366144
DivN/A,divN/A,divN/A,divN/A,divN/A,divN/A,False,1780602088449359872
DivN/A,divN/A,divN/A,divN/A,divN/A,divN/A,False,1782082940966720000
DivN/A,divN/A,divN/A,divN/A,divN/A,divN/A,False,1864464533034607104
DivN/A,divN/A,divN/A,divN/A,divN/A,divN/A,False,1867239915894796544
DivN/A,divN/A,divN/A,divN/A,divN/A,divN/A,False,1844077530434654464
DivN/A,divN/A,divN/A,divN/A,divN/A,divN/A,False,1844483115651100672
DivN/A,divN/A,divN/A,divN/A,divN/A,divN/A,False,1844564685409992960
DivN/A,divN/A,divN/A,divN/A,divN/A,divN/A,False,1844563156099793408
DivN/A,divN/A,divN/A,divN/A,divN/A,divN/A,False,1844869841087258880
DivN/A,divN/A,divN/A,divN/A,divN/A,divN/A,False,1845343182458061312
DivN/A,divN/A,divN/A,divN/A,divN/A,divN/A,False,1845946839276622080
DivN/A,divN/A,divN/A,divN/A,divN/A,divN/A,False,1849096323137449984
DivN/A,divN/A,divN/A,divN/A,divN/A,divN/A,False,1851213885321204224
DivN/A,divN/A,divN/A,divN/A,divN/A,divN/A,False,1854646408131100672
DivN/A,divN/A,divN/A,divN/A,divN/A,divN/A,False,1874473949624680960
DivN/A,divN/A,divN/A,divN/A,divN/A,divN/A,False,1880058632458600704
DivN/A,divN/A,divN/A,divN/A,divN/A,divN/A,False,1828529272539304448
DivN/A,divN/A,divN/A,divN/A,divN/A,divN/A,False,1829651058269806592
DivN/A,divN/A,divN/A,divN/A,divN/A,divN/A,False,1830249795006693888
DivN/A,divN/A,divN/A,divN/A,divN/A,divN/A,False,1831157263010329088
DivN/A,divN/A,divN/A,divN/A,divN/A,divN/A,False,1833723601800855552
DivN/A,divN/A,divN/A,divN/A,divN/A,divN/A,False,1836100575512953344
DivN/A,divN/A,divN/A,divN/A,divN/A,divN/A,False,1836243216040853760
DivN/A,divN/A,divN/A,divN/A,divN/A,divN/A,False,1836876797285151232
DivN/A,divN/A,divN/A,divN/A,divN/A,divN/A,False,1855692242981155328
DivN/A,divN/A,divN/A,divN/A,divN/A,divN/A,False,1857107492741984768
DivN/A,divN/A,divN/A,divN/A,divN/A,divN/A,False,1858911678546534656
DivN/A,divN/A,divN/A,divN/A,divN/A,divN/A,False,1863251632722518528
DivN/A,divN/A,divN/A,divN/A,divN/A,divN/A,False,1866766638953140736
DivN/A,divN/A,divN/A,divN/A,divN/A,divN/A,False,1879163626797572096
DivN/A,divN/A,divN/A,divN/A,divN/A,divN/A,False,1880667139063132672
DivN/A,divN/A,divN/A,divN/A,divN/A,divN/A,False,1857755505654951936
DivN/A,divN/A,divN/A,divN/A,divN/A,divN/A,False,1753596522611011840
DivN/A,divN/A,divN/A,divN/A,divN/A,divN/A,False,1735414905178591744
DivN/A,divN/A,divN/A,divN/A,divN/A,divN/A,False,1810345250566607360
DivN/A,divN/A,divN/A,divN/A,divN/A,divN/A,False,1.718603668189e+18
DivN/A,divN/A,divN/A,divN/A,divN/A,divN/A,False,1746714168391020800
DivN/A,divN/A,divN/A,divN/A,divN/A,divN/A,False,1870551454098084096
DivN/A,divN/A,divN/A,divN/A,divN/A,divN/A,False,1849570470410191104
DivN/A,divN/A,divN/A,divN/A,divN/A,divN/A,False,1856012269802385664
DivN/A,divN/A,divN/A,divN/A,divN/A,divN/A,False,1856023479893504256
DivN/A,divN/A,divN/A,divN/A,divN/A,divN/A,False,1878644493622341632
DivN/A,divN/A,divN/A,divN/A,divN/A,divN/A,False,1760421307617792256
DivN/A,divN/A,divN/A,divN/A,divN/A,divN/A,False,1849804068425777152
DivN/A,divN/A,divN/A,divN/A,divN/A,divN/A,False,1822236785050529792
DivN/A,divN/A,divN/A,divN/A,divN/A,divN/A,False,1801637328500494336
DivN/A,divN/A,divN/A,divN/A,divN/A,divN/A,False,1755246201421647872
DivN/A,divN/A,divN/A,divN/A,divN/A,divN/A,False,1844733506687054080
DivN/A,divN/A,divN/A,divN/A,divN/A,divN/A,False,1782481643606880768
DivN/A,divN/A,divN/A,divN/A,divN/A,divN/A,False,1733245919330480640
DivN/A,divN/A,divN/A,divN/A,divN/A,divN/A,False,1769503988150354176
DivN/A,divN/A,divN/A,divN/A,divN/A,divN/A,False,1728095377709023232
DivN/A,divN/A,divN/A,divN/A,divN/A,divN/A,False,1731013018471760384
DivN/A,divN/A,divN/A,divN/A,divN/A,divN/A,False,1765953197653278976
DivN/A,divN/A,divN/A,divN/A,divN/A,divN/A,False,1817291294173286400
DivN/A,divN/A,divN/A,divN/A,divN/A,divN/A,False,1812261356629803264
DivN/A,divN/A,divN/A,divN/A,divN/A,divN/A,False,1876850151932768256
DivN/A,divN/A,divN/A,divN/A,divN/A,divN/A,False,1854985104411836416
DivN/A,divN/A,divN/A,divN/A,divN/A,divN/A,False,1870103559804727808
DivN/A,divN/A,divN/A,divN/A,divN/A,divN/A,False,1870500635847856640
DivN/A,divN/A,divN/A,divN/A,divN/A,divN/A,False,1751596642006962688
DivN/A,divN/A,divN/A,divN/A,divN/A,divN/A,False,1802691450439602176
DivN/A,divN/A,divN/A,divN/A,divN/A,divN/A,False,1803852764671545344
DivN/A,divN/A,divN/A,divN/A,divN/A,divN/A,False,1807829423032299776
DivN/A,divN/A,divN/A,divN/A,divN/A,divN/A,False,1772490304303869952
DivN/A,divN/A,divN/A,divN/A,divN/A,divN/A,False,1878303970814205952
DivN/A,divN/A,divN/A,divN/A,divN/A,divN/A,False,1846614237839270400
DivN/A,divN/A,divN/A,divN/A,divN/A,divN/A,False,1871233623699165440
DivN/A,divN/A,divN/A,divN/A,divN/A,divN/A,False,1819085100363272192
DivN/A,divN/A,divN/A,divN/A,divN/A,divN/A,False,1789730434965754368
DivN/A,divN/A,divN/A,divN/A,divN/A,divN/A,False,1789976438805856256
DivN/A,divN/A,divN/A,divN/A,divN/A,divN/A,False,1721357410953027840
DivN/A,divN/A,divN/A,divN/A,divN/A,divN/A,False,1854077924686573824
DivN/A,divN/A,divN/A,divN/A,divN/A,divN/A,False,1860560479892176896
DivN/A,divN/A,divN/A,divN/A,divN/A,divN/A,False,1812279813975183616
DivN/A,divN/A,divN/A,divN/A,divN/A,divN/A,False,1812375194935169280
DivN/A,divN/A,divN/A,divN/A,divN/A,divN/A,False,1858158430219108864
DivN/A,divN/A,divN/A,divN/A,divN/A,divN/A,False,1789963550024163584
DivN/A,divN/A,divN/A,divN/A,divN/A,divN/A,False,1785066534995714048
DivN/A,divN/A,divN/A,divN/A,divN/A,divN/A,False,1716524464643375104
DivN/A,divN/A,divN/A,divN/A,divN/A,divN/A,False,1813340505926979584
DivN/A,divN/A,divN/A,divN/A,divN/A,divN/A,False,1828945091693801984
DivN/A,divN/A,divN/A,divN/A,divN/A,divN/A,False,1851584816421933568
DivN/A,divN/A,divN/A,divN/A,divN/A,divN/A,False,1854949449518514688
DivN/A,divN/A,divN/A,divN/A,divN/A,divN/A,False,1852690329616429568
DivN/A,divN/A,divN/A,divN/A,divN/A,divN/A,False,1861169931355603200
DivN/A,divN/A,divN/A,divN/A,divN/A,divN/A,False,1824172647921652224
DivN/A,divN/A,divN/A,divN/A,divN/A,divN/A,False,1780501038598181120
DivN/A,divN/A,divN/A,divN/A,divN/A,divN/A,False,1795972915688542208
DivN/A,divN/A,divN/A,divN/A,divN/A,divN/A,False,1804238081131974656
DivN/A,divN/A,divN/A,divN/A,divN/A,divN/A,False,1805555386247954432
DivN/A,divN/A,divN/A,divN/A,divN/A,divN/A,False,1879307346146439424
DivN/A,divN/A,divN/A,divN/A,divN/A,divN/A,False,1880386997782765824
DivN/A,divN/A,divN/A,divN/A,divN/A,divN/A,False,1817154323345793536
DivN/A,divN/A,divN/A,divN/A,divN/A,divN/A,False,1767625773140115456
DivN/A,divN/A,divN/A,divN/A,divN/A,divN/A,False,1833855034775265536
DivN/A,divN/A,divN/A,divN/A,divN/A,divN/A,False,1785460908493594624
DivN/A,divN/A,divN/A,divN/A,divN/A,divN/A,False,1812300434205294592
DivN/A,divN/A,divN/A,divN/A,divN/A,divN/A,False,1875673943690113280
DivN/A,divN/A,divN/A,divN/A,divN/A,divN/A,False,1851930710170370304
DivN/A,divN/A,divN/A,divN/A,divN/A,divN/A,False,1796103851772190720
DivN/A,divN/A,divN/A,divN/A,divN/A,divN/A,False,1815788092466647040
DivN/A,divN/A,divN/A,divN/A,divN/A,divN/A,False,1829336673848610816
DivN/A,32.3M,9.6K,26K,328K,2K,False,1685366045899444224
DivN/A,divN/A,divN/A,divN/A,divN/A,divN/A,False,1872697923617817088
DivN/A,divN/A,divN/A,divN/A,divN/A,divN/A,False,1847958518563016960
DivN/A,divN/A,divN/A,divN/A,divN/A,divN/A,False,1849425608402706944
DivN/A,divN/A,divN/A,divN/A,divN/A,divN/A,False,1793302321545322496
DivN/A,divN/A,divN/A,divN/A,divN/A,divN/A,False,1808788526999482624
DivN/A,divN/A,divN/A,divN/A,divN/A,divN/A,False,1875731570931462400
DivN/A,divN/A,divN/A,divN/A,divN/A,divN/A,False,1714378880713203712
DivN/A,divN/A,divN/A,divN/A,divN/A,divN/A,False,1803489277386383360
DivN/A,divN/A,divN/A,divN/A,divN/A,divN/A,False,1864267511086432768
"The US has no functional president and has not had one for months, and it's barely noticeable and barely matters because there's a permanent unelected machine that runs the government.",35.6M,4.4K,31K,114K,4.3K,False,1833203874100072704
DivN/A,divN/A,divN/A,divN/A,divN/A,divN/A,False,1776333539161538560
DivN/A,divN/A,divN/A,divN/A,divN/A,divN/A,False,1737871438403551744
DivN/A,divN/A,divN/A,divN/A,divN/A,divN/A,False,1862302924321562880
DivN/A,divN/A,divN/A,divN/A,divN/A,divN/A,False,1880897694765638144
DivN/A,divN/A,divN/A,divN/A,divN/A,divN/A,False,1876211871038263808
DivN/A,divN/A,divN/A,divN/A,divN/A,divN/A,False,1744365189955260928
DivN/A,divN/A,divN/A,divN/A,divN/A,divN/A,False,1843284040289595904
DivN/A,divN/A,divN/A,divN/A,divN/A,divN/A,False,1857911311482630400
DivN/A,divN/A,divN/A,divN/A,divN/A,divN/A,False,1849746256383574016
DivN/A,divN/A,divN/A,divN/A,divN/A,divN/A,False,1831069714296258816
DivN/A,divN/A,divN/A,divN/A,divN/A,divN/A,False,1817977143307158016
DivN/A,divN/A,divN/A,divN/A,divN/A,divN/A,False,1847323298251620864
DivN/A,divN/A,divN/A,divN/A,divN/A,divN/A,False,1876282458884526080
DivN/A,divN/A,divN/A,divN/A,divN/A,divN/A,False,1816589718987104768
DivN/A,divN/A,divN/A,divN/A,divN/A,divN/A,False,1804490620741791744
DivN/A,divN/A,divN/A,divN/A,divN/A,divN/A,False,1794431896274752000
DivN/A,divN/A,divN/A,divN/A,divN/A,divN/A,False,1797636582717218816
DivN/A,divN/A,divN/A,divN/A,divN/A,divN/A,False,1819517875473821696
DivN/A,divN/A,divN/A,divN/A,divN/A,divN/A,False,1831089897589149696
DivN/A,divN/A,divN/A,divN/A,divN/A,divN/A,False,1847735307384606720
DivN/A,divN/A,divN/A,divN/A,divN/A,divN/A,False,1835721462994358272
DivN/A,divN/A,divN/A,divN/A,divN/A,divN/A,False,1765941372542988544
DivN/A,divN/A,divN/A,divN/A,divN/A,divN/A,False,1789415190422843904
DivN/A,divN/A,divN/A,divN/A,divN/A,divN/A,False,1842526439343538688
DivN/A,divN/A,divN/A,divN/A,divN/A,divN/A,False,1766412912766124032
DivN/A,divN/A,divN/A,divN/A,divN/A,divN/A,False,1816973718469640192
DivN/A,divN/A,divN/A,divN/A,divN/A,divN/A,False,1817196721820045824
DivN/A,divN/A,divN/A,divN/A,divN/A,divN/A,False,1847413058982822144
DivN/A,divN/A,divN/A,divN/A,divN/A,divN/A,False,1813424503663288576
DivN/A,divN/A,divN/A,divN/A,divN/A,divN/A,False,1769327450415145216
DivN/A,divN/A,divN/A,divN/A,divN/A,divN/A,False,1819404106869481472
DivN/A,divN/A,divN/A,divN/A,divN/A,divN/A,False,1769193987238227968
DivN/A,divN/A,divN/A,divN/A,divN/A,divN/A,False,1861990612922221056
DivN/A,divN/A,divN/A,divN/A,divN/A,divN/A,False,1859312822523425024
DivN/A,divN/A,divN/A,divN/A,divN/A,divN/A,False,1725228760109367296
DivN/A,divN/A,divN/A,divN/A,divN/A,divN/A,False,1813327950877794560
DivN/A,divN/A,divN/A,divN/A,divN/A,divN/A,False,1819041011324027136
DivN/A,divN/A,divN/A,divN/A,divN/A,divN/A,False,1821241866949685760
DivN/A,divN/A,divN/A,divN/A,divN/A,divN/A,False,1823382450082615296
DivN/A,divN/A,divN/A,divN/A,divN/A,divN/A,False,1823714616100446464
DivN/A,divN/A,divN/A,divN/A,divN/A,divN/A,False,1829743613229568000
DivN/A,divN/A,divN/A,divN/A,divN/A,divN/A,False,1830828975960039680
DivN/A,divN/A,divN/A,divN/A,divN/A,divN/A,False,1833927871603331584
DivN/A,divN/A,divN/A,divN/A,divN/A,divN/A,False,1836763834079457792
DivN/A,divN/A,divN/A,divN/A,divN/A,divN/A,False,1840767400540549120
DivN/A,divN/A,divN/A,divN/A,divN/A,divN/A,False,1841113594949198080
DivN/A,divN/A,divN/A,divN/A,divN/A,divN/A,False,1841199805491790080
DivN/A,divN/A,divN/A,divN/A,divN/A,divN/A,False,1849058897081835776
DivN/A,divN/A,divN/A,divN/A,divN/A,divN/A,False,1849834490614472960
DivN/A,divN/A,divN/A,divN/A,divN/A,divN/A,False,1867583133488492800
DivN/A,divN/A,divN/A,divN/A,divN/A,divN/A,False,1880462053225193472
DivN/A,divN/A,divN/A,divN/A,divN/A,divN/A,False,1608312091844165632
DivN/A,divN/A,divN/A,divN/A,divN/A,divN/A,False,1867368092902601216
DivN/A,divN/A,divN/A,divN/A,divN/A,divN/A,False,1787875287306469376
DivN/A,divN/A,divN/A,divN/A,divN/A,divN/A,False,1850431056006074880
DivN/A,divN/A,divN/A,divN/A,divN/A,divN/A,False,1871260981084725504
DivN/A,divN/A,divN/A,divN/A,divN/A,divN/A,False,1822257006608011520
DivN/A,divN/A,divN/A,divN/A,divN/A,divN/A,False,1859589629889962240
DivN/A,divN/A,divN/A,divN/A,divN/A,divN/A,False,1710135478173982976
DivN/A,divN/A,divN/A,divN/A,divN/A,divN/A,False,1721545965402726656
DivN/A,divN/A,divN/A,divN/A,divN/A,divN/A,False,1815380536577384448
DivN/A,divN/A,divN/A,divN/A,divN/A,divN/A,False,1840843282483720704
DivN/A,divN/A,divN/A,divN/A,divN/A,divN/A,False,1864745316118896640
DivN/A,divN/A,divN/A,divN/A,divN/A,divN/A,False,1805242589177622784
DivN/A,divN/A,divN/A,divN/A,divN/A,divN/A,False,1822740860422811904
DivN/A,divN/A,divN/A,divN/A,divN/A,divN/A,False,1845518920201261056
DivN/A,divN/A,divN/A,divN/A,divN/A,divN/A,False,1826860162591908096
DivN/A,divN/A,divN/A,divN/A,divN/A,divN/A,False,1878413922270613760
DivN/A,divN/A,divN/A,divN/A,divN/A,divN/A,False,1853527605003026432
DivN/A,divN/A,divN/A,divN/A,divN/A,divN/A,False,1748819139496403200
DivN/A,divN/A,divN/A,divN/A,divN/A,divN/A,False,1759057672056537344
DivN/A,divN/A,divN/A,divN/A,divN/A,divN/A,False,1817224599467147520
DivN/A,divN/A,divN/A,divN/A,divN/A,divN/A,False,1833680116087390720
DivN/A,divN/A,divN/A,divN/A,divN/A,divN/A,False,1806045166077403648
DivN/A,divN/A,divN/A,divN/A,divN/A,divN/A,False,1765940010795081984
DivN/A,divN/A,divN/A,divN/A,divN/A,divN/A,False,1776151202733990400
DivN/A,divN/A,divN/A,divN/A,divN/A,divN/A,False,1859674801419452416
DivN/A,divN/A,divN/A,divN/A,divN/A,divN/A,False,1737401895784694016
DivN/A,divN/A,divN/A,divN/A,divN/A,divN/A,False,1711601883893133824
DivN/A,divN/A,divN/A,divN/A,divN/A,divN/A,False,1742266303665029376
DivN/A,divN/A,divN/A,divN/A,divN/A,divN/A,False,1830044432403472896
DivN/A,divN/A,divN/A,divN/A,divN/A,divN/A,False,1851339434958242304
DivN/A,divN/A,divN/A,divN/A,divN/A,divN/A,False,1875776401946837504
DivN/A,divN/A,divN/A,divN/A,divN/A,divN/A,False,1761571224512279040
DivN/A,divN/A,divN/A,divN/A,divN/A,divN/A,False,1793998113893646848
DivN/A,divN/A,divN/A,divN/A,divN/A,divN/A,False,1813711103488127488
DivN/A,divN/A,divN/A,divN/A,divN/A,divN/A,False,1818981988256108544
DivN/A,divN/A,divN/A,divN/A,divN/A,divN/A,False,1.73930162799e+18
DivN/A,divN/A,divN/A,divN/A,divN/A,divN/A,False,1756346450856821248
DivN/A,divN/A,divN/A,divN/A,divN/A,divN/A,False,1758217618794725376
DivN/A,divN/A,divN/A,divN/A,divN/A,divN/A,False,1820864658846183680
DivN/A,divN/A,divN/A,divN/A,divN/A,divN/A,False,1796515252567462144
DivN/A,divN/A,divN/A,divN/A,divN/A,divN/A,False,1821238435689939200
DivN/A,divN/A,divN/A,divN/A,divN/A,divN/A,False,1828536838056788224
DivN/A,divN/A,divN/A,divN/A,divN/A,divN/A,False,1871778417223320064
DivN/A,divN/A,divN/A,divN/A,divN/A,divN/A,False,1843796015885041920
DivN/A,divN/A,divN/A,divN/A,divN/A,divN/A,False,1814302803927470080
DivN/A,divN/A,divN/A,divN/A,divN/A,divN/A,False,1843292214740521472
DivN/A,divN/A,divN/A,divN/A,divN/A,divN/A,False,1847757827260965120
DivN/A,divN/A,divN/A,divN/A,divN/A,divN/A,False,1745802760807677952
DivN/A,divN/A,divN/A,divN/A,divN/A,divN/A,False,1848497912432546304
DivN/A,divN/A,divN/A,divN/A,divN/A,divN/A,False,1861151520039019008
DivN/A,divN/A,divN/A,divN/A,divN/A,divN/A,False,1821632473018531840
DivN/A,divN/A,divN/A,divN/A,divN/A,divN/A,False,1869786863881625600
DivN/A,divN/A,divN/A,divN/A,divN/A,divN/A,False,1835698851015008768
DivN/A,divN/A,divN/A,divN/A,divN/A,divN/A,False,1882028192283889920
DivN/A,divN/A,divN/A,divN/A,divN/A,divN/A,False,1833549173246878208
DivN/A,divN/A,divN/A,divN/A,divN/A,divN/A,False,1724120671259697664
DivN/A,5.7M,1K,5.1K,33K,629,False,1682777034508972032
DivN/A,divN/A,divN/A,divN/A,divN/A,divN/A,False,1746974003317579776
DivN/A,divN/A,divN/A,divN/A,divN/A,divN/A,False,1761476093633024256
DivN/A,divN/A,divN/A,divN/A,divN/A,divN/A,False,1766613203809628160
DivN/A,divN/A,divN/A,divN/A,divN/A,divN/A,False,1769731336980299776
DivN/A,divN/A,divN/A,divN/A,divN/A,divN/A,False,1779946863518757120
DivN/A,divN/A,divN/A,divN/A,divN/A,divN/A,False,1817613702088073216
DivN/A,divN/A,divN/A,divN/A,divN/A,divN/A,False,1754952279646437888
DivN/A,divN/A,divN/A,divN/A,divN/A,divN/A,False,1830099229190082816
DivN/A,divN/A,divN/A,divN/A,divN/A,divN/A,False,1853553979546087680
DivN/A,divN/A,divN/A,divN/A,divN/A,divN/A,False,1805567943381492224
DivN/A,divN/A,divN/A,divN/A,divN/A,divN/A,False,1847284460435263744
DivN/A,divN/A,divN/A,divN/A,divN/A,divN/A,False,1867479462239252736
DivN/A,divN/A,divN/A,divN/A,divN/A,divN/A,False,1782792093389176832
"1./ Trans Healthcare and the Nazis. 
The LGBTQ+ lobby likes to claim trans people were a key target of the Nazis. They weren't. In fact, trans healthcare was pioneered by a champion of eugenics, and a surgeon who designed experiments at Dachau. His victims there were not trans.",2.5M,236,2.3K,5.4K,2.8K,False,1662967081191497728
DivN/A,divN/A,divN/A,divN/A,divN/A,divN/A,False,1823402315627340288
DivN/A,divN/A,divN/A,divN/A,divN/A,divN/A,False,1862018911496970240
DivN/A,divN/A,divN/A,divN/A,divN/A,divN/A,False,1760064066150686720
DivN/A,divN/A,divN/A,divN/A,divN/A,divN/A,False,1712517531292877056
DivN/A,divN/A,divN/A,divN/A,divN/A,divN/A,False,1820943266038046976
DivN/A,divN/A,divN/A,divN/A,divN/A,divN/A,False,1818816117130830080
DivN/A,divN/A,divN/A,divN/A,divN/A,divN/A,False,1869755441951211776
DivN/A,divN/A,divN/A,divN/A,divN/A,divN/A,False,1850648633172955648
DivN/A,divN/A,divN/A,divN/A,divN/A,divN/A,False,1854802784568102912
DivN/A,divN/A,divN/A,divN/A,divN/A,divN/A,False,1819718855750471936
DivN/A,divN/A,divN/A,divN/A,divN/A,divN/A,False,1836584823164736000
DivN/A,divN/A,divN/A,divN/A,divN/A,divN/A,False,1875809371294232576
DivN/A,divN/A,divN/A,divN/A,divN/A,divN/A,False,1777215444807569408
DivN/A,divN/A,divN/A,divN/A,divN/A,divN/A,False,1821063714818199552
DivN/A,divN/A,divN/A,divN/A,divN/A,divN/A,False,1791710785774752000
DivN/A,divN/A,divN/A,divN/A,divN/A,divN/A,False,1758976973131673600
DivN/A,divN/A,divN/A,divN/A,divN/A,divN/A,False,1819128841593311232
DivN/A,divN/A,divN/A,divN/A,divN/A,divN/A,False,1799183658856673280
DivN/A,divN/A,divN/A,divN/A,divN/A,divN/A,False,1800844080311841024
DivN/A,divN/A,divN/A,divN/A,divN/A,divN/A,False,1829214565718200832
DivN/A,divN/A,divN/A,divN/A,divN/A,divN/A,False,1841309881522880512
DivN/A,divN/A,divN/A,divN/A,divN/A,divN/A,False,1850350537557819392
DivN/A,divN/A,divN/A,divN/A,divN/A,divN/A,False,1855346782433399040
DivN/A,divN/A,divN/A,divN/A,divN/A,divN/A,False,1768075901802065920
DivN/A,divN/A,divN/A,divN/A,divN/A,divN/A,False,1825743161076875776
DivN/A,divN/A,divN/A,divN/A,divN/A,divN/A,False,1836765071667503616
DivN/A,divN/A,divN/A,divN/A,divN/A,divN/A,False,1850729089448956160
DivN/A,divN/A,divN/A,divN/A,divN/A,divN/A,False,1797922073798717440
DivN/A,divN/A,divN/A,divN/A,divN/A,divN/A,False,1853364173658309120
DivN/A,divN/A,divN/A,divN/A,divN/A,divN/A,False,1866570331898646784
DivN/A,divN/A,divN/A,divN/A,divN/A,divN/A,False,1870482027004489984
DivN/A,divN/A,divN/A,divN/A,divN/A,divN/A,False,1822024690556399616
DivN/A,divN/A,divN/A,divN/A,divN/A,divN/A,False,1855246563934720256
DivN/A,divN/A,divN/A,divN/A,divN/A,divN/A,False,1848831466915979264
DivN/A,divN/A,divN/A,divN/A,divN/A,divN/A,False,1868852160018235904
DivN/A,divN/A,divN/A,divN/A,divN/A,divN/A,False,1744761381780386304
DivN/A,divN/A,divN/A,divN/A,divN/A,divN/A,False,1744551991563690496
DivN/A,divN/A,divN/A,divN/A,divN/A,divN/A,False,1846318320603013376
DivN/A,divN/A,divN/A,divN/A,divN/A,divN/A,False,1777828117240766464
DivN/A,divN/A,divN/A,divN/A,divN/A,divN/A,False,1777888094634770432
DivN/A,divN/A,divN/A,divN/A,divN/A,divN/A,False,1844560697838927872
DivN/A,divN/A,divN/A,divN/A,divN/A,divN/A,False,1850387415199842560
DivN/A,divN/A,divN/A,divN/A,divN/A,divN/A,False,1851635149403718144
DivN/A,divN/A,divN/A,divN/A,divN/A,divN/A,False,1851776440238243840
DivN/A,divN/A,divN/A,divN/A,divN/A,divN/A,False,1816830681378333184
DivN/A,divN/A,divN/A,divN/A,divN/A,divN/A,False,1851715702463566080
DivN/A,divN/A,divN/A,divN/A,divN/A,divN/A,False,1851631392611807744
DivN/A,divN/A,divN/A,divN/A,divN/A,divN/A,False,1814102803280707840
DivN/A,divN/A,divN/A,divN/A,divN/A,divN/A,False,1879338459644780544
DivN/A,divN/A,divN/A,divN/A,divN/A,divN/A,False,1830685782375342080
DivN/A,divN/A,divN/A,divN/A,divN/A,divN/A,False,1832946928142750208
DivN/A,divN/A,divN/A,divN/A,divN/A,divN/A,False,1808374613224685824
DivN/A,divN/A,divN/A,divN/A,divN/A,divN/A,False,1859606894031323648
DivN/A,divN/A,divN/A,divN/A,divN/A,divN/A,False,1787576365094478336
DivN/A,divN/A,divN/A,divN/A,divN/A,divN/A,False,1618212057496817664
DivN/A,divN/A,divN/A,divN/A,divN/A,divN/A,False,1802114338456498176
DivN/A,divN/A,divN/A,divN/A,divN/A,divN/A,False,1818989448962486272
DivN/A,divN/A,divN/A,divN/A,divN/A,divN/A,False,1849187049099915264
DivN/A,divN/A,divN/A,divN/A,divN/A,divN/A,False,1762093166008644096
DivN/A,divN/A,divN/A,divN/A,divN/A,divN/A,False,1867933397370434048
DivN/A,divN/A,divN/A,divN/A,divN/A,divN/A,False,1841599351073726464
DivN/A,divN/A,divN/A,divN/A,divN/A,divN/A,False,1806360510159307264
DivN/A,divN/A,divN/A,divN/A,divN/A,divN/A,False,1869635471611146240
DivN/A,divN/A,divN/A,divN/A,divN/A,divN/A,False,1879355954086768640
DivN/A,divN/A,divN/A,divN/A,divN/A,divN/A,False,1834742777265242112
DivN/A,divN/A,divN/A,divN/A,divN/A,divN/A,False,1754907174625501440
DivN/A,divN/A,divN/A,divN/A,divN/A,divN/A,False,1816522408037368064
DivN/A,divN/A,divN/A,divN/A,divN/A,divN/A,False,1794062039742108160
DivN/A,divN/A,divN/A,divN/A,divN/A,divN/A,False,1850824309708640256
DivN/A,divN/A,divN/A,divN/A,divN/A,divN/A,False,1695484357333630976
DivN/A,divN/A,divN/A,divN/A,divN/A,divN/A,False,1819076188343779840
DivN/A,divN/A,divN/A,divN/A,divN/A,divN/A,False,1812538250931642624
DivN/A,divN/A,divN/A,divN/A,divN/A,divN/A,False,1773654317716643840
DivN/A,divN/A,divN/A,divN/A,divN/A,divN/A,False,1751668621372190976
DivN/A,divN/A,divN/A,divN/A,divN/A,divN/A,False,1857169627387724288
DivN/A,divN/A,divN/A,divN/A,divN/A,divN/A,False,1733900953017872896
DivN/A,divN/A,divN/A,divN/A,divN/A,divN/A,False,1742670648433090816
DivN/A,divN/A,divN/A,divN/A,divN/A,divN/A,False,1752498124877337088
DivN/A,divN/A,divN/A,divN/A,divN/A,divN/A,False,1752695284256125184
DivN/A,divN/A,divN/A,divN/A,divN/A,divN/A,False,1758125305275850752
DivN/A,divN/A,divN/A,divN/A,divN/A,divN/A,False,1758102161630855680
DivN/A,divN/A,divN/A,divN/A,divN/A,divN/A,False,1758153227680248320
DivN/A,divN/A,divN/A,divN/A,divN/A,divN/A,False,1758569518442701056
DivN/A,divN/A,divN/A,divN/A,divN/A,divN/A,False,1764362995529113856
DivN/A,divN/A,divN/A,divN/A,divN/A,divN/A,False,1764351279113867520
DivN/A,divN/A,divN/A,divN/A,divN/A,divN/A,False,1764853588030038016
DivN/A,divN/A,divN/A,divN/A,divN/A,divN/A,False,1767671631990673408
DivN/A,divN/A,divN/A,divN/A,divN/A,divN/A,False,1779266317532475904
DivN/A,divN/A,divN/A,divN/A,divN/A,divN/A,False,1867460490600833280
DivN/A,divN/A,divN/A,divN/A,divN/A,divN/A,False,1873989278461751808
DivN/A,divN/A,divN/A,divN/A,divN/A,divN/A,False,1798120579683487744
DivN/A,divN/A,divN/A,divN/A,divN/A,divN/A,False,1865354317042962944
DivN/A,divN/A,divN/A,divN/A,divN/A,divN/A,False,1783172154193784832
DivN/A,divN/A,divN/A,divN/A,divN/A,divN/A,False,1843147906683203584
DivN/A,divN/A,divN/A,divN/A,divN/A,divN/A,False,1846783351278944256
DivN/A,divN/A,divN/A,divN/A,divN/A,divN/A,False,1807640841068142592
DivN/A,divN/A,divN/A,divN/A,divN/A,divN/A,False,1846505485869965824
DivN/A,divN/A,divN/A,divN/A,divN/A,divN/A,False,1809730365046546944
DivN/A,divN/A,divN/A,divN/A,divN/A,divN/A,False,1850929557660144128
DivN/A,divN/A,divN/A,divN/A,divN/A,divN/A,False,1801696120101605376
DivN/A,divN/A,divN/A,divN/A,divN/A,divN/A,False,1795451966031581184
DivN/A,divN/A,divN/A,divN/A,divN/A,divN/A,False,1795507923113619968
DivN/A,divN/A,divN/A,divN/A,divN/A,divN/A,False,1801245126829691136
DivN/A,divN/A,divN/A,divN/A,divN/A,divN/A,False,1803346175984124160
DivN/A,divN/A,divN/A,divN/A,divN/A,divN/A,False,1806388924199161856
DivN/A,divN/A,divN/A,divN/A,divN/A,divN/A,False,1881454836836897024
DivN/A,divN/A,divN/A,divN/A,divN/A,divN/A,False,1881484685320323072
DivN/A,divN/A,divN/A,divN/A,divN/A,divN/A,False,1665158674245902336
DivN/A,divN/A,divN/A,divN/A,divN/A,divN/A,False,1853836264480350464
DivN/A,divN/A,divN/A,divN/A,divN/A,divN/A,False,1838277881924845824
DivN/A,divN/A,divN/A,divN/A,divN/A,divN/A,False,1866589775966126336
DivN/A,divN/A,divN/A,divN/A,divN/A,divN/A,False,1782534628298944512
DivN/A,divN/A,divN/A,divN/A,divN/A,divN/A,False,1880699429730345216
DivN/A,divN/A,divN/A,divN/A,divN/A,divN/A,False,1854948889851523072
DivN/A,divN/A,divN/A,divN/A,divN/A,divN/A,False,1880306621911560192
DivN/A,divN/A,divN/A,divN/A,divN/A,divN/A,False,1806716419368698368
DivN/A,divN/A,divN/A,divN/A,divN/A,divN/A,False,1824201199702155520
DivN/A,divN/A,divN/A,divN/A,divN/A,divN/A,False,1785251147139179008
DivN/A,divN/A,divN/A,divN/A,divN/A,divN/A,False,1760443689107705856
DivN/A,divN/A,divN/A,divN/A,divN/A,divN/A,False,1793277861387780096
DivN/A,divN/A,divN/A,divN/A,divN/A,divN/A,False,1795526280227753984
DivN/A,divN/A,divN/A,divN/A,divN/A,divN/A,False,1798727360734487040
DivN/A,divN/A,divN/A,divN/A,divN/A,divN/A,False,1813631698715942912
DivN/A,divN/A,divN/A,divN/A,divN/A,divN/A,False,1842598068681900544
DivN/A,divN/A,divN/A,divN/A,divN/A,divN/A,False,1850295331852111872
DivN/A,divN/A,divN/A,divN/A,divN/A,divN/A,False,1871980539416293888
DivN/A,divN/A,divN/A,divN/A,divN/A,divN/A,False,1776878173445079296
DivN/A,divN/A,divN/A,divN/A,divN/A,divN/A,False,1638255718540165120
DivN/A,divN/A,divN/A,divN/A,divN/A,divN/A,False,1699917639043404288
DivN/A,divN/A,divN/A,divN/A,divN/A,divN/A,False,1699913329261813760
DivN/A,divN/A,divN/A,divN/A,divN/A,divN/A,False,1701166410137837824
DivN/A,divN/A,divN/A,divN/A,divN/A,divN/A,False,1798675831620808960
DivN/A,divN/A,divN/A,divN/A,divN/A,divN/A,False,1837454070656758016
DivN/A,divN/A,divN/A,divN/A,divN/A,divN/A,False,1788458123436433920
DivN/A,divN/A,divN/A,divN/A,divN/A,divN/A,False,1847349087513039360
DivN/A,divN/A,divN/A,divN/A,divN/A,divN/A,False,1850629161540301056
DivN/A,divN/A,divN/A,divN/A,divN/A,divN/A,False,1743422149551866368
DivN/A,divN/A,divN/A,divN/A,divN/A,divN/A,False,1802302925693145344
DivN/A,divN/A,divN/A,divN/A,divN/A,divN/A,False,1814014013832823040
DivN/A,divN/A,divN/A,divN/A,divN/A,divN/A,False,1792589688966111232
DivN/A,divN/A,divN/A,divN/A,divN/A,divN/A,False,1875326469968470528
DivN/A,divN/A,divN/A,divN/A,divN/A,divN/A,False,1818753505584464384
DivN/A,64.3M,20K,79K,551K,3.1K,False,1637211412270399488
DivN/A,divN/A,divN/A,divN/A,divN/A,divN/A,False,1650550341027475456
DivN/A,divN/A,divN/A,divN/A,divN/A,divN/A,False,1657552012098301952
"This is the most important video you will watch this year. Millions were killed with Covid-19 for profit. 

“Covid-19 was an act of biological warfare perpetrated on the human race. It was a financial heist. Nature was hijacked. Science was hijacked.”",27M,6K,85K,133K,35K,False,1661698114917646336
DivN/A,divN/A,divN/A,divN/A,divN/A,divN/A,False,1687332318728671232
DivN/A,divN/A,divN/A,divN/A,divN/A,divN/A,False,1690054601892864000
DivN/A,divN/A,divN/A,divN/A,divN/A,divN/A,False,1696079678837309696
DivN/A,divN/A,divN/A,divN/A,divN/A,divN/A,False,1696575043407376640
DivN/A,divN/A,divN/A,divN/A,divN/A,divN/A,False,1699537816558919680
DivN/A,divN/A,divN/A,divN/A,divN/A,divN/A,False,1701985570426122496
DivN/A,divN/A,divN/A,divN/A,divN/A,divN/A,False,1703544942004478464
DivN/A,divN/A,divN/A,divN/A,divN/A,divN/A,False,1708623727896801280
DivN/A,divN/A,divN/A,divN/A,divN/A,divN/A,False,1710024045201109504
DivN/A,divN/A,divN/A,divN/A,divN/A,divN/A,False,1715144550421868800
DivN/A,divN/A,divN/A,divN/A,divN/A,divN/A,False,1715820838564593664
DivN/A,divN/A,divN/A,divN/A,divN/A,divN/A,False,1722418214460625408
DivN/A,divN/A,divN/A,divN/A,divN/A,divN/A,False,1723513364096147968
DivN/A,divN/A,divN/A,divN/A,divN/A,divN/A,False,1724499654413361664
DivN/A,divN/A,divN/A,divN/A,divN/A,divN/A,False,1725619557937631744
DivN/A,divN/A,divN/A,divN/A,divN/A,divN/A,False,1726233823351033856
DivN/A,divN/A,divN/A,divN/A,divN/A,divN/A,False,1726268467270041600
DivN/A,divN/A,divN/A,divN/A,divN/A,divN/A,False,1727504339974144256
DivN/A,divN/A,divN/A,divN/A,divN/A,divN/A,False,1730301900669506048
DivN/A,divN/A,divN/A,divN/A,divN/A,divN/A,False,1730920737538462208
DivN/A,divN/A,divN/A,divN/A,divN/A,divN/A,False,1732097669277843456
DivN/A,divN/A,divN/A,divN/A,divN/A,divN/A,False,1742247087885160960
DivN/A,divN/A,divN/A,divN/A,divN/A,divN/A,False,1742588425444720640
DivN/A,divN/A,divN/A,divN/A,divN/A,divN/A,False,1742985268549071360
DivN/A,divN/A,divN/A,divN/A,divN/A,divN/A,False,1743397502261641728
DivN/A,divN/A,divN/A,divN/A,divN/A,divN/A,False,1744545825458470912
DivN/A,divN/A,divN/A,divN/A,divN/A,divN/A,False,1744573763251773696
DivN/A,divN/A,divN/A,divN/A,divN/A,divN/A,False,1746420529949815040
DivN/A,divN/A,divN/A,divN/A,divN/A,divN/A,False,1746642954238763264
DivN/A,divN/A,divN/A,divN/A,divN/A,divN/A,False,1746913882764096000
DivN/A,divN/A,divN/A,divN/A,divN/A,divN/A,False,1748804220344541696
DivN/A,divN/A,divN/A,divN/A,divN/A,divN/A,False,1732385426671849984
DivN/A,divN/A,divN/A,divN/A,divN/A,divN/A,False,1732464688837931520
DivN/A,divN/A,divN/A,divN/A,divN/A,divN/A,False,1732585178390773760
DivN/A,divN/A,divN/A,divN/A,divN/A,divN/A,False,1732833607327293696
DivN/A,divN/A,divN/A,divN/A,divN/A,divN/A,False,1734283515007480320
DivN/A,divN/A,divN/A,divN/A,divN/A,divN/A,False,1737200419397414912
DivN/A,divN/A,divN/A,divN/A,divN/A,divN/A,False,1737267109137096704
DivN/A,divN/A,divN/A,divN/A,divN/A,divN/A,False,1738061833104142336
DivN/A,divN/A,divN/A,divN/A,divN/A,divN/A,False,1739035143434543616
DivN/A,divN/A,divN/A,divN/A,divN/A,divN/A,False,1740341835875385600
DivN/A,divN/A,divN/A,divN/A,divN/A,divN/A,False,1754642109687013376
DivN/A,divN/A,divN/A,divN/A,divN/A,divN/A,False,1757486508570030336
DivN/A,divN/A,divN/A,divN/A,divN/A,divN/A,False,1758941398026334464
DivN/A,divN/A,divN/A,divN/A,divN/A,divN/A,False,1759639865174728960
DivN/A,divN/A,divN/A,divN/A,divN/A,divN/A,False,1760057567982563584
DivN/A,divN/A,divN/A,divN/A,divN/A,divN/A,False,1760408473630917120
DivN/A,divN/A,divN/A,divN/A,divN/A,divN/A,False,1761211756716728320
DivN/A,divN/A,divN/A,divN/A,divN/A,divN/A,False,1762212104155595264
DivN/A,divN/A,divN/A,divN/A,divN/A,divN/A,False,1762604930706116864
DivN/A,divN/A,divN/A,divN/A,divN/A,divN/A,False,1765852724606726400
DivN/A,divN/A,divN/A,divN/A,divN/A,divN/A,False,1799489245683605760
DivN/A,divN/A,divN/A,divN/A,divN/A,divN/A,False,1799813088243548160
DivN/A,divN/A,divN/A,divN/A,divN/A,divN/A,False,1800188823286305024
DivN/A,divN/A,divN/A,divN/A,divN/A,divN/A,False,1800815579638505472
DivN/A,divN/A,divN/A,divN/A,divN/A,divN/A,False,1802389323100070144
DivN/A,divN/A,divN/A,divN/A,divN/A,divN/A,False,1802409785184133376
DivN/A,divN/A,divN/A,divN/A,divN/A,divN/A,False,1802788968938811904
DivN/A,divN/A,divN/A,divN/A,divN/A,divN/A,False,1803942813245280768
DivN/A,divN/A,divN/A,divN/A,divN/A,divN/A,False,1805327799172923904
DivN/A,divN/A,divN/A,divN/A,divN/A,divN/A,False,1807457358794109440
DivN/A,divN/A,divN/A,divN/A,divN/A,divN/A,False,1791452017900032256
DivN/A,divN/A,divN/A,divN/A,divN/A,divN/A,False,1793069975927705856
DivN/A,divN/A,divN/A,divN/A,divN/A,divN/A,False,1794013067313058304
DivN/A,divN/A,divN/A,divN/A,divN/A,divN/A,False,1796984356617019904
DivN/A,divN/A,divN/A,divN/A,divN/A,divN/A,False,1796992421550571776
DivN/A,divN/A,divN/A,divN/A,divN/A,divN/A,False,1797804140246302976
DivN/A,divN/A,divN/A,divN/A,divN/A,divN/A,False,1797931943411007744
DivN/A,divN/A,divN/A,divN/A,divN/A,divN/A,False,1798421056941601280
DivN/A,divN/A,divN/A,divN/A,divN/A,divN/A,False,1798438708581912576
DivN/A,divN/A,divN/A,divN/A,divN/A,divN/A,False,1798848246569418752
DivN/A,divN/A,divN/A,divN/A,divN/A,divN/A,False,1749256874887942144
"These People Are Going To Kill Us All With Their Geoengineering Chemtrails, Electromagnetic Radio Frequency & Microwave Radiation They’re Putting Into Our Atmosphere

“If this video isn't proof that we're under attack, that nature is under attack, the sunlight is being blocked from us. Without sunlight, photosynthesis can't occur, which means that all living things will die eventually. And we at the same time have the world leaders, the United Nations and the World Economic Forum telling us by the year 2030, they will fulfill the great reset and completely transition us from this current system into a new system of artificial intelligence, where they openly brag about not needing a nature anymore because now they are the new creators of life, inorganic life. We have to do something now, or else we're gonna find ourselves in a position without being able to depend on nature and being forced to depend on them.”",515.9K,817,2K,3.9K,782,True,1751667575514419200
DivN/A,divN/A,divN/A,divN/A,divN/A,divN/A,False,1752712536808710656
DivN/A,divN/A,divN/A,divN/A,divN/A,divN/A,False,1752901862695604224
DivN/A,divN/A,divN/A,divN/A,divN/A,divN/A,False,1753588903616069632
DivN/A,divN/A,divN/A,divN/A,divN/A,divN/A,False,1753750189188227072
DivN/A,divN/A,divN/A,divN/A,divN/A,divN/A,False,1753827052887642112
DivN/A,divN/A,divN/A,divN/A,divN/A,divN/A,False,1754548684996378880
DivN/A,divN/A,divN/A,divN/A,divN/A,divN/A,False,1754624272595599616
DivN/A,divN/A,divN/A,divN/A,divN/A,divN/A,False,1754587903437471744
DivN/A,divN/A,divN/A,divN/A,divN/A,divN/A,False,1816558361871286272
DivN/A,divN/A,divN/A,divN/A,divN/A,divN/A,False,1816970920503968000
DivN/A,divN/A,divN/A,divN/A,divN/A,divN/A,False,1816955318439399680
DivN/A,divN/A,divN/A,divN/A,divN/A,divN/A,False,1817041757017886976
DivN/A,divN/A,divN/A,divN/A,divN/A,divN/A,False,1817345944196669696
DivN/A,divN/A,divN/A,divN/A,divN/A,divN/A,False,1817352933211841024
DivN/A,divN/A,divN/A,divN/A,divN/A,divN/A,False,1817643689231151360
DivN/A,divN/A,divN/A,divN/A,divN/A,divN/A,False,1818354746526499328
DivN/A,divN/A,divN/A,divN/A,divN/A,divN/A,False,1818353764371153408
DivN/A,divN/A,divN/A,divN/A,divN/A,divN/A,False,1818725863032074240
DivN/A,divN/A,divN/A,divN/A,divN/A,divN/A,False,1769530634668552704
DivN/A,divN/A,divN/A,divN/A,divN/A,divN/A,False,1769861788223357184
DivN/A,divN/A,divN/A,divN/A,divN/A,divN/A,False,1769793508854891008
DivN/A,divN/A,divN/A,divN/A,divN/A,divN/A,False,1770962540295488000
DivN/A,divN/A,divN/A,divN/A,divN/A,divN/A,False,1776377102083952896
DivN/A,divN/A,divN/A,divN/A,divN/A,divN/A,False,1782189469543919616
DivN/A,divN/A,divN/A,divN/A,divN/A,divN/A,False,1784754524856431104
DivN/A,divN/A,divN/A,divN/A,divN/A,divN/A,False,1787931381504307456
DivN/A,divN/A,divN/A,divN/A,divN/A,divN/A,False,1789770756403912704
DivN/A,divN/A,divN/A,divN/A,divN/A,divN/A,False,1790088873181327616
DivN/A,divN/A,divN/A,divN/A,divN/A,divN/A,False,1808179617397719040
DivN/A,divN/A,divN/A,divN/A,divN/A,divN/A,False,1808240396327440640
DivN/A,divN/A,divN/A,divN/A,divN/A,divN/A,False,1808575499251372032
DivN/A,divN/A,divN/A,divN/A,divN/A,divN/A,False,1810014905438708224
DivN/A,divN/A,divN/A,divN/A,divN/A,divN/A,False,1812162573191487744
DivN/A,divN/A,divN/A,divN/A,divN/A,divN/A,False,1812569951078584832
DivN/A,divN/A,divN/A,divN/A,divN/A,divN/A,False,1812954934909849600
DivN/A,divN/A,divN/A,divN/A,divN/A,divN/A,False,1813055745459691520
DivN/A,divN/A,divN/A,divN/A,divN/A,divN/A,False,1813276296962589184
DivN/A,divN/A,divN/A,divN/A,divN/A,divN/A,False,1813627533893714176
DivN/A,divN/A,divN/A,divN/A,divN/A,divN/A,False,1819530943847153920
DivN/A,divN/A,divN/A,divN/A,divN/A,divN/A,False,1820064398557274112
DivN/A,divN/A,divN/A,divN/A,divN/A,divN/A,False,1821982744622346496
DivN/A,divN/A,divN/A,divN/A,divN/A,divN/A,False,1822440984640143360
DivN/A,divN/A,divN/A,divN/A,divN/A,divN/A,False,1826718486359671040
DivN/A,divN/A,divN/A,divN/A,divN/A,divN/A,False,1826704142230061568
DivN/A,divN/A,divN/A,divN/A,divN/A,divN/A,False,1827078834748895232
DivN/A,divN/A,divN/A,divN/A,divN/A,divN/A,False,1827738976708444160
DivN/A,divN/A,divN/A,divN/A,divN/A,divN/A,False,1830359485111828736
DivN/A,divN/A,divN/A,divN/A,divN/A,divN/A,False,1831025890601677056
DivN/A,divN/A,divN/A,divN/A,divN/A,divN/A,False,1842294012860071936
DivN/A,divN/A,divN/A,divN/A,divN/A,divN/A,False,1842320222478274816
DivN/A,divN/A,divN/A,divN/A,divN/A,divN/A,False,1843331190759244288
DivN/A,divN/A,divN/A,divN/A,divN/A,divN/A,False,1844404942204973568
DivN/A,divN/A,divN/A,divN/A,divN/A,divN/A,False,1844527748854759680
DivN/A,divN/A,divN/A,divN/A,divN/A,divN/A,False,1846324960110719488
DivN/A,divN/A,divN/A,divN/A,divN/A,divN/A,False,1846534492514889984
DivN/A,divN/A,divN/A,divN/A,divN/A,divN/A,False,1846666317555794176
DivN/A,divN/A,divN/A,divN/A,divN/A,divN/A,False,1846696058954416384
DivN/A,divN/A,divN/A,divN/A,divN/A,divN/A,False,1848160889968513280
DivN/A,divN/A,divN/A,divN/A,divN/A,divN/A,False,1848826807581028352
DivN/A,divN/A,divN/A,divN/A,divN/A,divN/A,False,1848861170201169920
DivN/A,divN/A,divN/A,divN/A,divN/A,divN/A,False,1849097896823595264
DivN/A,divN/A,divN/A,divN/A,divN/A,divN/A,False,1849247231066460672
DivN/A,divN/A,divN/A,divN/A,divN/A,divN/A,False,1850172601605173504
DivN/A,divN/A,divN/A,divN/A,divN/A,divN/A,False,1850597684035691008
DivN/A,divN/A,divN/A,divN/A,divN/A,divN/A,False,1850974386528166144
DivN/A,divN/A,divN/A,divN/A,divN/A,divN/A,False,1851618531814568448
DivN/A,divN/A,divN/A,divN/A,divN/A,divN/A,False,1852030277326975488
DivN/A,divN/A,divN/A,divN/A,divN/A,divN/A,False,1852061101485076480
DivN/A,divN/A,divN/A,divN/A,divN/A,divN/A,False,1831072558004818176
DivN/A,divN/A,divN/A,divN/A,divN/A,divN/A,False,1831711452614348800
DivN/A,divN/A,divN/A,divN/A,divN/A,divN/A,False,1832498592604680704
DivN/A,divN/A,divN/A,divN/A,divN/A,divN/A,False,1.832816071164e+18
DivN/A,divN/A,divN/A,divN/A,divN/A,divN/A,False,1832866814046384384
DivN/A,divN/A,divN/A,divN/A,divN/A,divN/A,False,1833228842967678976
DivN/A,divN/A,divN/A,divN/A,divN/A,divN/A,False,1833597207230222848
DivN/A,divN/A,divN/A,divN/A,divN/A,divN/A,False,1833981036289753600
DivN/A,divN/A,divN/A,divN/A,divN/A,divN/A,False,1834238097808392704
DivN/A,divN/A,divN/A,divN/A,divN/A,divN/A,False,1834644972877816320
DivN/A,divN/A,divN/A,divN/A,divN/A,divN/A,False,1835123667283681280
DivN/A,divN/A,divN/A,divN/A,divN/A,divN/A,False,1835690891907887616
DivN/A,divN/A,divN/A,divN/A,divN/A,divN/A,False,1837889710259147264
DivN/A,divN/A,divN/A,divN/A,divN/A,divN/A,False,1838752621311725824
DivN/A,divN/A,divN/A,divN/A,divN/A,divN/A,False,1840037031247778304
DivN/A,divN/A,divN/A,divN/A,divN/A,divN/A,False,1840383126352122368
DivN/A,divN/A,divN/A,divN/A,divN/A,divN/A,False,1840440438186234368
DivN/A,divN/A,divN/A,divN/A,divN/A,divN/A,False,1840454243574051328
DivN/A,divN/A,divN/A,divN/A,divN/A,divN/A,False,1841547435946225920
DivN/A,divN/A,divN/A,divN/A,divN/A,divN/A,False,1842019436326211584
DivN/A,divN/A,divN/A,divN/A,divN/A,divN/A,False,1852105779773649408
DivN/A,divN/A,divN/A,divN/A,divN/A,divN/A,False,1852738190894932224
DivN/A,divN/A,divN/A,divN/A,divN/A,divN/A,False,1853089758005874944
DivN/A,divN/A,divN/A,divN/A,divN/A,divN/A,False,1854909345382977536
DivN/A,divN/A,divN/A,divN/A,divN/A,divN/A,False,1855352925830156800
DivN/A,divN/A,divN/A,divN/A,divN/A,divN/A,False,1855371327613424128
DivN/A,divN/A,divN/A,divN/A,divN/A,divN/A,False,1855393391967863040
DivN/A,divN/A,divN/A,divN/A,divN/A,divN/A,False,1855903221002252544
DivN/A,divN/A,divN/A,divN/A,divN/A,divN/A,False,1856083227204825600
DivN/A,divN/A,divN/A,divN/A,divN/A,divN/A,False,1856803887832879360
DivN/A,divN/A,divN/A,divN/A,divN/A,divN/A,False,1872042922243494144
DivN/A,divN/A,divN/A,divN/A,divN/A,divN/A,False,1872402178318672384
DivN/A,divN/A,divN/A,divN/A,divN/A,divN/A,False,1872781154312753664
DivN/A,divN/A,divN/A,divN/A,divN/A,divN/A,False,1855661598326878720
DivN/A,divN/A,divN/A,divN/A,divN/A,divN/A,False,1873102222197965056
DivN/A,divN/A,divN/A,divN/A,divN/A,divN/A,False,1874816757237698816
DivN/A,divN/A,divN/A,divN/A,divN/A,divN/A,False,1876325857377079808
DivN/A,divN/A,divN/A,divN/A,divN/A,divN/A,False,1877013106783613184
DivN/A,divN/A,divN/A,divN/A,divN/A,divN/A,False,1877223205036786176
DivN/A,divN/A,divN/A,divN/A,divN/A,divN/A,False,1877496215413068288
DivN/A,divN/A,divN/A,divN/A,divN/A,divN/A,False,1857997643256918016
DivN/A,divN/A,divN/A,divN/A,divN/A,divN/A,False,1859647125661024768
DivN/A,divN/A,divN/A,divN/A,divN/A,divN/A,False,1860126564840554496
DivN/A,divN/A,divN/A,divN/A,divN/A,divN/A,False,1860604362042540032
DivN/A,divN/A,divN/A,divN/A,divN/A,divN/A,False,1861214528043704576
DivN/A,divN/A,divN/A,divN/A,divN/A,divN/A,False,1863442352456491264
DivN/A,divN/A,divN/A,divN/A,divN/A,divN/A,False,1863979351236042752
DivN/A,divN/A,divN/A,divN/A,divN/A,divN/A,False,1864820415023190528
DivN/A,divN/A,divN/A,divN/A,divN/A,divN/A,False,1865501264940797952
DivN/A,divN/A,divN/A,divN/A,divN/A,divN/A,False,1865768157207757056
DivN/A,divN/A,divN/A,divN/A,divN/A,divN/A,False,1877572382006665728
DivN/A,divN/A,divN/A,divN/A,divN/A,divN/A,False,1877641689734455296
DivN/A,divN/A,divN/A,divN/A,divN/A,divN/A,False,1877857704384806912
DivN/A,divN/A,divN/A,divN/A,divN/A,divN/A,False,1878089735026950400
DivN/A,divN/A,divN/A,divN/A,divN/A,divN/A,False,1878855677717954816
DivN/A,divN/A,divN/A,divN/A,divN/A,divN/A,False,1879264780915200256
DivN/A,divN/A,divN/A,divN/A,divN/A,divN/A,False,1879633086293606400
DivN/A,divN/A,divN/A,divN/A,divN/A,divN/A,False,1.879713372176e+18
DivN/A,divN/A,divN/A,divN/A,divN/A,divN/A,False,1881033029382193664
DivN/A,divN/A,divN/A,divN/A,divN/A,divN/A,False,1881102974703050752
DivN/A,divN/A,divN/A,divN/A,divN/A,divN/A,False,1865969369093743104
DivN/A,divN/A,divN/A,divN/A,divN/A,divN/A,False,1866501879225590016
DivN/A,divN/A,divN/A,divN/A,divN/A,divN/A,False,1866896755117150720
DivN/A,divN/A,divN/A,divN/A,divN/A,divN/A,False,1866989100714045952
DivN/A,divN/A,divN/A,divN/A,divN/A,divN/A,False,1867560352474706176
DivN/A,divN/A,divN/A,divN/A,divN/A,divN/A,False,1869554014691447040
DivN/A,divN/A,divN/A,divN/A,divN/A,divN/A,False,1869910515327049984
DivN/A,divN/A,divN/A,divN/A,divN/A,divN/A,False,1870606381306298624
DivN/A,divN/A,divN/A,divN/A,divN/A,divN/A,False,1871181666741588480
DivN/A,divN/A,divN/A,divN/A,divN/A,divN/A,False,1871602236218077440
DivN/A,divN/A,divN/A,divN/A,divN/A,divN/A,False,1881859735822974976
DivN/A,divN/A,divN/A,divN/A,divN/A,divN/A,False,1836044956403716608
DivN/A,divN/A,divN/A,divN/A,divN/A,divN/A,False,1771857878757872128
DivN/A,divN/A,divN/A,divN/A,divN/A,divN/A,False,1772263844322173184
DivN/A,divN/A,divN/A,divN/A,divN/A,divN/A,False,1818990048479473664
DivN/A,divN/A,divN/A,divN/A,divN/A,divN/A,False,1818995650106884096
DivN/A,divN/A,divN/A,divN/A,divN/A,divN/A,False,1818995215673258496
DivN/A,divN/A,divN/A,divN/A,divN/A,divN/A,False,1727476410803953920
DivN/A,divN/A,divN/A,divN/A,divN/A,divN/A,False,1860449081463542016
DivN/A,divN/A,divN/A,divN/A,divN/A,divN/A,False,1872608536422949120
DivN/A,divN/A,divN/A,divN/A,divN/A,divN/A,False,1832119297612873984
DivN/A,divN/A,divN/A,divN/A,divN/A,divN/A,False,1789952754074480896
DivN/A,divN/A,divN/A,divN/A,divN/A,divN/A,False,1856972172004106496
DivN/A,divN/A,divN/A,divN/A,divN/A,divN/A,False,1750172742010233344
DivN/A,divN/A,divN/A,divN/A,divN/A,divN/A,False,1818981345865162752
DivN/A,divN/A,divN/A,divN/A,divN/A,divN/A,False,1864353073914605824
DivN/A,divN/A,divN/A,divN/A,divN/A,divN/A,False,1736997971215151360
DivN/A,divN/A,divN/A,divN/A,divN/A,divN/A,False,1854691650427105536
DivN/A,divN/A,divN/A,divN/A,divN/A,divN/A,False,1880961271459352576
DivN/A,divN/A,divN/A,divN/A,divN/A,divN/A,False,1706732045374804480
DivN/A,divN/A,divN/A,divN/A,divN/A,divN/A,False,1708616902770094336
DivN/A,divN/A,divN/A,divN/A,divN/A,divN/A,False,1844043420504891392
DivN/A,divN/A,divN/A,divN/A,divN/A,divN/A,False,1784019907148951552
DivN/A,divN/A,divN/A,divN/A,divN/A,divN/A,False,1796919635675173120
DivN/A,divN/A,divN/A,divN/A,divN/A,divN/A,False,1767594547591180544
DivN/A,divN/A,divN/A,divN/A,divN/A,divN/A,False,1823833798607613952
DivN/A,divN/A,divN/A,divN/A,divN/A,divN/A,False,1868716922566853120
DivN/A,divN/A,divN/A,divN/A,divN/A,divN/A,False,1874850874859921920
DivN/A,divN/A,divN/A,divN/A,divN/A,divN/A,False,1877858384856158720
DivN/A,divN/A,divN/A,divN/A,divN/A,divN/A,False,1781078321284952320
DivN/A,divN/A,divN/A,divN/A,divN/A,divN/A,False,1652033449363120128
DivN/A,divN/A,divN/A,divN/A,divN/A,divN/A,False,1850933708175675904
DivN/A,divN/A,divN/A,divN/A,divN/A,divN/A,False,1874163686106906880
DivN/A,divN/A,divN/A,divN/A,divN/A,divN/A,False,1785846973737599488
DivN/A,divN/A,divN/A,divN/A,divN/A,divN/A,False,1796614879656267776
DivN/A,divN/A,divN/A,divN/A,divN/A,divN/A,False,1874529839228862720
DivN/A,divN/A,divN/A,divN/A,divN/A,divN/A,False,1818062503986758144
DivN/A,divN/A,divN/A,divN/A,divN/A,divN/A,False,1729146710415507456
DivN/A,divN/A,divN/A,divN/A,divN/A,divN/A,False,1768960474366746880
DivN/A,divN/A,divN/A,divN/A,divN/A,divN/A,False,1775733479134679040
DivN/A,divN/A,divN/A,divN/A,divN/A,divN/A,False,1873793926634885376
DivN/A,divN/A,divN/A,divN/A,divN/A,divN/A,False,1795005377894867200
DivN/A,divN/A,divN/A,divN/A,divN/A,divN/A,False,1742169759137870080
DivN/A,divN/A,divN/A,divN/A,divN/A,divN/A,False,1869170143663890432
Johnny Depp’s teeth appear to be rotting ,24.7M,7.2K,6.1K,74K,1.8K,False,1659045923681345536
DivN/A,divN/A,divN/A,divN/A,divN/A,divN/A,False,1786739710980722944
DivN/A,divN/A,divN/A,divN/A,divN/A,divN/A,False,1727387582378688512
DivN/A,divN/A,divN/A,divN/A,divN/A,divN/A,False,1736386423865901568
DivN/A,divN/A,divN/A,divN/A,divN/A,divN/A,False,1773673096396091904
DivN/A,divN/A,divN/A,divN/A,divN/A,divN/A,False,1849130394760724736
DivN/A,divN/A,divN/A,divN/A,divN/A,divN/A,False,1879240790867619840
DivN/A,divN/A,divN/A,divN/A,divN/A,divN/A,False,1757153141437452800
DivN/A,divN/A,divN/A,divN/A,divN/A,divN/A,False,1769408353728647168
DivN/A,divN/A,divN/A,divN/A,divN/A,divN/A,False,1820246993962451200
DivN/A,divN/A,divN/A,divN/A,divN/A,divN/A,False,1771978879281831936
DivN/A,divN/A,divN/A,divN/A,divN/A,divN/A,False,1858517552646750464
DivN/A,divN/A,divN/A,divN/A,divN/A,divN/A,False,1671514120359690240
DivN/A,divN/A,divN/A,divN/A,divN/A,divN/A,False,1711674302171415040
DivN/A,divN/A,divN/A,divN/A,divN/A,divN/A,False,1836957713688928256
DivN/A,divN/A,divN/A,divN/A,divN/A,divN/A,False,1758230062451806464
DivN/A,divN/A,divN/A,divN/A,divN/A,divN/A,False,1842258220733362688
DivN/A,divN/A,divN/A,divN/A,divN/A,divN/A,False,1846802898312896512
DivN/A,divN/A,divN/A,divN/A,divN/A,divN/A,False,1803501899108225280
DivN/A,divN/A,divN/A,divN/A,divN/A,divN/A,False,1877067875707478528
DivN/A,divN/A,divN/A,divN/A,divN/A,divN/A,False,1655922134877609984
DivN/A,divN/A,divN/A,divN/A,divN/A,divN/A,False,1834972486309396736
DivN/A,divN/A,divN/A,divN/A,divN/A,divN/A,False,1867816883942305792
DivN/A,divN/A,divN/A,divN/A,divN/A,divN/A,False,1877431872348713216
DivN/A,divN/A,divN/A,divN/A,divN/A,divN/A,False,1754794308220121344
DivN/A,divN/A,divN/A,divN/A,divN/A,divN/A,False,1836011969553310208
DivN/A,divN/A,divN/A,divN/A,divN/A,divN/A,False,1872734195443015936
DivN/A,divN/A,divN/A,divN/A,divN/A,divN/A,False,1846430982377033728
DivN/A,divN/A,divN/A,divN/A,divN/A,divN/A,False,1723383211705725440
DivN/A,divN/A,divN/A,divN/A,divN/A,divN/A,False,1745822974920560640
DivN/A,divN/A,divN/A,divN/A,divN/A,divN/A,False,1853186236338343936
DivN/A,divN/A,divN/A,divN/A,divN/A,divN/A,False,1879121288649912320
DivN/A,divN/A,divN/A,divN/A,divN/A,divN/A,False,1774141302822887680
DivN/A,divN/A,divN/A,divN/A,divN/A,divN/A,False,1712342306597064960
DivN/A,divN/A,divN/A,divN/A,divN/A,divN/A,False,1861885201745354752
DivN/A,divN/A,divN/A,divN/A,divN/A,divN/A,False,1877416024506552576
DivN/A,divN/A,divN/A,divN/A,divN/A,divN/A,False,1762002449903288320
DivN/A,divN/A,divN/A,divN/A,divN/A,divN/A,False,1705255758978269440
DivN/A,divN/A,divN/A,divN/A,divN/A,divN/A,False,1705635639113257216
DivN/A,divN/A,divN/A,divN/A,divN/A,divN/A,False,1711857564227412224
DivN/A,divN/A,divN/A,divN/A,divN/A,divN/A,False,1714358704303157760
DivN/A,divN/A,divN/A,divN/A,divN/A,divN/A,False,1868475953493479680
DivN/A,divN/A,divN/A,divN/A,divN/A,divN/A,False,1680132497861124096
DivN/A,divN/A,divN/A,divN/A,divN/A,divN/A,False,1.838743325308e+18
DivN/A,divN/A,divN/A,divN/A,divN/A,divN/A,False,1798408445084770560
DivN/A,divN/A,divN/A,divN/A,divN/A,divN/A,False,1851772848668577792
DivN/A,divN/A,divN/A,divN/A,divN/A,divN/A,False,1808470746559123968
DivN/A,divN/A,divN/A,divN/A,divN/A,divN/A,False,1817515344291926528
DivN/A,divN/A,divN/A,divN/A,divN/A,divN/A,False,1879703896823668736
"国立科学博物館は国家の運営ではなく国家の施設とはいえなくなっているので国家が予算を簡単に投入する法的根拠がないのです・・・。いやマジで。
「国立」ってかいてるのに「国立」の枠内にないというどうしようない状況になってます・・・。いやこれは知らないほうが当たり前なんだよなぁ・・・。",765.3K,71,1.2K,2.7K,81,False,1688468578478272512
DivN/A,divN/A,divN/A,divN/A,divN/A,divN/A,False,1818325234006790400
DivN/A,divN/A,divN/A,divN/A,divN/A,divN/A,False,1794745595858685952
DivN/A,divN/A,divN/A,divN/A,divN/A,divN/A,False,1842224280676794624
DivN/A,divN/A,divN/A,divN/A,divN/A,divN/A,False,1857988633267155200
DivN/A,divN/A,divN/A,divN/A,divN/A,divN/A,False,1878934357467132160
DivN/A,divN/A,divN/A,divN/A,divN/A,divN/A,False,1848138218673259008
DivN/A,divN/A,divN/A,divN/A,divN/A,divN/A,False,1877425998716686336
DivN/A,divN/A,divN/A,divN/A,divN/A,divN/A,False,1764436131649892864
DivN/A,divN/A,divN/A,divN/A,divN/A,divN/A,False,1818334908382589184
DivN/A,divN/A,divN/A,divN/A,divN/A,divN/A,False,1790913442976813056
DivN/A,divN/A,divN/A,divN/A,divN/A,divN/A,False,1857639908250165760
DivN/A,divN/A,divN/A,divN/A,divN/A,divN/A,False,1780569119093641216
DivN/A,divN/A,divN/A,divN/A,divN/A,divN/A,False,1782290759183724800
DivN/A,divN/A,divN/A,divN/A,divN/A,divN/A,False,1791272879444619520
DivN/A,divN/A,divN/A,divN/A,divN/A,divN/A,False,1868642713949913600
Did you know that the iOS Stocks app icon shows the stock price from the moment Apple outperformed Dell on the stock market?,874.7K,61,332,8.8K,369,True,1685991582120439808
DivN/A,divN/A,divN/A,divN/A,divN/A,divN/A,False,1818966029558513920
DivN/A,divN/A,divN/A,divN/A,divN/A,divN/A,False,1875876846862209280
DivN/A,divN/A,divN/A,divN/A,divN/A,divN/A,False,1850193227774861312
DivN/A,divN/A,divN/A,divN/A,divN/A,divN/A,False,1860956752524574976
DivN/A,divN/A,divN/A,divN/A,divN/A,divN/A,False,1867611691061850112
DivN/A,divN/A,divN/A,divN/A,divN/A,divN/A,False,1870482941496947200
DivN/A,divN/A,divN/A,divN/A,divN/A,divN/A,False,1745519005291700480
DivN/A,divN/A,divN/A,divN/A,divN/A,divN/A,False,1778052247525478400
DivN/A,divN/A,divN/A,divN/A,divN/A,divN/A,False,1816934736608079872
DivN/A,divN/A,divN/A,divN/A,divN/A,divN/A,False,1791092104896069632
DivN/A,divN/A,divN/A,divN/A,divN/A,divN/A,False,1842934475535315200
DivN/A,divN/A,divN/A,divN/A,divN/A,divN/A,False,1862232004005126144
DivN/A,divN/A,divN/A,divN/A,divN/A,divN/A,False,1817030535690043904
DivN/A,divN/A,divN/A,divN/A,divN/A,divN/A,False,1753896425094611456
DivN/A,divN/A,divN/A,divN/A,divN/A,divN/A,False,1737984894171857408
DivN/A,divN/A,divN/A,divN/A,divN/A,divN/A,False,1737124837145940480
DivN/A,divN/A,divN/A,divN/A,divN/A,divN/A,False,1861651631856644096
DivN/A,divN/A,divN/A,divN/A,divN/A,divN/A,False,1787270804977095168
DivN/A,divN/A,divN/A,divN/A,divN/A,divN/A,False,1730335731393114624
DivN/A,divN/A,divN/A,divN/A,divN/A,divN/A,False,1880822089843904512
DivN/A,divN/A,divN/A,divN/A,divN/A,divN/A,False,1866795733829263616
DivN/A,divN/A,divN/A,divN/A,divN/A,divN/A,False,1770515680124600576
DivN/A,divN/A,divN/A,divN/A,divN/A,divN/A,False,1780312025568104704
DivN/A,divN/A,divN/A,divN/A,divN/A,divN/A,False,1824515238978523648
DivN/A,divN/A,divN/A,divN/A,divN/A,divN/A,False,1877042548402749696
DivN/A,divN/A,divN/A,divN/A,divN/A,divN/A,False,1680655669454598144
DivN/A,divN/A,divN/A,divN/A,divN/A,divN/A,False,1780243403663618560
DivN/A,divN/A,divN/A,divN/A,divN/A,divN/A,False,1819418453377217024
DivN/A,divN/A,divN/A,divN/A,divN/A,divN/A,False,1828459725102686208
DivN/A,divN/A,divN/A,divN/A,divN/A,divN/A,False,1818975055478452480
DivN/A,divN/A,divN/A,divN/A,divN/A,divN/A,False,1820997343677968384
DivN/A,divN/A,divN/A,divN/A,divN/A,divN/A,False,1740039502423265536
DivN/A,divN/A,divN/A,divN/A,divN/A,divN/A,False,1792329537096737024
DivN/A,divN/A,divN/A,divN/A,divN/A,divN/A,False,1842637444841456128
DivN/A,divN/A,divN/A,divN/A,divN/A,divN/A,False,1742175239805808640
DivN/A,divN/A,divN/A,divN/A,divN/A,divN/A,False,1748864142281457920
DivN/A,divN/A,divN/A,divN/A,divN/A,divN/A,False,1792534058666439168
DivN/A,divN/A,divN/A,divN/A,divN/A,divN/A,False,1738934391471038464
DivN/A,divN/A,divN/A,divN/A,divN/A,divN/A,False,1777058582909100544
DivN/A,divN/A,divN/A,divN/A,divN/A,divN/A,False,1845534321160986880
DivN/A,divN/A,divN/A,divN/A,divN/A,divN/A,False,1877814615033225216
DivN/A,divN/A,divN/A,divN/A,divN/A,divN/A,False,1.771622119715e+18
DivN/A,divN/A,divN/A,divN/A,divN/A,divN/A,False,1862565968884494336
DivN/A,divN/A,divN/A,divN/A,divN/A,divN/A,False,1819059846521733120
DivN/A,divN/A,divN/A,divN/A,divN/A,divN/A,False,1877394148610760960
DivN/A,divN/A,divN/A,divN/A,divN/A,divN/A,False,1701732427897491456
DivN/A,divN/A,divN/A,divN/A,divN/A,divN/A,False,1841914524665831936
DivN/A,divN/A,divN/A,divN/A,divN/A,divN/A,False,1847870074008281600
DivN/A,divN/A,divN/A,divN/A,divN/A,divN/A,False,1785519514202865920
DivN/A,divN/A,divN/A,divN/A,divN/A,divN/A,False,1761350518570352896
DivN/A,divN/A,divN/A,divN/A,divN/A,divN/A,False,1816455101311341056
DivN/A,divN/A,divN/A,divN/A,divN/A,divN/A,False,1744128907941425664
DivN/A,divN/A,divN/A,divN/A,divN/A,divN/A,False,1807622923089310208
DivN/A,divN/A,divN/A,divN/A,divN/A,divN/A,False,1762198376236352000
DivN/A,divN/A,divN/A,divN/A,divN/A,divN/A,False,1752500143138762752
DivN/A,divN/A,divN/A,divN/A,divN/A,divN/A,False,1764086691646599168
DivN/A,divN/A,divN/A,divN/A,divN/A,divN/A,False,1852421800581292032
DivN/A,divN/A,divN/A,divN/A,divN/A,divN/A,False,1881434377785319680
DivN/A,divN/A,divN/A,divN/A,divN/A,divN/A,False,1878534627490480128
DivN/A,divN/A,divN/A,divN/A,divN/A,divN/A,False,1809780375289544960
DivN/A,divN/A,divN/A,divN/A,divN/A,divN/A,False,1731464053740966144
DivN/A,divN/A,divN/A,divN/A,divN/A,divN/A,False,1697866427234234880
DivN/A,divN/A,divN/A,divN/A,divN/A,divN/A,False,1821243160422707200
DivN/A,divN/A,divN/A,divN/A,divN/A,divN/A,False,1754581617908064256
DivN/A,divN/A,divN/A,divN/A,divN/A,divN/A,False,1804309707969958400
DivN/A,divN/A,divN/A,divN/A,divN/A,divN/A,False,1812701459995128064
DivN/A,divN/A,divN/A,divN/A,divN/A,divN/A,False,1879980117323313152
"Why didn’t they protest when the children were murdered at the Christian school?

They are disingenuous.",12.2M,9.4K,27K,203K,859,False,1655143922291679232
DivN/A,divN/A,divN/A,divN/A,divN/A,divN/A,False,1806859597254397952
DivN/A,divN/A,divN/A,divN/A,divN/A,divN/A,False,1861610580840514048
DivN/A,divN/A,divN/A,divN/A,divN/A,divN/A,False,1823732499035656192
DivN/A,divN/A,divN/A,divN/A,divN/A,divN/A,False,1736764396561486080
DivN/A,divN/A,divN/A,divN/A,divN/A,divN/A,False,1844538125797777664
DivN/A,divN/A,divN/A,divN/A,divN/A,divN/A,False,1860968578821849344
DivN/A,divN/A,divN/A,divN/A,divN/A,divN/A,False,1840203597478539520
DivN/A,divN/A,divN/A,divN/A,divN/A,divN/A,False,1802863147356951040
DivN/A,divN/A,divN/A,divN/A,divN/A,divN/A,False,1861159870801608960
DivN/A,divN/A,divN/A,divN/A,divN/A,divN/A,False,1823339249896395264
DivN/A,divN/A,divN/A,divN/A,divN/A,divN/A,False,1737699919035769344
DivN/A,divN/A,divN/A,divN/A,divN/A,divN/A,False,1776613511650586880
DivN/A,divN/A,divN/A,divN/A,divN/A,divN/A,False,1738572976943972864
DivN/A,divN/A,divN/A,divN/A,divN/A,divN/A,False,1848546446208893184
DivN/A,divN/A,divN/A,divN/A,divN/A,divN/A,False,1855657332971049216
DivN/A,divN/A,divN/A,divN/A,divN/A,divN/A,False,1859996597092033024
DivN/A,divN/A,divN/A,divN/A,divN/A,divN/A,False,1772164087289422336
DivN/A,divN/A,divN/A,divN/A,divN/A,divN/A,False,1865634956468216064
DivN/A,divN/A,divN/A,divN/A,divN/A,divN/A,False,1837899133577056256
Elon turned the like button into a ,2.6M,406,844,76K,171,False,1861813972602671360
DivN/A,divN/A,divN/A,divN/A,divN/A,divN/A,False,1842310387791765760
DivN/A,divN/A,divN/A,divN/A,divN/A,divN/A,False,1854100327944823040
DivN/A,divN/A,divN/A,divN/A,divN/A,divN/A,False,1829553691009097984
DivN/A,divN/A,divN/A,divN/A,divN/A,divN/A,False,1828967009343709184
DivN/A,divN/A,divN/A,divN/A,divN/A,divN/A,False,1881746983209341184
DivN/A,divN/A,divN/A,divN/A,divN/A,divN/A,False,1744184530691379200
DivN/A,divN/A,divN/A,divN/A,divN/A,divN/A,False,1687155257221005312
DivN/A,divN/A,divN/A,divN/A,divN/A,divN/A,False,1716093692698567168
DivN/A,divN/A,divN/A,divN/A,divN/A,divN/A,False,1857096738860908800
DivN/A,divN/A,divN/A,divN/A,divN/A,divN/A,False,1812323402977350144
DivN/A,divN/A,divN/A,divN/A,divN/A,divN/A,False,1862234356367962112
DivN/A,divN/A,divN/A,divN/A,divN/A,divN/A,False,1751272595956142592
DivN/A,divN/A,divN/A,divN/A,divN/A,divN/A,False,1794008361463095296
DivN/A,divN/A,divN/A,divN/A,divN/A,divN/A,False,1842858863776731136
DivN/A,divN/A,divN/A,divN/A,divN/A,divN/A,False,1821862739855151360
DivN/A,divN/A,divN/A,divN/A,divN/A,divN/A,False,1881897741259022848
DivN/A,divN/A,divN/A,divN/A,divN/A,divN/A,False,1796600766691672320
DivN/A,divN/A,divN/A,divN/A,divN/A,divN/A,False,1696390116749582336
DivN/A,divN/A,divN/A,divN/A,divN/A,divN/A,False,1752745023433584896
DivN/A,divN/A,divN/A,divN/A,divN/A,divN/A,False,1774474268786426368
DivN/A,divN/A,divN/A,divN/A,divN/A,divN/A,False,1825778823205380608
DivN/A,divN/A,divN/A,divN/A,divN/A,divN/A,False,1780476301922447616
DivN/A,divN/A,divN/A,divN/A,divN/A,divN/A,False,1875678248853762560
DivN/A,divN/A,divN/A,divN/A,divN/A,divN/A,False,1760655931946488320
DivN/A,divN/A,divN/A,divN/A,divN/A,divN/A,False,1860263670850421248
【速報】iPhone 15から遂にUSB-Cが導入,18.9M,451,12K,75K,1K,True,1689454064957079552
DivN/A,divN/A,divN/A,divN/A,divN/A,divN/A,False,1851383775990817280
DivN/A,divN/A,divN/A,divN/A,divN/A,divN/A,False,1857833745866232064
DivN/A,divN/A,divN/A,divN/A,divN/A,divN/A,False,1720438383988625920
DivN/A,divN/A,divN/A,divN/A,divN/A,divN/A,False,1732468748504711424
DivN/A,divN/A,divN/A,divN/A,divN/A,divN/A,False,1729197072534884864
DivN/A,divN/A,divN/A,divN/A,divN/A,divN/A,False,1771291509025112064
DivN/A,divN/A,divN/A,divN/A,divN/A,divN/A,False,1771902773358916096
DivN/A,divN/A,divN/A,divN/A,divN/A,divN/A,False,1784580904066621440
DivN/A,divN/A,divN/A,divN/A,divN/A,divN/A,False,1825349676276572416
DivN/A,divN/A,divN/A,divN/A,divN/A,divN/A,False,1784682056607469824
DivN/A,divN/A,divN/A,divN/A,divN/A,divN/A,False,1828469602461905408
DivN/A,divN/A,divN/A,divN/A,divN/A,divN/A,False,1880370840065462784
DivN/A,divN/A,divN/A,divN/A,divN/A,divN/A,False,1730058435654287872
DivN/A,divN/A,divN/A,divN/A,divN/A,divN/A,False,1734641603682165248
DivN/A,divN/A,divN/A,divN/A,divN/A,divN/A,False,1866215906210136320
DivN/A,divN/A,divN/A,divN/A,divN/A,divN/A,False,1864722051270877440
DivN/A,divN/A,divN/A,divN/A,divN/A,divN/A,False,1853727719743422720
DivN/A,divN/A,divN/A,divN/A,divN/A,divN/A,False,1836871639968936448
DivN/A,divN/A,divN/A,divN/A,divN/A,divN/A,False,1873511892364537856
DivN/A,divN/A,divN/A,divN/A,divN/A,divN/A,False,1837939316871647744
DivN/A,divN/A,divN/A,divN/A,divN/A,divN/A,False,1877817507932721664
DivN/A,divN/A,divN/A,divN/A,divN/A,divN/A,False,1829306405871820800
DivN/A,divN/A,divN/A,divN/A,divN/A,divN/A,False,1728004068507787264
DivN/A,divN/A,divN/A,divN/A,divN/A,divN/A,False,1772642551079522560
DivN/A,divN/A,divN/A,divN/A,divN/A,divN/A,False,1836828947398402560
DivN/A,divN/A,divN/A,divN/A,divN/A,divN/A,False,1748801449369158144
DivN/A,divN/A,divN/A,divN/A,divN/A,divN/A,False,1829232967530754560
DivN/A,divN/A,divN/A,divN/A,divN/A,divN/A,False,1850954801896464640
DivN/A,divN/A,divN/A,divN/A,divN/A,divN/A,False,1839977220548268032
DivN/A,divN/A,divN/A,divN/A,divN/A,divN/A,False,1769680421627842816
DivN/A,divN/A,divN/A,divN/A,divN/A,divN/A,False,1818376947740950784
DivN/A,divN/A,divN/A,divN/A,divN/A,divN/A,False,1881110798531256576
DivN/A,divN/A,divN/A,divN/A,divN/A,divN/A,False,1846236242586784000
DivN/A,divN/A,divN/A,divN/A,divN/A,divN/A,False,1868226383664882176
DivN/A,divN/A,divN/A,divN/A,divN/A,divN/A,False,1726140558060441600
DivN/A,divN/A,divN/A,divN/A,divN/A,divN/A,False,1810296420056121344
DivN/A,divN/A,divN/A,divN/A,divN/A,divN/A,False,1812327281731215872
DivN/A,divN/A,divN/A,divN/A,divN/A,divN/A,False,1810271782919655936
DivN/A,divN/A,divN/A,divN/A,divN/A,divN/A,False,1799153187544326656
DivN/A,divN/A,divN/A,divN/A,divN/A,divN/A,False,1821999499973177344
DivN/A,divN/A,divN/A,divN/A,divN/A,divN/A,False,1868231256036823296
DivN/A,divN/A,divN/A,divN/A,divN/A,divN/A,False,1856916472561278976
DivN/A,divN/A,divN/A,divN/A,divN/A,divN/A,False,1874763529343156224
DivN/A,divN/A,divN/A,divN/A,divN/A,divN/A,False,1762212416476123136
DivN/A,divN/A,divN/A,divN/A,divN/A,divN/A,False,1762506241174016256
DivN/A,divN/A,divN/A,divN/A,divN/A,divN/A,False,1872879430017986816
DivN/A,divN/A,divN/A,divN/A,divN/A,divN/A,False,1863652619731775744
DivN/A,divN/A,divN/A,divN/A,divN/A,divN/A,False,1816122641645961216
DivN/A,divN/A,divN/A,divN/A,divN/A,divN/A,False,1854159737996087296
DivN/A,divN/A,divN/A,divN/A,divN/A,divN/A,False,1854369847444127744
DivN/A,divN/A,divN/A,divN/A,divN/A,divN/A,False,1869787619430994176
DivN/A,divN/A,divN/A,divN/A,divN/A,divN/A,False,1872860287424184320
DivN/A,divN/A,divN/A,divN/A,divN/A,divN/A,False,1837933089550397440
DivN/A,divN/A,divN/A,divN/A,divN/A,divN/A,False,1851423968583942400
DivN/A,divN/A,divN/A,divN/A,divN/A,divN/A,False,1785006168877809920
DivN/A,divN/A,divN/A,divN/A,divN/A,divN/A,False,1854539766492262656
DivN/A,divN/A,divN/A,divN/A,divN/A,divN/A,False,1.828086567183e+18
DivN/A,divN/A,divN/A,divN/A,divN/A,divN/A,False,1852176183477084416
DivN/A,divN/A,divN/A,divN/A,divN/A,divN/A,False,1852858834009866496
DivN/A,divN/A,divN/A,divN/A,divN/A,divN/A,False,1855415726775115776
DivN/A,divN/A,divN/A,divN/A,divN/A,divN/A,False,1834323284009390080
DivN/A,divN/A,divN/A,divN/A,divN/A,divN/A,False,1707537356658524416
DivN/A,divN/A,divN/A,divN/A,divN/A,divN/A,False,1751148938395079168
DivN/A,divN/A,divN/A,divN/A,divN/A,divN/A,False,1758542692294783488
DivN/A,divN/A,divN/A,divN/A,divN/A,divN/A,False,1723807905835586048
DivN/A,divN/A,divN/A,divN/A,divN/A,divN/A,False,1808130565284954624
DivN/A,divN/A,divN/A,divN/A,divN/A,divN/A,False,1834916150301671424
DivN/A,divN/A,divN/A,divN/A,divN/A,divN/A,False,1866030762593558784
DivN/A,divN/A,divN/A,divN/A,divN/A,divN/A,False,1.876697847548e+18
DivN/A,divN/A,divN/A,divN/A,divN/A,divN/A,False,1823748235174768896
DivN/A,divN/A,divN/A,divN/A,divN/A,divN/A,False,1842923089967083520
DivN/A,divN/A,divN/A,divN/A,divN/A,divN/A,False,1802469652922040576
DivN/A,divN/A,divN/A,divN/A,divN/A,divN/A,False,1729511790638146048
DivN/A,divN/A,divN/A,divN/A,divN/A,divN/A,False,1841578253607436544
DivN/A,divN/A,divN/A,divN/A,divN/A,divN/A,False,1814049945923559680
DivN/A,divN/A,divN/A,divN/A,divN/A,divN/A,False,1836265669631053824
DivN/A,divN/A,divN/A,divN/A,divN/A,divN/A,False,1867370364600205312
DivN/A,divN/A,divN/A,divN/A,divN/A,divN/A,False,1873939306886397952
RFK Jr. says COVID was ‘ethnically targeted’ to spare Jews ,9.8M,1.5K,2.8K,2.9K,538,False,1680184696225902592
DivN/A,divN/A,divN/A,divN/A,divN/A,divN/A,False,1738776591713628416
DivN/A,divN/A,divN/A,divN/A,divN/A,divN/A,False,1735234629895139584
DivN/A,divN/A,divN/A,divN/A,divN/A,divN/A,False,1737236999646720000
DivN/A,divN/A,divN/A,divN/A,divN/A,divN/A,False,1815086731810525440
DivN/A,divN/A,divN/A,divN/A,divN/A,divN/A,False,1870191763182285056
DivN/A,divN/A,divN/A,divN/A,divN/A,divN/A,False,1816827408424620544
DivN/A,divN/A,divN/A,divN/A,divN/A,divN/A,False,1873784009165353472
DivN/A,divN/A,divN/A,divN/A,divN/A,divN/A,False,1769081809680171264
DivN/A,divN/A,divN/A,divN/A,divN/A,divN/A,False,1842955343984517120
DivN/A,divN/A,divN/A,divN/A,divN/A,divN/A,False,1859056622204821504
DivN/A,divN/A,divN/A,divN/A,divN/A,divN/A,False,1790758680381592064
DivN/A,divN/A,divN/A,divN/A,divN/A,divN/A,False,1793775964213625344
DivN/A,divN/A,divN/A,divN/A,divN/A,divN/A,False,1815119847941984768
DivN/A,divN/A,divN/A,divN/A,divN/A,divN/A,False,1869674030195716608
DivN/A,divN/A,divN/A,divN/A,divN/A,divN/A,False,1836788307197342208
DivN/A,divN/A,divN/A,divN/A,divN/A,divN/A,False,1867714035288092672
DivN/A,divN/A,divN/A,divN/A,divN/A,divN/A,False,1881014464029626624
DivN/A,divN/A,divN/A,divN/A,divN/A,divN/A,False,1698755938541330944
DivN/A,divN/A,divN/A,divN/A,divN/A,divN/A,False,1760702780908466688
DivN/A,divN/A,divN/A,divN/A,divN/A,divN/A,False,1834672819176648960
DivN/A,divN/A,divN/A,divN/A,divN/A,divN/A,False,1843944722848768256
DivN/A,divN/A,divN/A,divN/A,divN/A,divN/A,False,1811701495294804480
DivN/A,divN/A,divN/A,divN/A,divN/A,divN/A,False,1877266069649334272
DivN/A,divN/A,divN/A,divN/A,divN/A,divN/A,False,1848911081860653568
DivN/A,divN/A,divN/A,divN/A,divN/A,divN/A,False,1812491872817836032
DivN/A,divN/A,divN/A,divN/A,divN/A,divN/A,False,1821596759224939008
DivN/A,divN/A,divN/A,divN/A,divN/A,divN/A,False,1867241394806591744
DivN/A,divN/A,divN/A,divN/A,divN/A,divN/A,False,1867612745459241216
DivN/A,divN/A,divN/A,divN/A,divN/A,divN/A,False,1879284674293297664
DivN/A,divN/A,divN/A,divN/A,divN/A,divN/A,False,1820788830171017728
DivN/A,divN/A,divN/A,divN/A,divN/A,divN/A,False,1821174102629216768
DivN/A,divN/A,divN/A,divN/A,divN/A,divN/A,False,1850430495512842240
DivN/A,divN/A,divN/A,divN/A,divN/A,divN/A,False,1858651143515357440
DivN/A,divN/A,divN/A,divN/A,divN/A,divN/A,False,1852043390596088064
DivN/A,divN/A,divN/A,divN/A,divN/A,divN/A,False,1824480729197355264
DivN/A,divN/A,divN/A,divN/A,divN/A,divN/A,False,1815429514614501376
DivN/A,divN/A,divN/A,divN/A,divN/A,divN/A,False,1738832114093609216
DivN/A,divN/A,divN/A,divN/A,divN/A,divN/A,False,1804939339710988800
DivN/A,divN/A,divN/A,divN/A,divN/A,divN/A,False,1809860131733074176
DivN/A,divN/A,divN/A,divN/A,divN/A,divN/A,False,1870068985942691840
DivN/A,divN/A,divN/A,divN/A,divN/A,divN/A,False,1881726940534669824
DivN/A,divN/A,divN/A,divN/A,divN/A,divN/A,False,1785729491551105536
DivN/A,divN/A,divN/A,divN/A,divN/A,divN/A,False,1873423959863214080
DivN/A,divN/A,divN/A,divN/A,divN/A,divN/A,False,1857102825903227136
DivN/A,divN/A,divN/A,divN/A,divN/A,divN/A,False,1849275517649699328
DivN/A,divN/A,divN/A,divN/A,divN/A,divN/A,False,1858558537770955264
DivN/A,divN/A,divN/A,divN/A,divN/A,divN/A,False,1815832898089423360
DivN/A,divN/A,divN/A,divN/A,divN/A,divN/A,False,1880907215462170880
DivN/A,divN/A,divN/A,divN/A,divN/A,divN/A,False,1871943613053387264
DivN/A,divN/A,divN/A,divN/A,divN/A,divN/A,False,1758853139418304512
DivN/A,divN/A,divN/A,divN/A,divN/A,divN/A,False,1683465170943614976
DivN/A,divN/A,divN/A,divN/A,divN/A,divN/A,False,1847442893650481152
DivN/A,divN/A,divN/A,divN/A,divN/A,divN/A,False,1856513523104322048
DivN/A,divN/A,divN/A,divN/A,divN/A,divN/A,False,1745845717007040512
DivN/A,divN/A,divN/A,divN/A,divN/A,divN/A,False,1787884148096442624
DivN/A,divN/A,divN/A,divN/A,divN/A,divN/A,False,1856376878296158464
DivN/A,divN/A,divN/A,divN/A,divN/A,divN/A,False,1821354346757681152
DivN/A,divN/A,divN/A,divN/A,divN/A,divN/A,False,1863097004337016832
DivN/A,divN/A,divN/A,divN/A,divN/A,divN/A,False,1803605688591306752
DivN/A,divN/A,divN/A,divN/A,divN/A,divN/A,False,1872151527546408960
DivN/A,divN/A,divN/A,divN/A,divN/A,divN/A,False,1853544857320432128
DivN/A,divN/A,divN/A,divN/A,divN/A,divN/A,False,1821297438549762304
DivN/A,divN/A,divN/A,divN/A,divN/A,divN/A,False,1852481621418533120
DivN/A,divN/A,divN/A,divN/A,divN/A,divN/A,False,1833680010688761856
DivN/A,divN/A,divN/A,divN/A,divN/A,divN/A,False,1877029563965825024
DivN/A,divN/A,divN/A,divN/A,divN/A,divN/A,False,1758509538972754176
DivN/A,divN/A,divN/A,divN/A,divN/A,divN/A,False,1858625582918951424
DivN/A,divN/A,divN/A,divN/A,divN/A,divN/A,False,1729044945347264512
DivN/A,divN/A,divN/A,divN/A,divN/A,divN/A,False,1838620645623464448
DivN/A,divN/A,divN/A,divN/A,divN/A,divN/A,False,1860499068419461120
DivN/A,divN/A,divN/A,divN/A,divN/A,divN/A,False,1851740065430671616
DivN/A,divN/A,divN/A,divN/A,divN/A,divN/A,False,1665052999285190656
DivN/A,divN/A,divN/A,divN/A,divN/A,divN/A,False,1823444749979992576
DivN/A,divN/A,divN/A,divN/A,divN/A,divN/A,False,1828183752700502528
DivN/A,divN/A,divN/A,divN/A,divN/A,divN/A,False,1843245855043879424
DivN/A,divN/A,divN/A,divN/A,divN/A,divN/A,False,1837685908881264640
DivN/A,divN/A,divN/A,divN/A,divN/A,divN/A,False,1754516345805316096
DivN/A,divN/A,divN/A,divN/A,divN/A,divN/A,False,1863385858977542400
DivN/A,divN/A,divN/A,divN/A,divN/A,divN/A,False,1859414267935461376
DivN/A,divN/A,divN/A,divN/A,divN/A,divN/A,False,1859610543234896384
DivN/A,divN/A,divN/A,divN/A,divN/A,divN/A,False,1823183298937467136
DivN/A,divN/A,divN/A,divN/A,divN/A,divN/A,False,1681086126138748928
DivN/A,divN/A,divN/A,divN/A,divN/A,divN/A,False,1759464928317178368
DivN/A,divN/A,divN/A,divN/A,divN/A,divN/A,False,1773716098996986368
DivN/A,divN/A,divN/A,divN/A,divN/A,divN/A,False,1791969996945674496
DivN/A,divN/A,divN/A,divN/A,divN/A,divN/A,False,1847981584286400512
DivN/A,divN/A,divN/A,divN/A,divN/A,divN/A,False,1858011726794600704
DivN/A,divN/A,divN/A,divN/A,divN/A,divN/A,False,1869857893882966528
DivN/A,divN/A,divN/A,divN/A,divN/A,divN/A,False,1838043298956796160
DivN/A,divN/A,divN/A,divN/A,divN/A,divN/A,False,1854592450494402816
DivN/A,divN/A,divN/A,divN/A,divN/A,divN/A,False,1875525668227936256
DivN/A,divN/A,divN/A,divN/A,divN/A,divN/A,False,1859526657578573824
DivN/A,divN/A,divN/A,divN/A,divN/A,divN/A,False,1826014723940429824
DivN/A,divN/A,divN/A,divN/A,divN/A,divN/A,False,1764211865448816896
DivN/A,divN/A,divN/A,divN/A,divN/A,divN/A,False,1790416886716400128
DivN/A,divN/A,divN/A,divN/A,divN/A,divN/A,False,1761153568432635904
DivN/A,divN/A,divN/A,divN/A,divN/A,divN/A,False,1823054798586823168
DivN/A,divN/A,divN/A,divN/A,divN/A,divN/A,False,1850676473277112576
DivN/A,divN/A,divN/A,divN/A,divN/A,divN/A,False,1881373971528262144
DivN/A,divN/A,divN/A,divN/A,divN/A,divN/A,False,1818027157370941696
DivN/A,divN/A,divN/A,divN/A,divN/A,divN/A,False,1816643863131652608
DivN/A,divN/A,divN/A,divN/A,divN/A,divN/A,False,1733882978781053440
DivN/A,divN/A,divN/A,divN/A,divN/A,divN/A,False,1854679640847122432
DivN/A,divN/A,divN/A,divN/A,divN/A,divN/A,False,1854851528592371712
DivN/A,divN/A,divN/A,divN/A,divN/A,divN/A,False,1856838189446828544
DivN/A,divN/A,divN/A,divN/A,divN/A,divN/A,False,1786064638016426240
DivN/A,divN/A,divN/A,divN/A,divN/A,divN/A,False,1879571165532045312
DivN/A,divN/A,divN/A,divN/A,divN/A,divN/A,False,1730647732883194368
DivN/A,divN/A,divN/A,divN/A,divN/A,divN/A,False,1753165222754529280
DivN/A,divN/A,divN/A,divN/A,divN/A,divN/A,False,1799292269415080448
DivN/A,divN/A,divN/A,divN/A,divN/A,divN/A,False,1827077726173384960
DivN/A,divN/A,divN/A,divN/A,divN/A,divN/A,False,1851282812747321600
DivN/A,divN/A,divN/A,divN/A,divN/A,divN/A,False,1739374180703916032
DivN/A,divN/A,divN/A,divN/A,divN/A,divN/A,False,1777050009877483776
DivN/A,divN/A,divN/A,divN/A,divN/A,divN/A,False,1790769395846770944
DivN/A,divN/A,divN/A,divN/A,divN/A,divN/A,False,1858157070018560256
DivN/A,divN/A,divN/A,divN/A,divN/A,divN/A,False,1845204563197890560
DivN/A,divN/A,divN/A,divN/A,divN/A,divN/A,False,1706259211552731136
DivN/A,divN/A,divN/A,divN/A,divN/A,divN/A,False,1773993594749095936
DivN/A,divN/A,divN/A,divN/A,divN/A,divN/A,False,1775840820685349376
DivN/A,divN/A,divN/A,divN/A,divN/A,divN/A,False,1757279553280717056
DivN/A,divN/A,divN/A,divN/A,divN/A,divN/A,False,1780698914058104832
DivN/A,divN/A,divN/A,divN/A,divN/A,divN/A,False,1868040116008005632
"As an immigrant from Iran, I saw this as an edge.  

I didn’t mind working 80 hours a week.

I didn’t mind the competition.  

All I wanted was a shot.  

This used to be the American Way.

Time to return to it. 

Take a min to read ",9.9M,6.6K,3.6K,22K,2.4K,True,1872507316953812992
DivN/A,divN/A,divN/A,divN/A,divN/A,divN/A,False,1718280283298963456
DivN/A,divN/A,divN/A,divN/A,divN/A,divN/A,False,1809390063286910976
DivN/A,divN/A,divN/A,divN/A,divN/A,divN/A,False,1815127674227925504
DivN/A,divN/A,divN/A,divN/A,divN/A,divN/A,False,1810120025480540416
DivN/A,divN/A,divN/A,divN/A,divN/A,divN/A,False,1727584012854862080
DivN/A,divN/A,divN/A,divN/A,divN/A,divN/A,False,1741122839346819584
DivN/A,divN/A,divN/A,divN/A,divN/A,divN/A,False,1811721200139403776
DivN/A,divN/A,divN/A,divN/A,divN/A,divN/A,False,1831648776852795904
DivN/A,divN/A,divN/A,divN/A,divN/A,divN/A,False,1857799774294212864
DivN/A,divN/A,divN/A,divN/A,divN/A,divN/A,False,1863457869984629248
DivN/A,divN/A,divN/A,divN/A,divN/A,divN/A,False,1846643611728748800
DivN/A,divN/A,divN/A,divN/A,divN/A,divN/A,False,1879647733000359936
DivN/A,divN/A,divN/A,divN/A,divN/A,divN/A,False,1863380971564745216
DivN/A,divN/A,divN/A,divN/A,divN/A,divN/A,False,1839303767633834496
DivN/A,divN/A,divN/A,divN/A,divN/A,divN/A,False,1840926801322737920
DivN/A,divN/A,divN/A,divN/A,divN/A,divN/A,False,1842613398762041344
DivN/A,divN/A,divN/A,divN/A,divN/A,divN/A,False,1865077660814062080
DivN/A,divN/A,divN/A,divN/A,divN/A,divN/A,False,1842530356223779328
DivN/A,divN/A,divN/A,divN/A,divN/A,divN/A,False,1861307018507887104
DivN/A,divN/A,divN/A,divN/A,divN/A,divN/A,False,1687978304874115072
Les civilisations ne se valent pas!,1.1M,25,637,1.4K,124,False,1691402647503310848
DivN/A,divN/A,divN/A,divN/A,divN/A,divN/A,False,1693662053267914752
DivN/A,divN/A,divN/A,divN/A,divN/A,divN/A,False,1696150595298590976
DivN/A,divN/A,divN/A,divN/A,divN/A,divN/A,False,1787097212826140672
DivN/A,divN/A,divN/A,divN/A,divN/A,divN/A,False,1749174456960868864
DivN/A,divN/A,divN/A,divN/A,divN/A,divN/A,False,1826776284254363904
DivN/A,divN/A,divN/A,divN/A,divN/A,divN/A,False,1877053423075377664
DivN/A,divN/A,divN/A,divN/A,divN/A,divN/A,False,1701305109836087296
DivN/A,divN/A,divN/A,divN/A,divN/A,divN/A,False,1864029535068467456
DivN/A,divN/A,divN/A,divN/A,divN/A,divN/A,False,1817537587503865856
DivN/A,divN/A,divN/A,divN/A,divN/A,divN/A,False,1843207962757882368
DivN/A,divN/A,divN/A,divN/A,divN/A,divN/A,False,1838259773155782656
DivN/A,divN/A,divN/A,divN/A,divN/A,divN/A,False,1871987391336161536
DivN/A,divN/A,divN/A,divN/A,divN/A,divN/A,False,1736472911043596800
DivN/A,divN/A,divN/A,divN/A,divN/A,divN/A,False,1841535369902174464
DivN/A,divN/A,divN/A,divN/A,divN/A,divN/A,False,1878405175867474176
DivN/A,divN/A,divN/A,divN/A,divN/A,divN/A,False,1865102350207115520
DivN/A,divN/A,divN/A,divN/A,divN/A,divN/A,False,1875147790604697856
DivN/A,divN/A,divN/A,divN/A,divN/A,divN/A,False,1795963798831964416
DivN/A,divN/A,divN/A,divN/A,divN/A,divN/A,False,1.858887738764e+18
DivN/A,divN/A,divN/A,divN/A,divN/A,divN/A,False,1867274304314085888
DivN/A,divN/A,divN/A,divN/A,divN/A,divN/A,False,1869613608327627264
DivN/A,divN/A,divN/A,divN/A,divN/A,divN/A,False,1858956663711256576
DivN/A,divN/A,divN/A,divN/A,divN/A,divN/A,False,1849283040696029440
DivN/A,divN/A,divN/A,divN/A,divN/A,divN/A,False,1868063237956354560
DivN/A,divN/A,divN/A,divN/A,divN/A,divN/A,False,1881505885622849536
DivN/A,divN/A,divN/A,divN/A,divN/A,divN/A,False,1881689855706673152
DivN/A,divN/A,divN/A,divN/A,divN/A,divN/A,False,1852005765277511936
DivN/A,divN/A,divN/A,divN/A,divN/A,divN/A,False,1827361108220342272
DivN/A,divN/A,divN/A,divN/A,divN/A,divN/A,False,1878079401365209600
DivN/A,divN/A,divN/A,divN/A,divN/A,divN/A,False,1861944085180797184
DivN/A,divN/A,divN/A,divN/A,divN/A,divN/A,False,1854683884421812736
DivN/A,divN/A,divN/A,divN/A,divN/A,divN/A,False,1734027810665030144
DivN/A,divN/A,divN/A,divN/A,divN/A,divN/A,False,1876299696165232640
DivN/A,divN/A,divN/A,divN/A,divN/A,divN/A,False,1742232706224922880
DivN/A,divN/A,divN/A,divN/A,divN/A,divN/A,False,1740669980348449280
DivN/A,divN/A,divN/A,divN/A,divN/A,divN/A,False,1797925152552071424
DivN/A,divN/A,divN/A,divN/A,divN/A,divN/A,False,1865105541300625664
DivN/A,divN/A,divN/A,divN/A,divN/A,divN/A,False,1872029076573352448
DivN/A,divN/A,divN/A,divN/A,divN/A,divN/A,False,1871861078575177984
DivN/A,divN/A,divN/A,divN/A,divN/A,divN/A,False,1881302606943064320
DivN/A,divN/A,divN/A,divN/A,divN/A,divN/A,False,1838214724850209024
DivN/A,divN/A,divN/A,divN/A,divN/A,divN/A,False,1785913922861539840
DivN/A,divN/A,divN/A,divN/A,divN/A,divN/A,False,1826251180797993216
DivN/A,divN/A,divN/A,divN/A,divN/A,divN/A,False,1864415876650274816
DivN/A,divN/A,divN/A,divN/A,divN/A,divN/A,False,1856831325858136320
DivN/A,divN/A,divN/A,divN/A,divN/A,divN/A,False,1829626244972896768
DivN/A,divN/A,divN/A,divN/A,divN/A,divN/A,False,1858344289656246784
DivN/A,divN/A,divN/A,divN/A,divN/A,divN/A,False,1772675651599770112
DivN/A,divN/A,divN/A,divN/A,divN/A,divN/A,False,1877823208273178880
DivN/A,divN/A,divN/A,divN/A,divN/A,divN/A,False,1858857771657261056
DivN/A,divN/A,divN/A,divN/A,divN/A,divN/A,False,1824521296140702208
DivN/A,divN/A,divN/A,divN/A,divN/A,divN/A,False,1847744098629013760
DivN/A,divN/A,divN/A,divN/A,divN/A,divN/A,False,1798937683189965056
DivN/A,divN/A,divN/A,divN/A,divN/A,divN/A,False,1847297341193121792
DivN/A,divN/A,divN/A,divN/A,divN/A,divN/A,False,1804907291721798144
DivN/A,divN/A,divN/A,divN/A,divN/A,divN/A,False,1847912944287326720
DivN/A,divN/A,divN/A,divN/A,divN/A,divN/A,False,1755746358030676480
DivN/A,divN/A,divN/A,divN/A,divN/A,divN/A,False,1762243707900695040
DivN/A,divN/A,divN/A,divN/A,divN/A,divN/A,False,1848827404145336320
DivN/A,divN/A,divN/A,divN/A,divN/A,divN/A,False,1758156390684557824
DivN/A,divN/A,divN/A,divN/A,divN/A,divN/A,False,1856498777579745536
DivN/A,divN/A,divN/A,divN/A,divN/A,divN/A,False,1775928212805104128
DivN/A,divN/A,divN/A,divN/A,divN/A,divN/A,False,1771555151955837184
DivN/A,divN/A,divN/A,divN/A,divN/A,divN/A,False,1863985057913799168
DivN/A,divN/A,divN/A,divN/A,divN/A,divN/A,False,1854958249210204160
DivN/A,divN/A,divN/A,divN/A,divN/A,divN/A,False,1798875962920362240
DivN/A,divN/A,divN/A,divN/A,divN/A,divN/A,False,1738643679211126784
DivN/A,divN/A,divN/A,divN/A,divN/A,divN/A,False,1712628323455545856
DivN/A,divN/A,divN/A,divN/A,divN/A,divN/A,False,1800604576623542272
DivN/A,divN/A,divN/A,divN/A,divN/A,divN/A,False,1878319348567196160
DivN/A,divN/A,divN/A,divN/A,divN/A,divN/A,False,1733560867692961792
DivN/A,divN/A,divN/A,divN/A,divN/A,divN/A,False,1862184444435595520
DivN/A,divN/A,divN/A,divN/A,divN/A,divN/A,False,1821352731719717120
DivN/A,divN/A,divN/A,divN/A,divN/A,divN/A,False,1870264342056505344
DivN/A,divN/A,divN/A,divN/A,divN/A,divN/A,False,1823337355471712256
DivN/A,divN/A,divN/A,divN/A,divN/A,divN/A,False,1833566191308218368
DivN/A,divN/A,divN/A,divN/A,divN/A,divN/A,False,1876830169899405824
DivN/A,divN/A,divN/A,divN/A,divN/A,divN/A,False,1758683833375830016
DivN/A,divN/A,divN/A,divN/A,divN/A,divN/A,False,1766687376686858240
DivN/A,divN/A,divN/A,divN/A,divN/A,divN/A,False,1840427894046138624
DivN/A,divN/A,divN/A,divN/A,divN/A,divN/A,False,1831824780581875712
DivN/A,divN/A,divN/A,divN/A,divN/A,divN/A,False,1872503883156914688
DivN/A,divN/A,divN/A,divN/A,divN/A,divN/A,False,1854963103202734336
DivN/A,divN/A,divN/A,divN/A,divN/A,divN/A,False,1880898804838506496
DivN/A,divN/A,divN/A,divN/A,divN/A,divN/A,False,1736635251403673856
DivN/A,divN/A,divN/A,divN/A,divN/A,divN/A,False,1817175451095175424
DivN/A,divN/A,divN/A,divN/A,divN/A,divN/A,False,1817185193523855872
DivN/A,divN/A,divN/A,divN/A,divN/A,divN/A,False,1881782024476012544
DivN/A,divN/A,divN/A,divN/A,divN/A,divN/A,False,1740906776084861440
DivN/A,divN/A,divN/A,divN/A,divN/A,divN/A,False,1870488903452676096
DivN/A,divN/A,divN/A,divN/A,divN/A,divN/A,False,1870493224743444480
DivN/A,divN/A,divN/A,divN/A,divN/A,divN/A,False,1874201082571944448
DivN/A,divN/A,divN/A,divN/A,divN/A,divN/A,False,1851645496109985792
DivN/A,divN/A,divN/A,divN/A,divN/A,divN/A,False,1792840438950379776
DivN/A,divN/A,divN/A,divN/A,divN/A,divN/A,False,1778555551980343808
DivN/A,divN/A,divN/A,divN/A,divN/A,divN/A,False,1877456750275657984
DivN/A,divN/A,divN/A,divN/A,divN/A,divN/A,False,1877523997891420416
DivN/A,divN/A,divN/A,divN/A,divN/A,divN/A,False,1714345013734166528
DivN/A,divN/A,divN/A,divN/A,divN/A,divN/A,False,1840500296939622656
DivN/A,divN/A,divN/A,divN/A,divN/A,divN/A,False,1818266231062901248
DivN/A,divN/A,divN/A,divN/A,divN/A,divN/A,False,1774511985700352256
DivN/A,divN/A,divN/A,divN/A,divN/A,divN/A,False,1872770566920519936
DivN/A,divN/A,divN/A,divN/A,divN/A,divN/A,False,1853985554981081344
DivN/A,divN/A,divN/A,divN/A,divN/A,divN/A,False,1813626264957440256
DivN/A,divN/A,divN/A,divN/A,divN/A,divN/A,False,1837707589410255104
DivN/A,divN/A,divN/A,divN/A,divN/A,divN/A,False,1795969437595500800
DivN/A,divN/A,divN/A,divN/A,divN/A,divN/A,False,1867191163213721600
DivN/A,divN/A,divN/A,divN/A,divN/A,divN/A,False,1809290194883080192
DivN/A,divN/A,divN/A,divN/A,divN/A,divN/A,False,1809231525378248704
DivN/A,divN/A,divN/A,divN/A,divN/A,divN/A,False,1873155101218443520
DivN/A,divN/A,divN/A,divN/A,divN/A,divN/A,False,1723842849936994304
DivN/A,divN/A,divN/A,divN/A,divN/A,divN/A,False,1875355977773675008
DivN/A,divN/A,divN/A,divN/A,divN/A,divN/A,False,1824878515147198464
DivN/A,divN/A,divN/A,divN/A,divN/A,divN/A,False,1858388288349848064
DivN/A,divN/A,divN/A,divN/A,divN/A,divN/A,False,1861709081993469952
DivN/A,divN/A,divN/A,divN/A,divN/A,divN/A,False,1867651313364087296
DivN/A,divN/A,divN/A,divN/A,divN/A,divN/A,False,1881433923433169408
DivN/A,divN/A,divN/A,divN/A,divN/A,divN/A,False,1797734304531013632
DivN/A,divN/A,divN/A,divN/A,divN/A,divN/A,False,1825489196791837184
DivN/A,divN/A,divN/A,divN/A,divN/A,divN/A,False,1870300584659824640
DivN/A,divN/A,divN/A,divN/A,divN/A,divN/A,False,1879149296370737664
DivN/A,divN/A,divN/A,divN/A,divN/A,divN/A,False,1848062631434665984
DivN/A,divN/A,divN/A,divN/A,divN/A,divN/A,False,1875320255553401344
DivN/A,divN/A,divN/A,divN/A,divN/A,divN/A,False,1879549664154067200
DivN/A,divN/A,divN/A,divN/A,divN/A,divN/A,False,1831864963704746240
DivN/A,divN/A,divN/A,divN/A,divN/A,divN/A,False,1854600534667542784
DivN/A,divN/A,divN/A,divN/A,divN/A,divN/A,False,1853508655624425984
DivN/A,divN/A,divN/A,divN/A,divN/A,divN/A,False,1863440009635721728
DivN/A,divN/A,divN/A,divN/A,divN/A,divN/A,False,1881029255003591168
DivN/A,divN/A,divN/A,divN/A,divN/A,divN/A,False,1836008316813644288
DivN/A,divN/A,divN/A,divN/A,divN/A,divN/A,False,1862587205820039424
DivN/A,divN/A,divN/A,divN/A,divN/A,divN/A,False,1855037166742553088
DivN/A,divN/A,divN/A,divN/A,divN/A,divN/A,False,1836430784263037440
DivN/A,divN/A,divN/A,divN/A,divN/A,divN/A,False,1764858314444419584
DivN/A,divN/A,divN/A,divN/A,divN/A,divN/A,False,1862831846611993088
DivN/A,divN/A,divN/A,divN/A,divN/A,divN/A,False,1851036150472830976
DivN/A,divN/A,divN/A,divN/A,divN/A,divN/A,False,1873855103096283136
DivN/A,divN/A,divN/A,divN/A,divN/A,divN/A,False,1875205841315606784
DivN/A,divN/A,divN/A,divN/A,divN/A,divN/A,False,1859461821389832704
DivN/A,divN/A,divN/A,divN/A,divN/A,divN/A,False,1779941176306442240
DivN/A,divN/A,divN/A,divN/A,divN/A,divN/A,False,1873337306633187840
DivN/A,divN/A,divN/A,divN/A,divN/A,divN/A,False,1823870410070614528
DivN/A,divN/A,divN/A,divN/A,divN/A,divN/A,False,1811368163864363264
DivN/A,divN/A,divN/A,divN/A,divN/A,divN/A,False,1881094861279129600
DivN/A,divN/A,divN/A,divN/A,divN/A,divN/A,False,1817959347370213376
DivN/A,divN/A,divN/A,divN/A,divN/A,divN/A,False,1836667543928361216
DivN/A,divN/A,divN/A,divN/A,divN/A,divN/A,False,1742744362130272768
DivN/A,divN/A,divN/A,divN/A,divN/A,divN/A,False,1860674383355736064
DivN/A,divN/A,divN/A,divN/A,divN/A,divN/A,False,1827090558403407872
DivN/A,divN/A,divN/A,divN/A,divN/A,divN/A,False,1711713412848267520
DivN/A,divN/A,divN/A,divN/A,divN/A,divN/A,False,1799503174933373184
DivN/A,divN/A,divN/A,divN/A,divN/A,divN/A,False,1800899024217665536
DivN/A,divN/A,divN/A,divN/A,divN/A,divN/A,False,1734265845105254656
DivN/A,divN/A,divN/A,divN/A,divN/A,divN/A,False,1853813269791932416
DivN/A,divN/A,divN/A,divN/A,divN/A,divN/A,False,1869460333989126144
DivN/A,divN/A,divN/A,divN/A,divN/A,divN/A,False,1731110487394258944
DivN/A,divN/A,divN/A,divN/A,divN/A,divN/A,False,1786692553636483072
DivN/A,divN/A,divN/A,divN/A,divN/A,divN/A,False,1817280566632251904
DivN/A,divN/A,divN/A,divN/A,divN/A,divN/A,False,1742937505635143936
DivN/A,divN/A,divN/A,divN/A,divN/A,divN/A,False,1781086997014040576
DivN/A,divN/A,divN/A,divN/A,divN/A,divN/A,False,1805241369033650176
DivN/A,divN/A,divN/A,divN/A,divN/A,divN/A,False,1851689165685166336
DivN/A,divN/A,divN/A,divN/A,divN/A,divN/A,False,1865743134048862464
DivN/A,divN/A,divN/A,divN/A,divN/A,divN/A,False,1846651758933954816
DivN/A,divN/A,divN/A,divN/A,divN/A,divN/A,False,1860621218770034944
DivN/A,divN/A,divN/A,divN/A,divN/A,divN/A,False,1778393708716532224
DivN/A,divN/A,divN/A,divN/A,divN/A,divN/A,False,1856143202429857792
DivN/A,divN/A,divN/A,divN/A,divN/A,divN/A,False,1857207866504991232
DivN/A,divN/A,divN/A,divN/A,divN/A,divN/A,False,1807133051161321472
DivN/A,divN/A,divN/A,divN/A,divN/A,divN/A,False,1861463430831411200
DivN/A,divN/A,divN/A,divN/A,divN/A,divN/A,False,1862326102720430080
DivN/A,divN/A,divN/A,divN/A,divN/A,divN/A,False,1864117433650356480
DivN/A,divN/A,divN/A,divN/A,divN/A,divN/A,False,1846925033085489152
DivN/A,divN/A,divN/A,divN/A,divN/A,divN/A,False,1796652417746145536
DivN/A,divN/A,divN/A,divN/A,divN/A,divN/A,False,1880476583410257920
DivN/A,divN/A,divN/A,divN/A,divN/A,divN/A,False,1802539061778718720
DivN/A,divN/A,divN/A,divN/A,divN/A,divN/A,False,1802392254340116736
DivN/A,divN/A,divN/A,divN/A,divN/A,divN/A,False,1803065399937806336
DivN/A,divN/A,divN/A,divN/A,divN/A,divN/A,False,1816492484886725120
"They'd never mock Islam like this

",13.3M,4.7K,5.7K,28K,804,False,1816957521913110784
DivN/A,divN/A,divN/A,divN/A,divN/A,divN/A,False,1861141922791755776
DivN/A,divN/A,divN/A,divN/A,divN/A,divN/A,False,1836075247474266624
DivN/A,divN/A,divN/A,divN/A,divN/A,divN/A,False,1772693654655668224
DivN/A,divN/A,divN/A,divN/A,divN/A,divN/A,False,1816995393898787328
DivN/A,divN/A,divN/A,divN/A,divN/A,divN/A,False,1857221731871777024
DivN/A,divN/A,divN/A,divN/A,divN/A,divN/A,False,1833833699487444992
DivN/A,divN/A,divN/A,divN/A,divN/A,divN/A,False,1820249453963424000
DivN/A,divN/A,divN/A,divN/A,divN/A,divN/A,False,1848402352295838208
DivN/A,divN/A,divN/A,divN/A,divN/A,divN/A,False,1848727299635528192
DivN/A,divN/A,divN/A,divN/A,divN/A,divN/A,False,1725634264153153536
DivN/A,divN/A,divN/A,divN/A,divN/A,divN/A,False,1807757765655625984
DivN/A,divN/A,divN/A,divN/A,divN/A,divN/A,False,1880536914690036224
DivN/A,divN/A,divN/A,divN/A,divN/A,divN/A,False,1881776911686447104
DivN/A,divN/A,divN/A,divN/A,divN/A,divN/A,False,1862547617579675904
DivN/A,divN/A,divN/A,divN/A,divN/A,divN/A,False,1801078443871748608
DivN/A,divN/A,divN/A,divN/A,divN/A,divN/A,False,1762955513606594560
DivN/A,divN/A,divN/A,divN/A,divN/A,divN/A,False,1842613436632514816
DivN/A,divN/A,divN/A,divN/A,divN/A,divN/A,False,1870593160151236864
DivN/A,divN/A,divN/A,divN/A,divN/A,divN/A,False,1872758177051144192
DivN/A,divN/A,divN/A,divN/A,divN/A,divN/A,False,1347569870578266112
DivN/A,divN/A,divN/A,divN/A,divN/A,divN/A,False,1875417719899554304
DivN/A,divN/A,divN/A,divN/A,divN/A,divN/A,False,1870525001251864576
DivN/A,divN/A,divN/A,divN/A,divN/A,divN/A,False,1741911994557497856
DivN/A,divN/A,divN/A,divN/A,divN/A,divN/A,False,1777387620781236480
DivN/A,divN/A,divN/A,divN/A,divN/A,divN/A,False,1730344621908107520
DivN/A,divN/A,divN/A,divN/A,divN/A,divN/A,False,1773579958624964864
DivN/A,divN/A,divN/A,divN/A,divN/A,divN/A,False,1723014364305723904
DivN/A,divN/A,divN/A,divN/A,divN/A,divN/A,False,1746463179096445184
DivN/A,divN/A,divN/A,divN/A,divN/A,divN/A,False,1815353795544567808
DivN/A,divN/A,divN/A,divN/A,divN/A,divN/A,False,1826062285707592192
DivN/A,divN/A,divN/A,divN/A,divN/A,divN/A,False,1857556186964668416
DivN/A,divN/A,divN/A,divN/A,divN/A,divN/A,False,1841159354914897920
DivN/A,divN/A,divN/A,divN/A,divN/A,divN/A,False,1742656165681533184
DivN/A,divN/A,divN/A,divN/A,divN/A,divN/A,False,1841600546865873408
DivN/A,divN/A,divN/A,divN/A,divN/A,divN/A,False,1881473430408827136
DivN/A,divN/A,divN/A,divN/A,divN/A,divN/A,False,1796296401137123584
DivN/A,divN/A,divN/A,divN/A,divN/A,divN/A,False,1734703916447646208
DivN/A,divN/A,divN/A,divN/A,divN/A,divN/A,False,1654529561860636672
DivN/A,divN/A,divN/A,divN/A,divN/A,divN/A,False,1839370898748653824
DivN/A,divN/A,divN/A,divN/A,divN/A,divN/A,False,1858290408624660736
DivN/A,divN/A,divN/A,divN/A,divN/A,divN/A,False,1815086392202211840
DivN/A,divN/A,divN/A,divN/A,divN/A,divN/A,False,1853080732387705344
DivN/A,divN/A,divN/A,divN/A,divN/A,divN/A,False,1836167327865246208
DivN/A,divN/A,divN/A,divN/A,divN/A,divN/A,False,1668321304196403200
DivN/A,divN/A,divN/A,divN/A,divN/A,divN/A,False,1865776018524377344
DivN/A,divN/A,divN/A,divN/A,divN/A,divN/A,False,1855572802910167552
DivN/A,divN/A,divN/A,divN/A,divN/A,divN/A,False,1635713664782041088
DivN/A,divN/A,divN/A,divN/A,divN/A,divN/A,False,1837125257737519360
DivN/A,divN/A,divN/A,divN/A,divN/A,divN/A,False,1743568319582466304
DivN/A,divN/A,divN/A,divN/A,divN/A,divN/A,False,1881727699011739904
DivN/A,divN/A,divN/A,divN/A,divN/A,divN/A,False,1837410890263810560
DivN/A,divN/A,divN/A,divN/A,divN/A,divN/A,False,1791740511172038656
DivN/A,divN/A,divN/A,divN/A,divN/A,divN/A,False,1805323528780366080
DivN/A,divN/A,divN/A,divN/A,divN/A,divN/A,False,1846211256622968832
DivN/A,divN/A,divN/A,divN/A,divN/A,divN/A,False,1876163621878890496
DivN/A,divN/A,divN/A,divN/A,divN/A,divN/A,False,1754053261190181120
DivN/A,divN/A,divN/A,divN/A,divN/A,divN/A,False,1876331274048360704
DivN/A,divN/A,divN/A,divN/A,divN/A,divN/A,False,1836262858557931776
DivN/A,divN/A,divN/A,divN/A,divN/A,divN/A,False,1850723340136198400
DivN/A,divN/A,divN/A,divN/A,divN/A,divN/A,False,1772520987885437440
DivN/A,divN/A,divN/A,divN/A,divN/A,divN/A,False,1877571454679515136
DivN/A,divN/A,divN/A,divN/A,divN/A,divN/A,False,1.826343143002e+18
DivN/A,divN/A,divN/A,divN/A,divN/A,divN/A,False,1879950648483151872
DivN/A,divN/A,divN/A,divN/A,divN/A,divN/A,False,1750190617492177408
DivN/A,divN/A,divN/A,divN/A,divN/A,divN/A,False,1817265390482866176
DivN/A,divN/A,divN/A,divN/A,divN/A,divN/A,False,1817760569404842240
DivN/A,divN/A,divN/A,divN/A,divN/A,divN/A,False,1798756052433031424
DivN/A,divN/A,divN/A,divN/A,divN/A,divN/A,False,1858281785257345280
DivN/A,divN/A,divN/A,divN/A,divN/A,divN/A,False,1861927566988247296
DivN/A,divN/A,divN/A,divN/A,divN/A,divN/A,False,1841291190441804288
DivN/A,divN/A,divN/A,divN/A,divN/A,divN/A,False,1853728113282404864
DivN/A,divN/A,divN/A,divN/A,divN/A,divN/A,False,1861075326467707136
DivN/A,divN/A,divN/A,divN/A,divN/A,divN/A,False,1848821521843737088
DivN/A,divN/A,divN/A,divN/A,divN/A,divN/A,False,1784579486429696256
DivN/A,divN/A,divN/A,divN/A,divN/A,divN/A,False,1833905163423404032
DivN/A,divN/A,divN/A,divN/A,divN/A,divN/A,False,1815800920644702464
DivN/A,divN/A,divN/A,divN/A,divN/A,divN/A,False,1746014019662803200
DivN/A,divN/A,divN/A,divN/A,divN/A,divN/A,False,1812528484851531776
DivN/A,divN/A,divN/A,divN/A,divN/A,divN/A,False,1834664499976323072
DivN/A,divN/A,divN/A,divN/A,divN/A,divN/A,False,1859421858929516544
DivN/A,divN/A,divN/A,divN/A,divN/A,divN/A,False,1830602035412218368
DivN/A,divN/A,divN/A,divN/A,divN/A,divN/A,False,1.84312634976e+18
DivN/A,divN/A,divN/A,divN/A,divN/A,divN/A,False,1812297671119638784
DivN/A,divN/A,divN/A,divN/A,divN/A,divN/A,False,1786355399081529856
DivN/A,divN/A,divN/A,divN/A,divN/A,divN/A,False,1761242777268957184
DivN/A,divN/A,divN/A,divN/A,divN/A,divN/A,False,1813830903074038272
DivN/A,divN/A,divN/A,divN/A,divN/A,divN/A,False,1813808840615538944
DivN/A,divN/A,divN/A,divN/A,divN/A,divN/A,False,1781257648114909696
DivN/A,divN/A,divN/A,divN/A,divN/A,divN/A,False,1877902231476867584
DivN/A,divN/A,divN/A,divN/A,divN/A,divN/A,False,1873329725839679744
DivN/A,divN/A,divN/A,divN/A,divN/A,divN/A,False,1879392443130679296
DivN/A,divN/A,divN/A,divN/A,divN/A,divN/A,False,1766675897250193664
DivN/A,divN/A,divN/A,divN/A,divN/A,divN/A,False,1875647181186818304
DivN/A,divN/A,divN/A,divN/A,divN/A,divN/A,False,1817965383682506752
DivN/A,divN/A,divN/A,divN/A,divN/A,divN/A,False,1777335593044938752
DivN/A,divN/A,divN/A,divN/A,divN/A,divN/A,False,1779288701496946944
DivN/A,divN/A,divN/A,divN/A,divN/A,divN/A,False,1793746570535718912
DivN/A,divN/A,divN/A,divN/A,divN/A,divN/A,False,1715101837093896192
DivN/A,divN/A,divN/A,divN/A,divN/A,divN/A,False,1843023165167120896
DivN/A,divN/A,divN/A,divN/A,divN/A,divN/A,False,1879676376573456640
DivN/A,divN/A,divN/A,divN/A,divN/A,divN/A,False,1880367746489454592
DivN/A,divN/A,divN/A,divN/A,divN/A,divN/A,False,1780956030094217216
DivN/A,divN/A,divN/A,divN/A,divN/A,divN/A,False,1754236775646511104
DivN/A,divN/A,divN/A,divN/A,divN/A,divN/A,False,1702362670836621312
DivN/A,divN/A,divN/A,divN/A,divN/A,divN/A,False,1872785400768737280
DivN/A,divN/A,divN/A,divN/A,divN/A,divN/A,False,1820217179046096896
DivN/A,divN/A,divN/A,divN/A,divN/A,divN/A,False,1760939101241422080
DivN/A,divN/A,divN/A,divN/A,divN/A,divN/A,False,1767895156731052032
DivN/A,divN/A,divN/A,divN/A,divN/A,divN/A,False,1803310413729165312
DivN/A,divN/A,divN/A,divN/A,divN/A,divN/A,False,1855371657298194432
DivN/A,divN/A,divN/A,divN/A,divN/A,divN/A,False,1750191713434619904
DivN/A,divN/A,divN/A,divN/A,divN/A,divN/A,False,1796307927097336064
DivN/A,divN/A,divN/A,divN/A,divN/A,divN/A,False,1874590491985277184
DivN/A,divN/A,divN/A,divN/A,divN/A,divN/A,False,1854071885514051584
DivN/A,divN/A,divN/A,divN/A,divN/A,divN/A,False,1767329854767472640
DivN/A,divN/A,divN/A,divN/A,divN/A,divN/A,False,1866762913127731456
DivN/A,divN/A,divN/A,divN/A,divN/A,divN/A,False,1850159765919330560
DivN/A,divN/A,divN/A,divN/A,divN/A,divN/A,False,1786632134951874560
DivN/A,divN/A,divN/A,divN/A,divN/A,divN/A,False,1831613623967383552
DivN/A,divN/A,divN/A,divN/A,divN/A,divN/A,False,1881744752573600000
DivN/A,divN/A,divN/A,divN/A,divN/A,divN/A,False,1743309019706757376
DivN/A,divN/A,divN/A,divN/A,divN/A,divN/A,False,1766649106527629312
DivN/A,divN/A,divN/A,divN/A,divN/A,divN/A,False,1853440835062575104
DivN/A,divN/A,divN/A,divN/A,divN/A,divN/A,False,1876248874849075200
DivN/A,divN/A,divN/A,divN/A,divN/A,divN/A,False,1871456241115185152
DivN/A,divN/A,divN/A,divN/A,divN/A,divN/A,False,1812841683589177600
DivN/A,divN/A,divN/A,divN/A,divN/A,divN/A,False,1881835418616033536
DivN/A,divN/A,divN/A,divN/A,divN/A,divN/A,False,1819768221651628544
DivN/A,divN/A,divN/A,divN/A,divN/A,divN/A,False,1753983213599592704
DivN/A,divN/A,divN/A,divN/A,divN/A,divN/A,False,1756870743596429824
DivN/A,divN/A,divN/A,divN/A,divN/A,divN/A,False,1878010126935736576
DivN/A,divN/A,divN/A,divN/A,divN/A,divN/A,False,1758927258268360960
DivN/A,divN/A,divN/A,divN/A,divN/A,divN/A,False,1811559621791752704
DivN/A,divN/A,divN/A,divN/A,divN/A,divN/A,False,1804800118022914560
DivN/A,divN/A,divN/A,divN/A,divN/A,divN/A,False,1844639454490673152
DivN/A,divN/A,divN/A,divN/A,divN/A,divN/A,False,1787654457339343104
DivN/A,divN/A,divN/A,divN/A,divN/A,divN/A,False,1787569100782457344
DivN/A,106M,51K,82K,479K,3.9K,False,1683877911315599360
DivN/A,divN/A,divN/A,divN/A,divN/A,divN/A,False,1827397993764397056
DivN/A,divN/A,divN/A,divN/A,divN/A,divN/A,False,1875295848348983808
DivN/A,divN/A,divN/A,divN/A,divN/A,divN/A,False,1875942895376859136
DivN/A,divN/A,divN/A,divN/A,divN/A,divN/A,False,1874543832378839296
DivN/A,divN/A,divN/A,divN/A,divN/A,divN/A,False,1723079163714658560
DivN/A,divN/A,divN/A,divN/A,divN/A,divN/A,False,1759651078566498560
DivN/A,divN/A,divN/A,divN/A,divN/A,divN/A,False,1810730958896910848
DivN/A,divN/A,divN/A,divN/A,divN/A,divN/A,False,1814321237000073728
DivN/A,divN/A,divN/A,divN/A,divN/A,divN/A,False,1818281948403687680
DivN/A,divN/A,divN/A,divN/A,divN/A,divN/A,False,1823409849276756224
DivN/A,divN/A,divN/A,divN/A,divN/A,divN/A,False,1873958029919687168
DivN/A,divN/A,divN/A,divN/A,divN/A,divN/A,False,1849293808506183680
DivN/A,divN/A,divN/A,divN/A,divN/A,divN/A,False,1858887085094055936
DivN/A,divN/A,divN/A,divN/A,divN/A,divN/A,False,1877005383039947264
DivN/A,divN/A,divN/A,divN/A,divN/A,divN/A,False,1749947916431524096
DivN/A,divN/A,divN/A,divN/A,divN/A,divN/A,False,1844887709883801856
DivN/A,divN/A,divN/A,divN/A,divN/A,divN/A,False,1786886730718621696
DivN/A,divN/A,divN/A,divN/A,divN/A,divN/A,False,1750532026544058624
DivN/A,divN/A,divN/A,divN/A,divN/A,divN/A,False,1844449889016742400
DivN/A,divN/A,divN/A,divN/A,divN/A,divN/A,False,1795110030066302976
DivN/A,divN/A,divN/A,divN/A,divN/A,divN/A,False,1820462293563404544
DivN/A,divN/A,divN/A,divN/A,divN/A,divN/A,False,1852324286608134656
DivN/A,divN/A,divN/A,divN/A,divN/A,divN/A,False,1715061743549067776
DivN/A,divN/A,divN/A,divN/A,divN/A,divN/A,False,1838371681192251392
DivN/A,divN/A,divN/A,divN/A,divN/A,divN/A,False,1839705710088638720
DivN/A,divN/A,divN/A,divN/A,divN/A,divN/A,False,1779342576925265920
DivN/A,divN/A,divN/A,divN/A,divN/A,divN/A,False,1807098499538063616
DivN/A,divN/A,divN/A,divN/A,divN/A,divN/A,False,1875176492339974400
DivN/A,divN/A,divN/A,divN/A,divN/A,divN/A,False,1743296606462489088
DivN/A,divN/A,divN/A,divN/A,divN/A,divN/A,False,1750285680331079680
DivN/A,divN/A,divN/A,divN/A,divN/A,divN/A,False,1806501186427638016
DivN/A,divN/A,divN/A,divN/A,divN/A,divN/A,False,1798126902814875904
DivN/A,divN/A,divN/A,divN/A,divN/A,divN/A,False,1733369639533490176
DivN/A,divN/A,divN/A,divN/A,divN/A,divN/A,False,1712390570708959232
DivN/A,divN/A,divN/A,divN/A,divN/A,divN/A,False,1790170643692245504
DivN/A,divN/A,divN/A,divN/A,divN/A,divN/A,False,1707871753202978816
DivN/A,divN/A,divN/A,divN/A,divN/A,divN/A,False,1742591655109328896
DivN/A,divN/A,divN/A,divN/A,divN/A,divN/A,False,1816098016303947776
DivN/A,divN/A,divN/A,divN/A,divN/A,divN/A,False,1873074436636852224
DivN/A,divN/A,divN/A,divN/A,divN/A,divN/A,False,1877331554893967616
DivN/A,divN/A,divN/A,divN/A,divN/A,divN/A,False,1743638743901200640
DivN/A,divN/A,divN/A,divN/A,divN/A,divN/A,False,1845222743756898560
DivN/A,divN/A,divN/A,divN/A,divN/A,divN/A,False,1827929378581278976
DivN/A,divN/A,divN/A,divN/A,divN/A,divN/A,False,1854057221304320000
DivN/A,divN/A,divN/A,divN/A,divN/A,divN/A,False,1854011414765040128
DivN/A,divN/A,divN/A,divN/A,divN/A,divN/A,False,1865136165541585408
DivN/A,divN/A,divN/A,divN/A,divN/A,divN/A,False,1865460850137366784
DivN/A,divN/A,divN/A,divN/A,divN/A,divN/A,False,1.865563137443e+18
DivN/A,divN/A,divN/A,divN/A,divN/A,divN/A,False,1881503382881607936
DivN/A,divN/A,divN/A,divN/A,divN/A,divN/A,False,1881498922084163840
DivN/A,divN/A,divN/A,divN/A,divN/A,divN/A,False,1766723124370825728
DivN/A,divN/A,divN/A,divN/A,divN/A,divN/A,False,1787231616043032576
DivN/A,divN/A,divN/A,divN/A,divN/A,divN/A,False,1797952632754967040
DivN/A,divN/A,divN/A,divN/A,divN/A,divN/A,False,1773470586024730880
DivN/A,divN/A,divN/A,divN/A,divN/A,divN/A,False,1814024925490950400
DivN/A,divN/A,divN/A,divN/A,divN/A,divN/A,False,1781263819861532672
DivN/A,divN/A,divN/A,divN/A,divN/A,divN/A,False,1826026690277224704
DivN/A,divN/A,divN/A,divN/A,divN/A,divN/A,False,1800550168762487040
DivN/A,divN/A,divN/A,divN/A,divN/A,divN/A,False,1786814879455711744
DivN/A,divN/A,divN/A,divN/A,divN/A,divN/A,False,1828541802611179776
DivN/A,divN/A,divN/A,divN/A,divN/A,divN/A,False,1842612827225305600
DivN/A,divN/A,divN/A,divN/A,divN/A,divN/A,False,1866833468589584640
DivN/A,divN/A,divN/A,divN/A,divN/A,divN/A,False,1860282179936555264
DivN/A,divN/A,divN/A,divN/A,divN/A,divN/A,False,1836511818103083264
DivN/A,divN/A,divN/A,divN/A,divN/A,divN/A,False,1876329374145798400
DivN/A,divN/A,divN/A,divN/A,divN/A,divN/A,False,1728380166936916224
DivN/A,divN/A,divN/A,divN/A,divN/A,divN/A,False,1746682645579186688
DivN/A,divN/A,divN/A,divN/A,divN/A,divN/A,False,1766957806081470720
DivN/A,divN/A,divN/A,divN/A,divN/A,divN/A,False,1789271487184302336
DivN/A,divN/A,divN/A,divN/A,divN/A,divN/A,False,1796565285266173952
DivN/A,divN/A,divN/A,divN/A,divN/A,divN/A,False,1826844479912857600
DivN/A,divN/A,divN/A,divN/A,divN/A,divN/A,False,1830527829018087680
DivN/A,divN/A,divN/A,divN/A,divN/A,divN/A,False,1836838998544896256
DivN/A,divN/A,divN/A,divN/A,divN/A,divN/A,False,1852370929323774464
DivN/A,divN/A,divN/A,divN/A,divN/A,divN/A,False,1809437763168788736
DivN/A,divN/A,divN/A,divN/A,divN/A,divN/A,False,1828716502649815296
DivN/A,divN/A,divN/A,divN/A,divN/A,divN/A,False,1686730110034989056
DivN/A,divN/A,divN/A,divN/A,divN/A,divN/A,False,1840887001463050240
DivN/A,divN/A,divN/A,divN/A,divN/A,divN/A,False,1841176284959031296
DivN/A,divN/A,divN/A,divN/A,divN/A,divN/A,False,1870213776726790400
DivN/A,divN/A,divN/A,divN/A,divN/A,divN/A,False,1811877281985405184
DivN/A,divN/A,divN/A,divN/A,divN/A,divN/A,False,1851402366211539200
DivN/A,divN/A,divN/A,divN/A,divN/A,divN/A,False,1691825933345317376
DivN/A,divN/A,divN/A,divN/A,divN/A,divN/A,False,1747386203064696832
DivN/A,divN/A,divN/A,divN/A,divN/A,divN/A,False,1835084381188227584
"Exactly. 

X will be filing legal action to stop this. Can’t wait for discovery to start!",38.2M,11K,45K,184K,2.7K,False,1694439520517624064
DivN/A,divN/A,divN/A,divN/A,divN/A,divN/A,False,1870544977253839104
DivN/A,divN/A,divN/A,divN/A,divN/A,divN/A,False,1868508154772013568
DivN/A,divN/A,divN/A,divN/A,divN/A,divN/A,False,1866976714196455680
DivN/A,divN/A,divN/A,divN/A,divN/A,divN/A,False,1870905146567434240
DivN/A,divN/A,divN/A,divN/A,divN/A,divN/A,False,1728206020760027136
DivN/A,divN/A,divN/A,divN/A,divN/A,divN/A,False,1863035109017886720
DivN/A,divN/A,divN/A,divN/A,divN/A,divN/A,False,1855094781049032960
DivN/A,divN/A,divN/A,divN/A,divN/A,divN/A,False,1742489535085428736
DivN/A,divN/A,divN/A,divN/A,divN/A,divN/A,False,1854502033803403520
DivN/A,divN/A,divN/A,divN/A,divN/A,divN/A,False,1878985009245323520
DivN/A,divN/A,divN/A,divN/A,divN/A,divN/A,False,1736388825193070592
DivN/A,divN/A,divN/A,divN/A,divN/A,divN/A,False,1833230899015815424
DivN/A,divN/A,divN/A,divN/A,divN/A,divN/A,False,1876357072314683904
DivN/A,divN/A,divN/A,divN/A,divN/A,divN/A,False,1737727208767250432
DivN/A,divN/A,divN/A,divN/A,divN/A,divN/A,False,1732610037762449664
DivN/A,divN/A,divN/A,divN/A,divN/A,divN/A,False,1881382074294387200
DivN/A,divN/A,divN/A,divN/A,divN/A,divN/A,False,1742259954940076544
DivN/A,divN/A,divN/A,divN/A,divN/A,divN/A,False,1832947366426460416
DivN/A,divN/A,divN/A,divN/A,divN/A,divN/A,False,1854961185336017408
DivN/A,divN/A,divN/A,divN/A,divN/A,divN/A,False,1861427871434039296
DivN/A,divN/A,divN/A,divN/A,divN/A,divN/A,False,1800934910452015360
DivN/A,divN/A,divN/A,divN/A,divN/A,divN/A,False,1835469232253100544
DivN/A,divN/A,divN/A,divN/A,divN/A,divN/A,False,1845917707016737024
DivN/A,divN/A,divN/A,divN/A,divN/A,divN/A,False,1739892636071198720
DivN/A,divN/A,divN/A,divN/A,divN/A,divN/A,False,1776488583538634752
DivN/A,divN/A,divN/A,divN/A,divN/A,divN/A,False,1879581822788468736
DivN/A,divN/A,divN/A,divN/A,divN/A,divN/A,False,1756348906227806464
DivN/A,divN/A,divN/A,divN/A,divN/A,divN/A,False,1729983825965703424
DivN/A,divN/A,divN/A,divN/A,divN/A,divN/A,False,1838351149734244352
DivN/A,divN/A,divN/A,divN/A,divN/A,divN/A,False,1822805956931006720
DivN/A,divN/A,divN/A,divN/A,divN/A,divN/A,False,1814313589382987776
DivN/A,divN/A,divN/A,divN/A,divN/A,divN/A,False,1739151504584720896
DivN/A,divN/A,divN/A,divN/A,divN/A,divN/A,False,1845449410643362304
DivN/A,divN/A,divN/A,divN/A,divN/A,divN/A,False,1759858911962972160
DivN/A,divN/A,divN/A,divN/A,divN/A,divN/A,False,1714429406192583168
DivN/A,divN/A,divN/A,divN/A,divN/A,divN/A,False,1862270490796060672
My condolences to the half of the country that doesn’t know the biggest story in American politics — by far — broke today. This is what they prepped you for. It worked.,12.6M,2.4K,8.8K,56K,1K,False,1686199648200097792
DivN/A,divN/A,divN/A,divN/A,divN/A,divN/A,False,1827979299627954688
DivN/A,divN/A,divN/A,divN/A,divN/A,divN/A,False,1861612226601222400
DivN/A,divN/A,divN/A,divN/A,divN/A,divN/A,False,1653561278101635072
DivN/A,divN/A,divN/A,divN/A,divN/A,divN/A,False,1881526193117450496
DivN/A,divN/A,divN/A,divN/A,divN/A,divN/A,False,1764673099793108992
DivN/A,divN/A,divN/A,divN/A,divN/A,divN/A,False,1795693019393626112
DivN/A,divN/A,divN/A,divN/A,divN/A,divN/A,False,1790357775572459776
DivN/A,divN/A,divN/A,divN/A,divN/A,divN/A,False,1806390461730583040
DivN/A,divN/A,divN/A,divN/A,divN/A,divN/A,False,1789256639763382784
DivN/A,divN/A,divN/A,divN/A,divN/A,divN/A,False,1828890689293431040
DivN/A,divN/A,divN/A,divN/A,divN/A,divN/A,False,1.873444278242e+18
DivN/A,divN/A,divN/A,divN/A,divN/A,divN/A,False,1752334791616426496
DivN/A,divN/A,divN/A,divN/A,divN/A,divN/A,False,1848216194308039168
DivN/A,divN/A,divN/A,divN/A,divN/A,divN/A,False,1873593785713861120
DivN/A,divN/A,divN/A,divN/A,divN/A,divN/A,False,1843011773567578112
DivN/A,divN/A,divN/A,divN/A,divN/A,divN/A,False,1837582044416655616
DivN/A,divN/A,divN/A,divN/A,divN/A,divN/A,False,1845759694578557184
DivN/A,divN/A,divN/A,divN/A,divN/A,divN/A,False,1871527075321950464
DivN/A,divN/A,divN/A,divN/A,divN/A,divN/A,False,1841845152526016512
DivN/A,divN/A,divN/A,divN/A,divN/A,divN/A,False,1721900120822910976
DivN/A,divN/A,divN/A,divN/A,divN/A,divN/A,False,1873208534990790656
DivN/A,divN/A,divN/A,divN/A,divN/A,divN/A,False,1796036331732107264
DivN/A,divN/A,divN/A,divN/A,divN/A,divN/A,False,1846015041159541248
DivN/A,divN/A,divN/A,divN/A,divN/A,divN/A,False,1851135708741660672
DivN/A,divN/A,divN/A,divN/A,divN/A,divN/A,False,1852734318180753664
DivN/A,divN/A,divN/A,divN/A,divN/A,divN/A,False,1853619575859920896
DivN/A,divN/A,divN/A,divN/A,divN/A,divN/A,False,1749500209061662976
DivN/A,divN/A,divN/A,divN/A,divN/A,divN/A,False,1784741732728606720
DivN/A,divN/A,divN/A,divN/A,divN/A,divN/A,False,1820917205539942400
DivN/A,divN/A,divN/A,divN/A,divN/A,divN/A,False,1837679208489013504
DivN/A,divN/A,divN/A,divN/A,divN/A,divN/A,False,1813992758153241088
This is a liberal school book for small children.,3.5M,6.6K,9.2K,23K,2.3K,False,1680188727732195328
DivN/A,divN/A,divN/A,divN/A,divN/A,divN/A,False,1879647962617520384
DivN/A,divN/A,divN/A,divN/A,divN/A,divN/A,False,1692565516924112896
DivN/A,divN/A,divN/A,divN/A,divN/A,divN/A,False,1748382813529739264
DivN/A,divN/A,divN/A,divN/A,divN/A,divN/A,False,1804918762283425792
DivN/A,divN/A,divN/A,divN/A,divN/A,divN/A,False,1859597592729956864
DivN/A,divN/A,divN/A,divN/A,divN/A,divN/A,False,1803523290662596864
DivN/A,divN/A,divN/A,divN/A,divN/A,divN/A,False,1744859028021273088
DivN/A,divN/A,divN/A,divN/A,divN/A,divN/A,False,1857564054795038976
DivN/A,divN/A,divN/A,divN/A,divN/A,divN/A,False,1720440948021227520
DivN/A,divN/A,divN/A,divN/A,divN/A,divN/A,False,1757234795996918016
DivN/A,divN/A,divN/A,divN/A,divN/A,divN/A,False,1765822003246768384
DivN/A,divN/A,divN/A,divN/A,divN/A,divN/A,False,1748963370538008576
DivN/A,divN/A,divN/A,divN/A,divN/A,divN/A,False,1807177783983976960
DivN/A,divN/A,divN/A,divN/A,divN/A,divN/A,False,1779526860415570432
DivN/A,divN/A,divN/A,divN/A,divN/A,divN/A,False,1822287799942287872
DivN/A,divN/A,divN/A,divN/A,divN/A,divN/A,False,1870448846528205056
DivN/A,divN/A,divN/A,divN/A,divN/A,divN/A,False,1782872310321443328
DivN/A,divN/A,divN/A,divN/A,divN/A,divN/A,False,1823546749702779136
DivN/A,divN/A,divN/A,divN/A,divN/A,divN/A,False,1840775088553263360
DivN/A,divN/A,divN/A,divN/A,divN/A,divN/A,False,1837581658528403968
DivN/A,divN/A,divN/A,divN/A,divN/A,divN/A,False,1859991279301779456
DivN/A,divN/A,divN/A,divN/A,divN/A,divN/A,False,1767864451523358720
DivN/A,divN/A,divN/A,divN/A,divN/A,divN/A,False,1724811997303419392
DivN/A,divN/A,divN/A,divN/A,divN/A,divN/A,False,1791539277043564800
DivN/A,divN/A,divN/A,divN/A,divN/A,divN/A,False,1881592385467281920
DivN/A,divN/A,divN/A,divN/A,divN/A,divN/A,False,1769550562150822400
DivN/A,divN/A,divN/A,divN/A,divN/A,divN/A,False,1829789173764468736
DivN/A,divN/A,divN/A,divN/A,divN/A,divN/A,False,1850695475952816384
DivN/A,divN/A,divN/A,divN/A,divN/A,divN/A,False,1.860766441123e+18
DivN/A,divN/A,divN/A,divN/A,divN/A,divN/A,False,1798878048672272640
DivN/A,divN/A,divN/A,divN/A,divN/A,divN/A,False,1812257581655531520
DivN/A,divN/A,divN/A,divN/A,divN/A,divN/A,False,1875205169010692096
DivN/A,divN/A,divN/A,divN/A,divN/A,divN/A,False,1794278288518750720
DivN/A,divN/A,divN/A,divN/A,divN/A,divN/A,False,1733698419657462016
DivN/A,divN/A,divN/A,divN/A,divN/A,divN/A,False,1840505980892692736
DivN/A,divN/A,divN/A,divN/A,divN/A,divN/A,False,1759916528407892480
DivN/A,divN/A,divN/A,divN/A,divN/A,divN/A,False,1757131845232193536
DivN/A,divN/A,divN/A,divN/A,divN/A,divN/A,False,1753862302355673600
DivN/A,divN/A,divN/A,divN/A,divN/A,divN/A,False,1797980254159712256
DivN/A,divN/A,divN/A,divN/A,divN/A,divN/A,False,1873758546577477632
DivN/A,divN/A,divN/A,divN/A,divN/A,divN/A,False,1871868031292588032
DivN/A,divN/A,divN/A,divN/A,divN/A,divN/A,False,1852058853568893184
DivN/A,divN/A,divN/A,divN/A,divN/A,divN/A,False,1764293148296020480
DivN/A,divN/A,divN/A,divN/A,divN/A,divN/A,False,1861504033246322688
DivN/A,divN/A,divN/A,divN/A,divN/A,divN/A,False,1861505497788228096
DivN/A,divN/A,divN/A,divN/A,divN/A,divN/A,False,1840719997741498624
DivN/A,divN/A,divN/A,divN/A,divN/A,divN/A,False,1776278627790782720
DivN/A,divN/A,divN/A,divN/A,divN/A,divN/A,False,1847402319270531072
DivN/A,divN/A,divN/A,divN/A,divN/A,divN/A,False,1811746560054636544
DivN/A,divN/A,divN/A,divN/A,divN/A,divN/A,False,1836595786655641600
DivN/A,divN/A,divN/A,divN/A,divN/A,divN/A,False,1393747329522585600
DivN/A,divN/A,divN/A,divN/A,divN/A,divN/A,False,1827904361135047168
DivN/A,divN/A,divN/A,divN/A,divN/A,divN/A,False,1851284338505404928
DivN/A,divN/A,divN/A,divN/A,divN/A,divN/A,False,1706088368587616768
DivN/A,divN/A,divN/A,divN/A,divN/A,divN/A,False,1789655110999752704
DivN/A,divN/A,divN/A,divN/A,divN/A,divN/A,False,1825140566390083840
DivN/A,divN/A,divN/A,divN/A,divN/A,divN/A,False,1719448032775663616
DivN/A,divN/A,divN/A,divN/A,divN/A,divN/A,False,1812570478663414016
DivN/A,divN/A,divN/A,divN/A,divN/A,divN/A,False,1710598095401353216
DivN/A,divN/A,divN/A,divN/A,divN/A,divN/A,False,1849838006464573696
DivN/A,divN/A,divN/A,divN/A,divN/A,divN/A,False,1850683305932251136
DivN/A,divN/A,divN/A,divN/A,divN/A,divN/A,False,1816321246725886464
DivN/A,divN/A,divN/A,divN/A,divN/A,divN/A,False,1761434846147105280
DivN/A,divN/A,divN/A,divN/A,divN/A,divN/A,False,1822232941516206336
DivN/A,divN/A,divN/A,divN/A,divN/A,divN/A,False,1823570593544864000
DivN/A,divN/A,divN/A,divN/A,divN/A,divN/A,False,1743686952635846656
DivN/A,divN/A,divN/A,divN/A,divN/A,divN/A,False,1882106634992054272
DivN/A,divN/A,divN/A,divN/A,divN/A,divN/A,False,1656110469126529024
DivN/A,divN/A,divN/A,divN/A,divN/A,divN/A,False,1656440071174643712
DivN/A,divN/A,divN/A,divN/A,divN/A,divN/A,False,1737129839591657984
DivN/A,divN/A,divN/A,divN/A,divN/A,divN/A,False,1845758657432031744
DivN/A,divN/A,divN/A,divN/A,divN/A,divN/A,False,1829337962384932864
DivN/A,divN/A,divN/A,divN/A,divN/A,divN/A,False,1816954156684353536
DivN/A,divN/A,divN/A,divN/A,divN/A,divN/A,False,1822411647815655680
DivN/A,divN/A,divN/A,divN/A,divN/A,divN/A,False,1823555061366092288
DivN/A,divN/A,divN/A,divN/A,divN/A,divN/A,False,1825005054480298240
DivN/A,divN/A,divN/A,divN/A,divN/A,divN/A,False,1825307288082502144
DivN/A,divN/A,divN/A,divN/A,divN/A,divN/A,False,1847757575594660096
DivN/A,divN/A,divN/A,divN/A,divN/A,divN/A,False,1863991228481655296
DivN/A,divN/A,divN/A,divN/A,divN/A,divN/A,False,1859968658917016064
DivN/A,divN/A,divN/A,divN/A,divN/A,divN/A,False,1760154736030798080
DivN/A,divN/A,divN/A,divN/A,divN/A,divN/A,False,1870945937142804480
DivN/A,divN/A,divN/A,divN/A,divN/A,divN/A,False,1671110988001853440
DivN/A,divN/A,divN/A,divN/A,divN/A,divN/A,False,1803843934516351488
DivN/A,divN/A,divN/A,divN/A,divN/A,divN/A,False,1805965759945789440
DivN/A,divN/A,divN/A,divN/A,divN/A,divN/A,False,1819361860308603136
DivN/A,divN/A,divN/A,divN/A,divN/A,divN/A,False,1842466071971770624
DivN/A,divN/A,divN/A,divN/A,divN/A,divN/A,False,1842189854257598720
DivN/A,divN/A,divN/A,divN/A,divN/A,divN/A,False,1845827767780119040
DivN/A,divN/A,divN/A,divN/A,divN/A,divN/A,False,1760796374793081344
DivN/A,divN/A,divN/A,divN/A,divN/A,divN/A,False,1858853992526475776
DivN/A,divN/A,divN/A,divN/A,divN/A,divN/A,False,1838740481376690688
DivN/A,divN/A,divN/A,divN/A,divN/A,divN/A,False,1837900734098031104
DivN/A,divN/A,divN/A,divN/A,divN/A,divN/A,False,1776329967397159424
DivN/A,divN/A,divN/A,divN/A,divN/A,divN/A,False,1836440964128248064
DivN/A,divN/A,divN/A,divN/A,divN/A,divN/A,False,1850719136495833344
DivN/A,divN/A,divN/A,divN/A,divN/A,divN/A,False,1863102462691028992
DivN/A,divN/A,divN/A,divN/A,divN/A,divN/A,False,1839671342951448576
DivN/A,divN/A,divN/A,divN/A,divN/A,divN/A,False,1820132969513664512
DivN/A,divN/A,divN/A,divN/A,divN/A,divN/A,False,1840133208496558336
DivN/A,divN/A,divN/A,divN/A,divN/A,divN/A,False,1804999052087505408
"Bill Gates owns 4 private jets:
",17.1M,5.8K,42K,158K,3K,False,1687935382711656448
DivN/A,divN/A,divN/A,divN/A,divN/A,divN/A,False,1871194187833409536
DivN/A,divN/A,divN/A,divN/A,divN/A,divN/A,False,1866277937902932224
DivN/A,divN/A,divN/A,divN/A,divN/A,divN/A,False,1819014279636320768
DivN/A,divN/A,divN/A,divN/A,divN/A,divN/A,False,1719406135990419968
DivN/A,divN/A,divN/A,divN/A,divN/A,divN/A,False,1858223384414331136
DivN/A,divN/A,divN/A,divN/A,divN/A,divN/A,False,1853905337562054656
DivN/A,divN/A,divN/A,divN/A,divN/A,divN/A,False,1755763948207423744
DivN/A,divN/A,divN/A,divN/A,divN/A,divN/A,False,1779360614718099456
DivN/A,divN/A,divN/A,divN/A,divN/A,divN/A,False,1872257021338374656
DivN/A,divN/A,divN/A,divN/A,divN/A,divN/A,False,1822702019238653952
DivN/A,divN/A,divN/A,divN/A,divN/A,divN/A,False,1719003217684541696
DivN/A,divN/A,divN/A,divN/A,divN/A,divN/A,False,1770829007149220096
DivN/A,divN/A,divN/A,divN/A,divN/A,divN/A,False,1806825502155649280
DivN/A,divN/A,divN/A,divN/A,divN/A,divN/A,False,1878836578984079872
DivN/A,divN/A,divN/A,divN/A,divN/A,divN/A,False,1754333708193091840
DivN/A,divN/A,divN/A,divN/A,divN/A,divN/A,False,1875522274088120576
DivN/A,divN/A,divN/A,divN/A,divN/A,divN/A,False,1735205727684132864
DivN/A,divN/A,divN/A,divN/A,divN/A,divN/A,False,1834544835060994048
DivN/A,divN/A,divN/A,divN/A,divN/A,divN/A,False,1832446635550633984
DivN/A,divN/A,divN/A,divN/A,divN/A,divN/A,False,1720699649722339840
DivN/A,divN/A,divN/A,divN/A,divN/A,divN/A,False,1812092067612434944
DivN/A,divN/A,divN/A,divN/A,divN/A,divN/A,False,1803947394641305600
DivN/A,divN/A,divN/A,divN/A,divN/A,divN/A,False,1742609371119411456
DivN/A,divN/A,divN/A,divN/A,divN/A,divN/A,False,1818010816219673088
DivN/A,divN/A,divN/A,divN/A,divN/A,divN/A,False,1849522176728473856
DivN/A,divN/A,divN/A,divN/A,divN/A,divN/A,False,1848332217648570624
DivN/A,divN/A,divN/A,divN/A,divN/A,divN/A,False,1861788345258639616
DivN/A,divN/A,divN/A,divN/A,divN/A,divN/A,False,1871340137696911360
DivN/A,divN/A,divN/A,divN/A,divN/A,divN/A,False,1860091723269177600
DivN/A,divN/A,divN/A,divN/A,divN/A,divN/A,False,1821842362391265536
DivN/A,divN/A,divN/A,divN/A,divN/A,divN/A,False,1882080785018024448
DivN/A,divN/A,divN/A,divN/A,divN/A,divN/A,False,1812381308561117184
DivN/A,divN/A,divN/A,divN/A,divN/A,divN/A,False,1879232608594518016
DivN/A,divN/A,divN/A,divN/A,divN/A,divN/A,False,1730587560726892800
DivN/A,divN/A,divN/A,divN/A,divN/A,divN/A,False,1859655776018759936
DivN/A,divN/A,divN/A,divN/A,divN/A,divN/A,False,1727038184444321792
DivN/A,divN/A,divN/A,divN/A,divN/A,divN/A,False,1735616224875159552
DivN/A,divN/A,divN/A,divN/A,divN/A,divN/A,False,1796522840264409600
DivN/A,divN/A,divN/A,divN/A,divN/A,divN/A,False,1797161252055134464
DivN/A,divN/A,divN/A,divN/A,divN/A,divN/A,False,1810673764763406848
DivN/A,divN/A,divN/A,divN/A,divN/A,divN/A,False,1855109452820525568
DivN/A,divN/A,divN/A,divN/A,divN/A,divN/A,False,1826014561872248832
DivN/A,divN/A,divN/A,divN/A,divN/A,divN/A,False,1757755857453130240
DivN/A,divN/A,divN/A,divN/A,divN/A,divN/A,False,1741577325743927808
DivN/A,divN/A,divN/A,divN/A,divN/A,divN/A,False,1810902253487698176
DivN/A,divN/A,divN/A,divN/A,divN/A,divN/A,False,1775553848783827200
DivN/A,divN/A,divN/A,divN/A,divN/A,divN/A,False,1859618535288250624
DivN/A,divN/A,divN/A,divN/A,divN/A,divN/A,False,1865400630447157504
DivN/A,divN/A,divN/A,divN/A,divN/A,divN/A,False,1875751222331986176
DivN/A,divN/A,divN/A,divN/A,divN/A,divN/A,False,1879561791325590016
DivN/A,divN/A,divN/A,divN/A,divN/A,divN/A,False,1860814398895297024
"In the latest example of gender ideology infecting Japan, children are no longer required to wear swimsuits & pushing children to wear unisex swimwear.",19.9M,2.1K,3.7K,2.3K,1K,True,1807515963119828992
DivN/A,divN/A,divN/A,divN/A,divN/A,divN/A,False,1750362959812129024
DivN/A,divN/A,divN/A,divN/A,divN/A,divN/A,False,1764529055439736832
DivN/A,divN/A,divN/A,divN/A,divN/A,divN/A,False,1876495749195743232
DivN/A,divN/A,divN/A,divN/A,divN/A,divN/A,False,1815321909602726400
DivN/A,divN/A,divN/A,divN/A,divN/A,divN/A,False,1724647490845073920
DivN/A,divN/A,divN/A,divN/A,divN/A,divN/A,False,1856354318015963648
DivN/A,divN/A,divN/A,divN/A,divN/A,divN/A,False,1871507650116235520
DivN/A,divN/A,divN/A,divN/A,divN/A,divN/A,False,1868669799322280448
DivN/A,divN/A,divN/A,divN/A,divN/A,divN/A,False,1874292588024664320
DivN/A,divN/A,divN/A,divN/A,divN/A,divN/A,False,1835401248457011200
DivN/A,divN/A,divN/A,divN/A,divN/A,divN/A,False,1814319237063754240
DivN/A,divN/A,divN/A,divN/A,divN/A,divN/A,False,1836526033614364672
DivN/A,divN/A,divN/A,divN/A,divN/A,divN/A,False,1796948047278006784
DivN/A,divN/A,divN/A,divN/A,divN/A,divN/A,False,1743720978977346048
DivN/A,divN/A,divN/A,divN/A,divN/A,divN/A,False,1846165423768719872
DivN/A,divN/A,divN/A,divN/A,divN/A,divN/A,False,1805643365469331968
DivN/A,divN/A,divN/A,divN/A,divN/A,divN/A,False,1807744011987214336
DivN/A,divN/A,divN/A,divN/A,divN/A,divN/A,False,1818959824106983680
DivN/A,divN/A,divN/A,divN/A,divN/A,divN/A,False,1827408345365631488
DivN/A,divN/A,divN/A,divN/A,divN/A,divN/A,False,1842565396773433344
DivN/A,divN/A,divN/A,divN/A,divN/A,divN/A,False,1839671013363036416
DivN/A,divN/A,divN/A,divN/A,divN/A,divN/A,False,1875940699310551040
DivN/A,divN/A,divN/A,divN/A,divN/A,divN/A,False,1794259215621709824
DivN/A,divN/A,divN/A,divN/A,divN/A,divN/A,False,1815117238313345280
DivN/A,divN/A,divN/A,divN/A,divN/A,divN/A,False,1827019664553095680
DivN/A,divN/A,divN/A,divN/A,divN/A,divN/A,False,1841179624207994880
DivN/A,divN/A,divN/A,divN/A,divN/A,divN/A,False,1715733629270200576
DivN/A,divN/A,divN/A,divN/A,divN/A,divN/A,False,1734267830722232576
DivN/A,divN/A,divN/A,divN/A,divN/A,divN/A,False,1742998055643763200
DivN/A,divN/A,divN/A,divN/A,divN/A,divN/A,False,1782858040657510400
DivN/A,divN/A,divN/A,divN/A,divN/A,divN/A,False,1750540614490333440
DivN/A,divN/A,divN/A,divN/A,divN/A,divN/A,False,1756362394308120576
DivN/A,divN/A,divN/A,divN/A,divN/A,divN/A,False,1794532195324879104
DivN/A,divN/A,divN/A,divN/A,divN/A,divN/A,False,1849182623060357120
DivN/A,divN/A,divN/A,divN/A,divN/A,divN/A,False,1816102550069727744
DivN/A,divN/A,divN/A,divN/A,divN/A,divN/A,False,1839700688466858496
DivN/A,divN/A,divN/A,divN/A,divN/A,divN/A,False,1751392710462947840
DivN/A,divN/A,divN/A,divN/A,divN/A,divN/A,False,1782770695220421120
DivN/A,divN/A,divN/A,divN/A,divN/A,divN/A,False,1807110055583453440
DivN/A,divN/A,divN/A,divN/A,divN/A,divN/A,False,1814499584095207680
DivN/A,divN/A,divN/A,divN/A,divN/A,divN/A,False,1853059736985301504
DivN/A,divN/A,divN/A,divN/A,divN/A,divN/A,False,1830088455956939264
DivN/A,divN/A,divN/A,divN/A,divN/A,divN/A,False,1843149563953049856
DivN/A,divN/A,divN/A,divN/A,divN/A,divN/A,False,1880145264624738560
DivN/A,divN/A,divN/A,divN/A,divN/A,divN/A,False,1819399815924797696
DivN/A,divN/A,divN/A,divN/A,divN/A,divN/A,False,1786512240944042240
DivN/A,divN/A,divN/A,divN/A,divN/A,divN/A,False,1758637916178510080
DivN/A,divN/A,divN/A,divN/A,divN/A,divN/A,False,1785370950302666752
DivN/A,divN/A,divN/A,divN/A,divN/A,divN/A,False,1875023980152668416
DivN/A,divN/A,divN/A,divN/A,divN/A,divN/A,False,1760480204299092480
DivN/A,divN/A,divN/A,divN/A,divN/A,divN/A,False,1880002604413120512
DivN/A,divN/A,divN/A,divN/A,divN/A,divN/A,False,1802932784228708864
DivN/A,divN/A,divN/A,divN/A,divN/A,divN/A,False,1869138229511033344
DivN/A,divN/A,divN/A,divN/A,divN/A,divN/A,False,1870599861646856192
DivN/A,divN/A,divN/A,divN/A,divN/A,divN/A,False,1874282313313640704
DivN/A,divN/A,divN/A,divN/A,divN/A,divN/A,False,1870198951531688448
DivN/A,divN/A,divN/A,divN/A,divN/A,divN/A,False,1.875190717725e+18
DivN/A,divN/A,divN/A,divN/A,divN/A,divN/A,False,1816051244060008704
DivN/A,divN/A,divN/A,divN/A,divN/A,divN/A,False,1872275756266717696
DivN/A,divN/A,divN/A,divN/A,divN/A,divN/A,False,1861058876830843136
DivN/A,divN/A,divN/A,divN/A,divN/A,divN/A,False,1758475144278786560
DivN/A,divN/A,divN/A,divN/A,divN/A,divN/A,False,1852698835602075904
DivN/A,divN/A,divN/A,divN/A,divN/A,divN/A,False,1847017637974269952
DivN/A,divN/A,divN/A,divN/A,divN/A,divN/A,False,1817928731975127296
DivN/A,divN/A,divN/A,divN/A,divN/A,divN/A,False,1799041286147801344
DivN/A,divN/A,divN/A,divN/A,divN/A,divN/A,False,1879612869999767552
DivN/A,divN/A,divN/A,divN/A,divN/A,divN/A,False,1821144736943767552
DivN/A,divN/A,divN/A,divN/A,divN/A,divN/A,False,1820114192981983232
DivN/A,divN/A,divN/A,divN/A,divN/A,divN/A,False,1877403182264955136
DivN/A,divN/A,divN/A,divN/A,divN/A,divN/A,False,1793611687565885696
DivN/A,divN/A,divN/A,divN/A,divN/A,divN/A,False,1867063655235301376
DivN/A,divN/A,divN/A,divN/A,divN/A,divN/A,False,1785594453786276096
DivN/A,divN/A,divN/A,divN/A,divN/A,divN/A,False,1841667403543106048
DivN/A,divN/A,divN/A,divN/A,divN/A,divN/A,False,1796180691714990080
DivN/A,divN/A,divN/A,divN/A,divN/A,divN/A,False,1827435068002070784
DivN/A,divN/A,divN/A,divN/A,divN/A,divN/A,False,1863077009116541184
DivN/A,divN/A,divN/A,divN/A,divN/A,divN/A,False,1842698524611235840
DivN/A,divN/A,divN/A,divN/A,divN/A,divN/A,False,1876220969049841920
DivN/A,divN/A,divN/A,divN/A,divN/A,divN/A,False,1799640275650007296
DivN/A,divN/A,divN/A,divN/A,divN/A,divN/A,False,1881475525010706432
DivN/A,divN/A,divN/A,divN/A,divN/A,divN/A,False,1787331667616829952
DivN/A,divN/A,divN/A,divN/A,divN/A,divN/A,False,1860303690608865536
DivN/A,divN/A,divN/A,divN/A,divN/A,divN/A,False,1799463904038277120
DivN/A,divN/A,divN/A,divN/A,divN/A,divN/A,False,1866157054148157440
DivN/A,divN/A,divN/A,divN/A,divN/A,divN/A,False,1857745875579109376
DivN/A,divN/A,divN/A,divN/A,divN/A,divN/A,False,1802273954524200960
DivN/A,divN/A,divN/A,divN/A,divN/A,divN/A,False,1832979484972302336
DivN/A,divN/A,divN/A,divN/A,divN/A,divN/A,False,1850505073769734144
DivN/A,divN/A,divN/A,divN/A,divN/A,divN/A,False,1881889268970451200
DivN/A,divN/A,divN/A,divN/A,divN/A,divN/A,False,1803087063660499456
DivN/A,divN/A,divN/A,divN/A,divN/A,divN/A,False,1876299617308172800
DivN/A,divN/A,divN/A,divN/A,divN/A,divN/A,False,1880285898946015232
DivN/A,divN/A,divN/A,divN/A,divN/A,divN/A,False,1779272635526115840
DivN/A,divN/A,divN/A,divN/A,divN/A,divN/A,False,1758903059881619968
DivN/A,divN/A,divN/A,divN/A,divN/A,divN/A,False,1861820583446716416
"Mark Zuckerberg just admitted three things:

1. Biden-Harris Admin ""pressured"" Facebook to censor Americans. 

2. Facebook censored Americans. 

3. Facebook throttled the Hunter Biden laptop story. 

Big win for free speech.",65.7M,11K,57K,150K,17K,False,1828201780544504064
DivN/A,divN/A,divN/A,divN/A,divN/A,divN/A,False,1805281040363053568
DivN/A,divN/A,divN/A,divN/A,divN/A,divN/A,False,1752970042243736064
DivN/A,divN/A,divN/A,divN/A,divN/A,divN/A,False,1680391106037534720
DivN/A,divN/A,divN/A,divN/A,divN/A,divN/A,False,1881592445994979328
DivN/A,divN/A,divN/A,divN/A,divN/A,divN/A,False,1805390138945528320
DivN/A,divN/A,divN/A,divN/A,divN/A,divN/A,False,1650136587521359872
DivN/A,divN/A,divN/A,divN/A,divN/A,divN/A,False,1767312395959980032
DivN/A,divN/A,divN/A,divN/A,divN/A,divN/A,False,1769772429239549952
DivN/A,divN/A,divN/A,divN/A,divN/A,divN/A,False,1771023714584272896
DivN/A,divN/A,divN/A,divN/A,divN/A,divN/A,False,1821923328510054400
DivN/A,divN/A,divN/A,divN/A,divN/A,divN/A,False,1874682820905541632
DivN/A,divN/A,divN/A,divN/A,divN/A,divN/A,False,1819159519379050496
DivN/A,divN/A,divN/A,divN/A,divN/A,divN/A,False,1855279790800183296
DivN/A,divN/A,divN/A,divN/A,divN/A,divN/A,False,1857425347937190144
DivN/A,divN/A,divN/A,divN/A,divN/A,divN/A,False,1784202277156221440
DivN/A,divN/A,divN/A,divN/A,divN/A,divN/A,False,1832507948376920320
DivN/A,divN/A,divN/A,divN/A,divN/A,divN/A,False,1876264091863650560
DivN/A,divN/A,divN/A,divN/A,divN/A,divN/A,False,1870179115917049856
DivN/A,divN/A,divN/A,divN/A,divN/A,divN/A,False,1838616888114360576
DivN/A,divN/A,divN/A,divN/A,divN/A,divN/A,False,1616809591928688640
DivN/A,divN/A,divN/A,divN/A,divN/A,divN/A,False,1737575686716465664
DivN/A,divN/A,divN/A,divN/A,divN/A,divN/A,False,1662103829343502336
DivN/A,divN/A,divN/A,divN/A,divN/A,divN/A,False,1720108596585713664
DivN/A,divN/A,divN/A,divN/A,divN/A,divN/A,False,1868678131806359552
DivN/A,divN/A,divN/A,divN/A,divN/A,divN/A,False,1875796827146211584
DivN/A,divN/A,divN/A,divN/A,divN/A,divN/A,False,1771359940222849280
DivN/A,divN/A,divN/A,divN/A,divN/A,divN/A,False,1766547230494748672
DivN/A,divN/A,divN/A,divN/A,divN/A,divN/A,False,1728866466965913856
DivN/A,divN/A,divN/A,divN/A,divN/A,divN/A,False,1823725522742034432
DivN/A,divN/A,divN/A,divN/A,divN/A,divN/A,False,1814341177660866560
DivN/A,divN/A,divN/A,divN/A,divN/A,divN/A,False,1760682910263419136
DivN/A,divN/A,divN/A,divN/A,divN/A,divN/A,False,1846627465214808320
DivN/A,divN/A,divN/A,divN/A,divN/A,divN/A,False,1836817519148969984
DivN/A,divN/A,divN/A,divN/A,divN/A,divN/A,False,1858549320896971264
DivN/A,divN/A,divN/A,divN/A,divN/A,divN/A,False,1654565227701125120
"Introducing Airbnb Rooms — an all-new take on the original Airbnb, now featuring the Host Passport.

Learn more: ",582.4M,1.3K,848,6.7K,690,False,1653830771809955840
DivN/A,divN/A,divN/A,divN/A,divN/A,divN/A,False,1752814944716734976
DivN/A,divN/A,divN/A,divN/A,divN/A,divN/A,False,1753860885515219200
DivN/A,divN/A,divN/A,divN/A,divN/A,divN/A,False,1754939039902241024
DivN/A,divN/A,divN/A,divN/A,divN/A,divN/A,False,1756104728721699328
DivN/A,divN/A,divN/A,divN/A,divN/A,divN/A,False,1757953249573786112
DivN/A,divN/A,divN/A,divN/A,divN/A,divN/A,False,1759381286529966080
DivN/A,divN/A,divN/A,divN/A,divN/A,divN/A,False,1796290824088568320
DivN/A,divN/A,divN/A,divN/A,divN/A,divN/A,False,1813447886383751424
DivN/A,divN/A,divN/A,divN/A,divN/A,divN/A,False,1849215598611325440
DivN/A,divN/A,divN/A,divN/A,divN/A,divN/A,False,1849834494469022208
DivN/A,divN/A,divN/A,divN/A,divN/A,divN/A,False,1850362453814551040
DivN/A,divN/A,divN/A,divN/A,divN/A,divN/A,False,1851427272626192640
DivN/A,divN/A,divN/A,divN/A,divN/A,divN/A,False,1852414109595427328
DivN/A,divN/A,divN/A,divN/A,divN/A,divN/A,False,1847783071728472320
DivN/A,divN/A,divN/A,divN/A,divN/A,divN/A,False,1881047338220974336
DivN/A,divN/A,divN/A,divN/A,divN/A,divN/A,False,1881045118485983744
DivN/A,divN/A,divN/A,divN/A,divN/A,divN/A,False,1859699334473973760
DivN/A,divN/A,divN/A,divN/A,divN/A,divN/A,False,1841589082436337664
DivN/A,divN/A,divN/A,divN/A,divN/A,divN/A,False,1766793005128683520
DivN/A,divN/A,divN/A,divN/A,divN/A,divN/A,False,1872183908273725696
DivN/A,divN/A,divN/A,divN/A,divN/A,divN/A,False,1873584674771206400
DivN/A,divN/A,divN/A,divN/A,divN/A,divN/A,False,1819035026530693376
DivN/A,divN/A,divN/A,divN/A,divN/A,divN/A,False,1842082923916169216
DivN/A,divN/A,divN/A,divN/A,divN/A,divN/A,False,1702433291633070080
DivN/A,divN/A,divN/A,divN/A,divN/A,divN/A,False,1742947750071705856
DivN/A,divN/A,divN/A,divN/A,divN/A,divN/A,False,1857954688479433216
DivN/A,divN/A,divN/A,divN/A,divN/A,divN/A,False,1869405849250370048
DivN/A,divN/A,divN/A,divN/A,divN/A,divN/A,False,1877747852551590144
DivN/A,divN/A,divN/A,divN/A,divN/A,divN/A,False,1835229532301017344
DivN/A,divN/A,divN/A,divN/A,divN/A,divN/A,False,1821592335026975232
DivN/A,divN/A,divN/A,divN/A,divN/A,divN/A,False,1870248157885424128
DivN/A,divN/A,divN/A,divN/A,divN/A,divN/A,False,1879626067755069952
DivN/A,divN/A,divN/A,divN/A,divN/A,divN/A,False,1881463530194403584
DivN/A,divN/A,divN/A,divN/A,divN/A,divN/A,False,1848136199963079168
DivN/A,divN/A,divN/A,divN/A,divN/A,divN/A,False,1874874025169895936
DivN/A,divN/A,divN/A,divN/A,divN/A,divN/A,False,1806466126903132416
DivN/A,divN/A,divN/A,divN/A,divN/A,divN/A,False,1801839083406430464
DivN/A,divN/A,divN/A,divN/A,divN/A,divN/A,False,1774376095363547648
DivN/A,divN/A,divN/A,divN/A,divN/A,divN/A,False,1832732763662717440
DivN/A,divN/A,divN/A,divN/A,divN/A,divN/A,False,1870191591278711040
DivN/A,divN/A,divN/A,divN/A,divN/A,divN/A,False,1756078645112644096
DivN/A,divN/A,divN/A,divN/A,divN/A,divN/A,False,1878257984167612416
DivN/A,divN/A,divN/A,divN/A,divN/A,divN/A,False,1717603445031477504
DivN/A,divN/A,divN/A,divN/A,divN/A,divN/A,False,1868708027681112064
DivN/A,divN/A,divN/A,divN/A,divN/A,divN/A,False,1839430608134771200
DivN/A,divN/A,divN/A,divN/A,divN/A,divN/A,False,1842327200814543104
DivN/A,divN/A,divN/A,divN/A,divN/A,divN/A,False,1793666093791543296
DivN/A,divN/A,divN/A,divN/A,divN/A,divN/A,False,1673964545226969088
DivN/A,divN/A,divN/A,divN/A,divN/A,divN/A,False,1722658529952039424
DivN/A,divN/A,divN/A,divN/A,divN/A,divN/A,False,1738624700375355904
DivN/A,divN/A,divN/A,divN/A,divN/A,divN/A,False,1747044525116108800
DivN/A,divN/A,divN/A,divN/A,divN/A,divN/A,False,1877728818560971264
DivN/A,divN/A,divN/A,divN/A,divN/A,divN/A,False,1843018956699062784
DivN/A,divN/A,divN/A,divN/A,divN/A,divN/A,False,1807189839319568640
DivN/A,divN/A,divN/A,divN/A,divN/A,divN/A,False,1827813577446597120
DivN/A,divN/A,divN/A,divN/A,divN/A,divN/A,False,1.862883821798e+18
DivN/A,divN/A,divN/A,divN/A,divN/A,divN/A,False,1668407942540820480
DivN/A,divN/A,divN/A,divN/A,divN/A,divN/A,False,1857780200903147776
DivN/A,divN/A,divN/A,divN/A,divN/A,divN/A,False,1865214682329493760
DivN/A,divN/A,divN/A,divN/A,divN/A,divN/A,False,1838273133872050688
DivN/A,divN/A,divN/A,divN/A,divN/A,divN/A,False,1846564870000459776
DivN/A,divN/A,divN/A,divN/A,divN/A,divN/A,False,1874109618911433216
DivN/A,divN/A,divN/A,divN/A,divN/A,divN/A,False,1783955057123447040
DivN/A,divN/A,divN/A,divN/A,divN/A,divN/A,False,1880609419047903232
DivN/A,divN/A,divN/A,divN/A,divN/A,divN/A,False,1858925295547412480
DivN/A,divN/A,divN/A,divN/A,divN/A,divN/A,False,1876836454275432448
DivN/A,divN/A,divN/A,divN/A,divN/A,divN/A,False,1874480499424719104
DivN/A,divN/A,divN/A,divN/A,divN/A,divN/A,False,1712228876158394880
DivN/A,divN/A,divN/A,divN/A,divN/A,divN/A,False,1856418544323571712
DivN/A,divN/A,divN/A,divN/A,divN/A,divN/A,False,1782404558217413120
DivN/A,divN/A,divN/A,divN/A,divN/A,divN/A,False,1864869269671915520
DivN/A,divN/A,divN/A,divN/A,divN/A,divN/A,False,1658162671630397440
DivN/A,divN/A,divN/A,divN/A,divN/A,divN/A,False,1761823350068850944
DivN/A,divN/A,divN/A,divN/A,divN/A,divN/A,False,1734574771424084480
DivN/A,divN/A,divN/A,divN/A,divN/A,divN/A,False,1817473087597846784
DivN/A,divN/A,divN/A,divN/A,divN/A,divN/A,False,1794019410069319936
DivN/A,divN/A,divN/A,divN/A,divN/A,divN/A,False,1741402701592981760
DivN/A,divN/A,divN/A,divN/A,divN/A,divN/A,False,1812960285373652992
DivN/A,divN/A,divN/A,divN/A,divN/A,divN/A,False,1856320565512155648
DivN/A,divN/A,divN/A,divN/A,divN/A,divN/A,False,1862222061734609408
DivN/A,divN/A,divN/A,divN/A,divN/A,divN/A,False,1819436801280389376
DivN/A,divN/A,divN/A,divN/A,divN/A,divN/A,False,1812268073128222976
DivN/A,divN/A,divN/A,divN/A,divN/A,divN/A,False,1734011134414615040
DivN/A,divN/A,divN/A,divN/A,divN/A,divN/A,False,1782403571520012800
DivN/A,divN/A,divN/A,divN/A,divN/A,divN/A,False,1768652394404192768
DivN/A,divN/A,divN/A,divN/A,divN/A,divN/A,False,1740940522145886720
DivN/A,divN/A,divN/A,divN/A,divN/A,divN/A,False,1748845052988662016
DivN/A,divN/A,divN/A,divN/A,divN/A,divN/A,False,1783979370811724288
DivN/A,divN/A,divN/A,divN/A,divN/A,divN/A,False,1810529276036616192
DivN/A,divN/A,divN/A,divN/A,divN/A,divN/A,False,1839923962005889280
DivN/A,divN/A,divN/A,divN/A,divN/A,divN/A,False,1856286115851907584
DivN/A,divN/A,divN/A,divN/A,divN/A,divN/A,False,1859596285549920768
DivN/A,divN/A,divN/A,divN/A,divN/A,divN/A,False,1807843959127134464
DivN/A,divN/A,divN/A,divN/A,divN/A,divN/A,False,1865546142655647744
DivN/A,divN/A,divN/A,divN/A,divN/A,divN/A,False,1736986730799194112
DivN/A,divN/A,divN/A,divN/A,divN/A,divN/A,False,1778153744896811264
DivN/A,divN/A,divN/A,divN/A,divN/A,divN/A,False,1780732094819287296
DivN/A,divN/A,divN/A,divN/A,divN/A,divN/A,False,1843116623206707456
DivN/A,divN/A,divN/A,divN/A,divN/A,divN/A,False,1.845862212038e+18
DivN/A,divN/A,divN/A,divN/A,divN/A,divN/A,False,1744030005007458560
DivN/A,divN/A,divN/A,divN/A,divN/A,divN/A,False,1818667119724449792
DivN/A,divN/A,divN/A,divN/A,divN/A,divN/A,False,1672410287251529728
DivN/A,divN/A,divN/A,divN/A,divN/A,divN/A,False,1801298970641142016
DivN/A,divN/A,divN/A,divN/A,divN/A,divN/A,False,1847198234781127168
DivN/A,divN/A,divN/A,divN/A,divN/A,divN/A,False,1821959476435370240
DivN/A,divN/A,divN/A,divN/A,divN/A,divN/A,False,1802890532911235584
DivN/A,divN/A,divN/A,divN/A,divN/A,divN/A,False,1823209912098287616
DivN/A,divN/A,divN/A,divN/A,divN/A,divN/A,False,1861055157506630144
DivN/A,divN/A,divN/A,divN/A,divN/A,divN/A,False,1814340161163182336
DivN/A,divN/A,divN/A,divN/A,divN/A,divN/A,False,1796290417970790656
DivN/A,divN/A,divN/A,divN/A,divN/A,divN/A,False,1870542056592199680
DivN/A,divN/A,divN/A,divN/A,divN/A,divN/A,False,1807122050982568448
DivN/A,divN/A,divN/A,divN/A,divN/A,divN/A,False,1815196923835408640
DivN/A,divN/A,divN/A,divN/A,divN/A,divN/A,False,1809315343212638464
DivN/A,divN/A,divN/A,divN/A,divN/A,divN/A,False,1811517532194435072
DivN/A,divN/A,divN/A,divN/A,divN/A,divN/A,False,1823444861598486784
DivN/A,divN/A,divN/A,divN/A,divN/A,divN/A,False,1852320331542691840
DivN/A,divN/A,divN/A,divN/A,divN/A,divN/A,False,1856751082317160704
DivN/A,divN/A,divN/A,divN/A,divN/A,divN/A,False,1717958480311517696
DivN/A,divN/A,divN/A,divN/A,divN/A,divN/A,False,1760181472869351680
DivN/A,divN/A,divN/A,divN/A,divN/A,divN/A,False,1764533094995141120
DivN/A,divN/A,divN/A,divN/A,divN/A,divN/A,False,1872332857382990080
DivN/A,divN/A,divN/A,divN/A,divN/A,divN/A,False,1806524898346414080
DivN/A,divN/A,divN/A,divN/A,divN/A,divN/A,False,1823475104036348160
DivN/A,divN/A,divN/A,divN/A,divN/A,divN/A,False,1824974758573977856
DivN/A,divN/A,divN/A,divN/A,divN/A,divN/A,False,1752689841622622464
DivN/A,divN/A,divN/A,divN/A,divN/A,divN/A,False,1715489066269958144
DivN/A,divN/A,divN/A,divN/A,divN/A,divN/A,False,1741475162506297600
DivN/A,divN/A,divN/A,divN/A,divN/A,divN/A,False,1852175103833808896
DivN/A,divN/A,divN/A,divN/A,divN/A,divN/A,False,1853588661700301056
DivN/A,divN/A,divN/A,divN/A,divN/A,divN/A,False,1857051470736044544
DivN/A,divN/A,divN/A,divN/A,divN/A,divN/A,False,1872421915975168256
DivN/A,divN/A,divN/A,divN/A,divN/A,divN/A,False,1820511456565010432
DivN/A,divN/A,divN/A,divN/A,divN/A,divN/A,False,1856733455939510784
DivN/A,divN/A,divN/A,divN/A,divN/A,divN/A,False,1790855326801039360
DivN/A,divN/A,divN/A,divN/A,divN/A,divN/A,False,1810668113937256704
DivN/A,divN/A,divN/A,divN/A,divN/A,divN/A,False,1805433984098193664
DivN/A,divN/A,divN/A,divN/A,divN/A,divN/A,False,1805016229494796544
DivN/A,divN/A,divN/A,divN/A,divN/A,divN/A,False,1805005395611488768
DivN/A,divN/A,divN/A,divN/A,divN/A,divN/A,False,1811849042001035264
DivN/A,divN/A,divN/A,divN/A,divN/A,divN/A,False,1714731258247606784
DivN/A,divN/A,divN/A,divN/A,divN/A,divN/A,False,1845669329859473664
DivN/A,divN/A,divN/A,divN/A,divN/A,divN/A,False,1853661455213834496
DivN/A,divN/A,divN/A,divN/A,divN/A,divN/A,False,1853993263423700992
DivN/A,divN/A,divN/A,divN/A,divN/A,divN/A,False,1818368717123924224
DivN/A,divN/A,divN/A,divN/A,divN/A,divN/A,False,1724677012357288448
DivN/A,divN/A,divN/A,divN/A,divN/A,divN/A,False,1875015511584694272
DivN/A,divN/A,divN/A,divN/A,divN/A,divN/A,False,1870407802511843840
DivN/A,divN/A,divN/A,divN/A,divN/A,divN/A,False,1744906283264712704
DivN/A,divN/A,divN/A,divN/A,divN/A,divN/A,False,1752425853210759680
DivN/A,divN/A,divN/A,divN/A,divN/A,divN/A,False,1842730593643057152
DivN/A,divN/A,divN/A,divN/A,divN/A,divN/A,False,1876602748688576512
DivN/A,divN/A,divN/A,divN/A,divN/A,divN/A,False,1818369417606316544
DivN/A,divN/A,divN/A,divN/A,divN/A,divN/A,False,1838825374521921536
DivN/A,divN/A,divN/A,divN/A,divN/A,divN/A,False,1769026209730408704
DivN/A,divN/A,divN/A,divN/A,divN/A,divN/A,False,1811518638693790208
DivN/A,divN/A,divN/A,divN/A,divN/A,divN/A,False,1799466951611449600
DivN/A,divN/A,divN/A,divN/A,divN/A,divN/A,False,1674787564010754048
DivN/A,divN/A,divN/A,divN/A,divN/A,divN/A,False,1808863940878696704
DivN/A,divN/A,divN/A,divN/A,divN/A,divN/A,False,1841709996318589184
DivN/A,divN/A,divN/A,divN/A,divN/A,divN/A,False,1820500034837991680
DivN/A,divN/A,divN/A,divN/A,divN/A,divN/A,False,1721149269460074496
DivN/A,divN/A,divN/A,divN/A,divN/A,divN/A,False,1846675214370836736
DivN/A,divN/A,divN/A,divN/A,divN/A,divN/A,False,1767596661025477120
DivN/A,divN/A,divN/A,divN/A,divN/A,divN/A,False,1863074026773471232
DivN/A,divN/A,divN/A,divN/A,divN/A,divN/A,False,1849097683371237888
DivN/A,divN/A,divN/A,divN/A,divN/A,divN/A,False,1778899351747576064
DivN/A,divN/A,divN/A,divN/A,divN/A,divN/A,False,1870820346846437888
DivN/A,divN/A,divN/A,divN/A,divN/A,divN/A,False,1814417236402069504
DivN/A,divN/A,divN/A,divN/A,divN/A,divN/A,False,1829950433579974656
DivN/A,divN/A,divN/A,divN/A,divN/A,divN/A,False,1730776327501094912
DivN/A,divN/A,divN/A,divN/A,divN/A,divN/A,False,1836049603675791360
DivN/A,divN/A,divN/A,divN/A,divN/A,divN/A,False,1849939539814469632
DivN/A,divN/A,divN/A,divN/A,divN/A,divN/A,False,1845239141153346048
DivN/A,divN/A,divN/A,divN/A,divN/A,divN/A,False,1818996969152315392
DivN/A,divN/A,divN/A,divN/A,divN/A,divN/A,False,1816341662127608064
DivN/A,divN/A,divN/A,divN/A,divN/A,divN/A,False,1856440158788239360
DivN/A,divN/A,divN/A,divN/A,divN/A,divN/A,False,1743054031558255104
DivN/A,divN/A,divN/A,divN/A,divN/A,divN/A,False,1861994065438327296
DivN/A,divN/A,divN/A,divN/A,divN/A,divN/A,False,1748056474725843200
DivN/A,divN/A,divN/A,divN/A,divN/A,divN/A,False,1750903471270740224
The GTA 6 map is rumoured to be TWICE as big as GTA 5 ,15.1M,1.6K,5.9K,130K,1.3K,False,1660005051144740864
DivN/A,divN/A,divN/A,divN/A,divN/A,divN/A,False,1814453708262125824
DivN/A,divN/A,divN/A,divN/A,divN/A,divN/A,False,1816609768972386560
DivN/A,divN/A,divN/A,divN/A,divN/A,divN/A,False,1775417956794765312
DivN/A,divN/A,divN/A,divN/A,divN/A,divN/A,False,1836202701606260736
DivN/A,divN/A,divN/A,divN/A,divN/A,divN/A,False,1852464843233600000
DivN/A,divN/A,divN/A,divN/A,divN/A,divN/A,False,1737259114307412480
DivN/A,divN/A,divN/A,divN/A,divN/A,divN/A,False,1759794438778368000
DivN/A,divN/A,divN/A,divN/A,divN/A,divN/A,False,1820849880283107840
DivN/A,divN/A,divN/A,divN/A,divN/A,divN/A,False,1881352213907513600
DivN/A,divN/A,divN/A,divN/A,divN/A,divN/A,False,1779965193692344320
DivN/A,divN/A,divN/A,divN/A,divN/A,divN/A,False,1786116339439972864
DivN/A,divN/A,divN/A,divN/A,divN/A,divN/A,False,1851375309297520896
DivN/A,divN/A,divN/A,divN/A,divN/A,divN/A,False,1813295489032622592
DivN/A,divN/A,divN/A,divN/A,divN/A,divN/A,False,1813570766807646720
DivN/A,divN/A,divN/A,divN/A,divN/A,divN/A,False,1869902647060209920
DivN/A,divN/A,divN/A,divN/A,divN/A,divN/A,False,1873466668820943104
DivN/A,divN/A,divN/A,divN/A,divN/A,divN/A,False,1826865528142488064
DivN/A,divN/A,divN/A,divN/A,divN/A,divN/A,False,1852230447561895936
DivN/A,divN/A,divN/A,divN/A,divN/A,divN/A,False,1870258448606372096
DivN/A,divN/A,divN/A,divN/A,divN/A,divN/A,False,1832449422724308992
DivN/A,divN/A,divN/A,divN/A,divN/A,divN/A,False,1849283902315094528
DivN/A,divN/A,divN/A,divN/A,divN/A,divN/A,False,1754968330916528384
DivN/A,divN/A,divN/A,divN/A,divN/A,divN/A,False,1839640539907465216
DivN/A,divN/A,divN/A,divN/A,divN/A,divN/A,False,1717234166071463936
DivN/A,divN/A,divN/A,divN/A,divN/A,divN/A,False,1762895875968246016
DivN/A,divN/A,divN/A,divN/A,divN/A,divN/A,False,1800084472454586624
DivN/A,divN/A,divN/A,divN/A,divN/A,divN/A,False,1815389468410466304
DivN/A,divN/A,divN/A,divN/A,divN/A,divN/A,False,1722349593537474560
DivN/A,divN/A,divN/A,divN/A,divN/A,divN/A,False,1856940212561318400
DivN/A,divN/A,divN/A,divN/A,divN/A,divN/A,False,1808317053218218240
DivN/A,divN/A,divN/A,divN/A,divN/A,divN/A,False,1798760184535458304
DivN/A,divN/A,divN/A,divN/A,divN/A,divN/A,False,1877469296038679040
DivN/A,divN/A,divN/A,divN/A,divN/A,divN/A,False,1870574351935795200
DivN/A,divN/A,divN/A,divN/A,divN/A,divN/A,False,1871343277015760896
DivN/A,divN/A,divN/A,divN/A,divN/A,divN/A,False,1874669301913067776
DivN/A,divN/A,divN/A,divN/A,divN/A,divN/A,False,1874795928407929344
DivN/A,divN/A,divN/A,divN/A,divN/A,divN/A,False,1875029339122672128
DivN/A,divN/A,divN/A,divN/A,divN/A,divN/A,False,1876449105658196480
DivN/A,divN/A,divN/A,divN/A,divN/A,divN/A,False,1878980822138806272
DivN/A,divN/A,divN/A,divN/A,divN/A,divN/A,False,1841173598905778688
DivN/A,divN/A,divN/A,divN/A,divN/A,divN/A,False,1662994749794529280
DivN/A,divN/A,divN/A,divN/A,divN/A,divN/A,False,1786650791110935040
DivN/A,divN/A,divN/A,divN/A,divN/A,divN/A,False,1722252325224624384
DivN/A,divN/A,divN/A,divN/A,divN/A,divN/A,False,1718357352515023104
DivN/A,divN/A,divN/A,divN/A,divN/A,divN/A,False,1843354357028532480
DivN/A,divN/A,divN/A,divN/A,divN/A,divN/A,False,1.80128833207e+18
DivN/A,divN/A,divN/A,divN/A,divN/A,divN/A,False,1825211759906693376
DivN/A,divN/A,divN/A,divN/A,divN/A,divN/A,False,1832546544072933888
DivN/A,divN/A,divN/A,divN/A,divN/A,divN/A,False,1868036820333703680
DivN/A,divN/A,divN/A,divN/A,divN/A,divN/A,False,1766652909209505792
DivN/A,divN/A,divN/A,divN/A,divN/A,divN/A,False,1781756256132485376
DivN/A,divN/A,divN/A,divN/A,divN/A,divN/A,False,1818847670049321472
DivN/A,divN/A,divN/A,divN/A,divN/A,divN/A,False,1728122445440176384
DivN/A,divN/A,divN/A,divN/A,divN/A,divN/A,False,1729175313916330240
DivN/A,divN/A,divN/A,divN/A,divN/A,divN/A,False,1788375084886892800
DivN/A,divN/A,divN/A,divN/A,divN/A,divN/A,False,1774494057915376128
DivN/A,divN/A,divN/A,divN/A,divN/A,divN/A,False,1776229258358096384
DivN/A,divN/A,divN/A,divN/A,divN/A,divN/A,False,1877045787974316032
DivN/A,divN/A,divN/A,divN/A,divN/A,divN/A,False,1856275529038737664
DivN/A,divN/A,divN/A,divN/A,divN/A,divN/A,False,1870131709707960576
DivN/A,divN/A,divN/A,divN/A,divN/A,divN/A,False,1772073316313940224
DivN/A,divN/A,divN/A,divN/A,divN/A,divN/A,False,1795585619223081216
DivN/A,divN/A,divN/A,divN/A,divN/A,divN/A,False,1853217640032223744
DivN/A,divN/A,divN/A,divN/A,divN/A,divN/A,False,1782486128915857664
DivN/A,divN/A,divN/A,divN/A,divN/A,divN/A,False,1815430706597629952
DivN/A,divN/A,divN/A,divN/A,divN/A,divN/A,False,1813626665156702464
DivN/A,divN/A,divN/A,divN/A,divN/A,divN/A,False,1798700912623669760
DivN/A,divN/A,divN/A,divN/A,divN/A,divN/A,False,1816572865170612224
DivN/A,divN/A,divN/A,divN/A,divN/A,divN/A,False,1832124260313104896
DivN/A,divN/A,divN/A,divN/A,divN/A,divN/A,False,1837549569481285632
DivN/A,divN/A,divN/A,divN/A,divN/A,divN/A,False,1868549786779177216
DivN/A,divN/A,divN/A,divN/A,divN/A,divN/A,False,1833229185743262208
DivN/A,divN/A,divN/A,divN/A,divN/A,divN/A,False,1831307379519938816
DivN/A,divN/A,divN/A,divN/A,divN/A,divN/A,False,1739377117987569920
DivN/A,divN/A,divN/A,divN/A,divN/A,divN/A,False,1778029055268307200
DivN/A,divN/A,divN/A,divN/A,divN/A,divN/A,False,1851062248858665216
DivN/A,divN/A,divN/A,divN/A,divN/A,divN/A,False,1832333708096868352
DivN/A,divN/A,divN/A,divN/A,divN/A,divN/A,False,1757140832795128320
DivN/A,divN/A,divN/A,divN/A,divN/A,divN/A,False,1711821344533278720
DivN/A,divN/A,divN/A,divN/A,divN/A,divN/A,False,1870145456329658624
DivN/A,divN/A,divN/A,divN/A,divN/A,divN/A,False,1858281946645770496
DivN/A,divN/A,divN/A,divN/A,divN/A,divN/A,False,1830317432440869376
DivN/A,divN/A,divN/A,divN/A,divN/A,divN/A,False,1852359369339314176
DivN/A,divN/A,divN/A,divN/A,divN/A,divN/A,False,1843733664498364416
DivN/A,divN/A,divN/A,divN/A,divN/A,divN/A,False,1694980889690697984
DivN/A,divN/A,divN/A,divN/A,divN/A,divN/A,False,1836070126455763456
DivN/A,divN/A,divN/A,divN/A,divN/A,divN/A,False,1843054051325518336
DivN/A,divN/A,divN/A,divN/A,divN/A,divN/A,False,1872501328267919616
DivN/A,divN/A,divN/A,divN/A,divN/A,divN/A,False,1781824232936144896
DivN/A,divN/A,divN/A,divN/A,divN/A,divN/A,False,1863295032767246848
DivN/A,divN/A,divN/A,divN/A,divN/A,divN/A,False,1845465198309552384
DivN/A,divN/A,divN/A,divN/A,divN/A,divN/A,False,1862891285960404992
DivN/A,divN/A,divN/A,divN/A,divN/A,divN/A,False,1853316280750612992
DivN/A,divN/A,divN/A,divN/A,divN/A,divN/A,False,1809353520652374016
DivN/A,divN/A,divN/A,divN/A,divN/A,divN/A,False,1839538388895965440
DivN/A,divN/A,divN/A,divN/A,divN/A,divN/A,False,1867287463187595776
DivN/A,divN/A,divN/A,divN/A,divN/A,divN/A,False,1842333068188590336
DivN/A,divN/A,divN/A,divN/A,divN/A,divN/A,False,1758879492452286464
DivN/A,divN/A,divN/A,divN/A,divN/A,divN/A,False,1862881989323571456
DivN/A,divN/A,divN/A,divN/A,divN/A,divN/A,False,1833495327040803328
DivN/A,divN/A,divN/A,divN/A,divN/A,divN/A,False,1810064043194920960
DivN/A,divN/A,divN/A,divN/A,divN/A,divN/A,False,1797277139214970880
DivN/A,divN/A,divN/A,divN/A,divN/A,divN/A,False,1862372709038006784
DivN/A,divN/A,divN/A,divN/A,divN/A,divN/A,False,1868340522894446592
DivN/A,divN/A,divN/A,divN/A,divN/A,divN/A,False,1821424263066234880
DivN/A,divN/A,divN/A,divN/A,divN/A,divN/A,False,1852494832402329600
DivN/A,divN/A,divN/A,divN/A,divN/A,divN/A,False,1852797031137579264
DivN/A,divN/A,divN/A,divN/A,divN/A,divN/A,False,1853627454272774144
DivN/A,divN/A,divN/A,divN/A,divN/A,divN/A,False,1853768460175544320
DivN/A,divN/A,divN/A,divN/A,divN/A,divN/A,False,1841612083995054080
DivN/A,divN/A,divN/A,divN/A,divN/A,divN/A,False,1795001097922486784
DivN/A,divN/A,divN/A,divN/A,divN/A,divN/A,False,1881481238143517184
DivN/A,divN/A,divN/A,divN/A,divN/A,divN/A,False,1846546164717367808
DivN/A,divN/A,divN/A,divN/A,divN/A,divN/A,False,1854945037236240640
DivN/A,divN/A,divN/A,divN/A,divN/A,divN/A,False,1861822597576438016
DivN/A,divN/A,divN/A,divN/A,divN/A,divN/A,False,1764481648304025856
DivN/A,divN/A,divN/A,divN/A,divN/A,divN/A,False,1866186562230186240
DivN/A,divN/A,divN/A,divN/A,divN/A,divN/A,False,1829202726221234688
DivN/A,divN/A,divN/A,divN/A,divN/A,divN/A,False,1670196590928068608
DivN/A,divN/A,divN/A,divN/A,divN/A,divN/A,False,1675539077607596032
DivN/A,divN/A,divN/A,divN/A,divN/A,divN/A,False,1857803152394748160
DivN/A,divN/A,divN/A,divN/A,divN/A,divN/A,False,1814796474963927296
DivN/A,divN/A,divN/A,divN/A,divN/A,divN/A,False,1872036233410641920
DivN/A,divN/A,divN/A,divN/A,divN/A,divN/A,False,1865515401313968640
DivN/A,divN/A,divN/A,divN/A,divN/A,divN/A,False,1858562877373682176
DivN/A,divN/A,divN/A,divN/A,divN/A,divN/A,False,1824839155467145216
DivN/A,divN/A,divN/A,divN/A,divN/A,divN/A,False,1841155924133617920
DivN/A,divN/A,divN/A,divN/A,divN/A,divN/A,False,1844610918552121600
DivN/A,divN/A,divN/A,divN/A,divN/A,divN/A,False,1861058135613460480
"Important to note that what happens on Earth’s surface (eg farming) has no meaningful impact on climate change. 

Overwhelmingly, the risk of climate change is due to moving billions of tons of carbon from deep underground into the atmosphere.

Over time, if we keep doing this, the chemical makeup of our atmosphere will change enough to induce meaningful climate change.",10.5M,5.2K,6.2K,42K,1.4K,False,1672793968587702272
DivN/A,divN/A,divN/A,divN/A,divN/A,divN/A,False,1809287379192066304
DivN/A,divN/A,divN/A,divN/A,divN/A,divN/A,False,1873207157430338048
DivN/A,divN/A,divN/A,divN/A,divN/A,divN/A,False,1880073480881991936
DivN/A,divN/A,divN/A,divN/A,divN/A,divN/A,False,1839024284666310656
DivN/A,divN/A,divN/A,divN/A,divN/A,divN/A,False,1822789010080624896
DivN/A,divN/A,divN/A,divN/A,divN/A,divN/A,False,1875689175040794880
DivN/A,divN/A,divN/A,divN/A,divN/A,divN/A,False,1859825636740591616
DivN/A,divN/A,divN/A,divN/A,divN/A,divN/A,False,1861804847399584000
DivN/A,divN/A,divN/A,divN/A,divN/A,divN/A,False,1749599991302177280
DivN/A,divN/A,divN/A,divN/A,divN/A,divN/A,False,1800533108501926144
DivN/A,divN/A,divN/A,divN/A,divN/A,divN/A,False,1877819687821594624
DivN/A,divN/A,divN/A,divN/A,divN/A,divN/A,False,1873743428473012224
DivN/A,divN/A,divN/A,divN/A,divN/A,divN/A,False,1846312516374483456
DivN/A,divN/A,divN/A,divN/A,divN/A,divN/A,False,1846469290637049856
DivN/A,divN/A,divN/A,divN/A,divN/A,divN/A,False,1822482473722290688
DivN/A,divN/A,divN/A,divN/A,divN/A,divN/A,False,1758878976062140416
DivN/A,divN/A,divN/A,divN/A,divN/A,divN/A,False,1861271775763398656
DivN/A,divN/A,divN/A,divN/A,divN/A,divN/A,False,1843271718602752000
DivN/A,divN/A,divN/A,divN/A,divN/A,divN/A,False,1847729374386122752
DivN/A,divN/A,divN/A,divN/A,divN/A,divN/A,False,1805670228547739904
DivN/A,divN/A,divN/A,divN/A,divN/A,divN/A,False,1778722637692170240
DivN/A,divN/A,divN/A,divN/A,divN/A,divN/A,False,1831930908506763264
DivN/A,divN/A,divN/A,divN/A,divN/A,divN/A,False,1793060614048514304
DivN/A,divN/A,divN/A,divN/A,divN/A,divN/A,False,1849505663568744448
DivN/A,divN/A,divN/A,divN/A,divN/A,divN/A,False,1816813562771255808
DivN/A,divN/A,divN/A,divN/A,divN/A,divN/A,False,1.739846639811e+18
DivN/A,divN/A,divN/A,divN/A,divN/A,divN/A,False,1793228718195839488
DivN/A,divN/A,divN/A,divN/A,divN/A,divN/A,False,1876187002904687104
DivN/A,divN/A,divN/A,divN/A,divN/A,divN/A,False,1710889174851854336
DivN/A,divN/A,divN/A,divN/A,divN/A,divN/A,False,1819041439658975232
DivN/A,divN/A,divN/A,divN/A,divN/A,divN/A,False,1863624648925294592
DivN/A,divN/A,divN/A,divN/A,divN/A,divN/A,False,1701197875823182080
DivN/A,divN/A,divN/A,divN/A,divN/A,divN/A,False,1761126281893052416
DivN/A,divN/A,divN/A,divN/A,divN/A,divN/A,False,1860747226504433920
DivN/A,divN/A,divN/A,divN/A,divN/A,divN/A,False,1850649707590344960
DivN/A,divN/A,divN/A,divN/A,divN/A,divN/A,False,1819460622368887040
DivN/A,divN/A,divN/A,divN/A,divN/A,divN/A,False,1852035731587203584
DivN/A,divN/A,divN/A,divN/A,divN/A,divN/A,False,1781382612046463488
DivN/A,divN/A,divN/A,divN/A,divN/A,divN/A,False,1860117619883540736
DivN/A,divN/A,divN/A,divN/A,divN/A,divN/A,False,1873282982150324480
DivN/A,divN/A,divN/A,divN/A,divN/A,divN/A,False,1853873298402054144
DivN/A,divN/A,divN/A,divN/A,divN/A,divN/A,False,1748099939337428992
DivN/A,divN/A,divN/A,divN/A,divN/A,divN/A,False,1834630928540246016
DivN/A,divN/A,divN/A,divN/A,divN/A,divN/A,False,1780381433275847168
DivN/A,divN/A,divN/A,divN/A,divN/A,divN/A,False,1848392261567946752
DivN/A,divN/A,divN/A,divN/A,divN/A,divN/A,False,1848055334629171200
DivN/A,divN/A,divN/A,divN/A,divN/A,divN/A,False,1806603019489882112
DivN/A,divN/A,divN/A,divN/A,divN/A,divN/A,False,1752278919040979456
DivN/A,divN/A,divN/A,divN/A,divN/A,divN/A,False,1870110504821145600
DivN/A,divN/A,divN/A,divN/A,divN/A,divN/A,False,1843370720770056192
DivN/A,divN/A,divN/A,divN/A,divN/A,divN/A,False,1832649901832073728
DivN/A,divN/A,divN/A,divN/A,divN/A,divN/A,False,1831718213140279808
DivN/A,divN/A,divN/A,divN/A,divN/A,divN/A,False,1772644255430762496
DivN/A,divN/A,divN/A,divN/A,divN/A,divN/A,False,1838533392775942400
DivN/A,divN/A,divN/A,divN/A,divN/A,divN/A,False,1821932487423017216
DivN/A,divN/A,divN/A,divN/A,divN/A,divN/A,False,1780970083566674176
DivN/A,divN/A,divN/A,divN/A,divN/A,divN/A,False,1877435764520239360
DivN/A,divN/A,divN/A,divN/A,divN/A,divN/A,False,1719457245228925440
DivN/A,divN/A,divN/A,divN/A,divN/A,divN/A,False,1814252432710373376
DivN/A,divN/A,divN/A,divN/A,divN/A,divN/A,False,1866251502517669888
DivN/A,divN/A,divN/A,divN/A,divN/A,divN/A,False,1881479191042183680
DivN/A,divN/A,divN/A,divN/A,divN/A,divN/A,False,1880276923462664192
DivN/A,divN/A,divN/A,divN/A,divN/A,divN/A,False,1831450108527095808
DivN/A,divN/A,divN/A,divN/A,divN/A,divN/A,False,1821012265472008192
DivN/A,divN/A,divN/A,divN/A,divN/A,divN/A,False,1854547483680030976
DivN/A,divN/A,divN/A,divN/A,divN/A,divN/A,False,1854198526126805504
DivN/A,divN/A,divN/A,divN/A,divN/A,divN/A,False,1789387626749034496
DivN/A,divN/A,divN/A,divN/A,divN/A,divN/A,False,1726937954080170240
DivN/A,divN/A,divN/A,divN/A,divN/A,divN/A,False,1851771710795645184
DivN/A,divN/A,divN/A,divN/A,divN/A,divN/A,False,1863800188466528768
DivN/A,divN/A,divN/A,divN/A,divN/A,divN/A,False,1797658037559427584
DivN/A,divN/A,divN/A,divN/A,divN/A,divN/A,False,1718308008713650688
DivN/A,divN/A,divN/A,divN/A,divN/A,divN/A,False,1730636980340281856
DivN/A,divN/A,divN/A,divN/A,divN/A,divN/A,False,1733553534841368576
DivN/A,divN/A,divN/A,divN/A,divN/A,divN/A,False,1734494313084596480
DivN/A,divN/A,divN/A,divN/A,divN/A,divN/A,False,1738680582974898688
DivN/A,divN/A,divN/A,divN/A,divN/A,divN/A,False,1744570386451202560
DivN/A,divN/A,divN/A,divN/A,divN/A,divN/A,False,1752337815914848768
DivN/A,divN/A,divN/A,divN/A,divN/A,divN/A,False,1750149308463091712
DivN/A,divN/A,divN/A,divN/A,divN/A,divN/A,False,1754199840156987904
DivN/A,divN/A,divN/A,divN/A,divN/A,divN/A,False,1765153360666075136
DivN/A,divN/A,divN/A,divN/A,divN/A,divN/A,False,1688378784574328832
DivN/A,divN/A,divN/A,divN/A,divN/A,divN/A,False,1834617521980236288
DivN/A,divN/A,divN/A,divN/A,divN/A,divN/A,False,1749735189964620288
DivN/A,divN/A,divN/A,divN/A,divN/A,divN/A,False,1816094568200491264
DivN/A,divN/A,divN/A,divN/A,divN/A,divN/A,False,1804961522432532736
Hungry children are waiting.,20.4M,1.4K,2.4K,83K,230,False,1686306944028487680
DivN/A,divN/A,divN/A,divN/A,divN/A,divN/A,False,1826248951449981184
DivN/A,divN/A,divN/A,divN/A,divN/A,divN/A,False,1703089400270500096
DivN/A,divN/A,divN/A,divN/A,divN/A,divN/A,False,1706084359416258816
DivN/A,divN/A,divN/A,divN/A,divN/A,divN/A,False,1717662135172595712
DivN/A,divN/A,divN/A,divN/A,divN/A,divN/A,False,1776517974871925248
DivN/A,divN/A,divN/A,divN/A,divN/A,divN/A,False,1781532285160058880
DivN/A,divN/A,divN/A,divN/A,divN/A,divN/A,False,1789419822914191360
DivN/A,divN/A,divN/A,divN/A,divN/A,divN/A,False,1792769650348146688
DivN/A,divN/A,divN/A,divN/A,divN/A,divN/A,False,1878146817201786880
DivN/A,divN/A,divN/A,divN/A,divN/A,divN/A,False,1820828881412059136
DivN/A,divN/A,divN/A,divN/A,divN/A,divN/A,False,1876613119319195904
DivN/A,divN/A,divN/A,divN/A,divN/A,divN/A,False,1848028496548802816
DivN/A,divN/A,divN/A,divN/A,divN/A,divN/A,False,1621544497388875776
DivN/A,8.3M,7.2K,6.1K,56K,318,False,1621622465096028160
DivN/A,divN/A,divN/A,divN/A,divN/A,divN/A,False,1832850047790362880
DivN/A,divN/A,divN/A,divN/A,divN/A,divN/A,False,1836855280254210304
DivN/A,divN/A,divN/A,divN/A,divN/A,divN/A,False,1827743994169942528
DivN/A,divN/A,divN/A,divN/A,divN/A,divN/A,False,1842880502665028096
DivN/A,divN/A,divN/A,divN/A,divN/A,divN/A,False,1813395697062068224
DivN/A,divN/A,divN/A,divN/A,divN/A,divN/A,False,1873720268478386176
DivN/A,divN/A,divN/A,divN/A,divN/A,divN/A,False,1847039262686171648
DivN/A,divN/A,divN/A,divN/A,divN/A,divN/A,False,1863067923205825024
DivN/A,divN/A,divN/A,divN/A,divN/A,divN/A,False,1863586924151418880
DivN/A,divN/A,divN/A,divN/A,divN/A,divN/A,False,1755832857514147840
DivN/A,divN/A,divN/A,divN/A,divN/A,divN/A,False,1732696310157852672
DivN/A,divN/A,divN/A,divN/A,divN/A,divN/A,False,1816573588109164800
DivN/A,divN/A,divN/A,divN/A,divN/A,divN/A,False,1783251557988856064
DivN/A,divN/A,divN/A,divN/A,divN/A,divN/A,False,1854532244922044416
DivN/A,divN/A,divN/A,divN/A,divN/A,divN/A,False,1854184421731270656
DivN/A,divN/A,divN/A,divN/A,divN/A,divN/A,False,1850052089440838144
DivN/A,divN/A,divN/A,divN/A,divN/A,divN/A,False,1794543007129387264
DivN/A,divN/A,divN/A,divN/A,divN/A,divN/A,False,1736763033035112704
DivN/A,divN/A,divN/A,divN/A,divN/A,divN/A,False,1700297475628871680
DivN/A,divN/A,divN/A,divN/A,divN/A,divN/A,False,1854879419640283136
DivN/A,divN/A,divN/A,divN/A,divN/A,divN/A,False,1759343670665285632
DivN/A,divN/A,divN/A,divN/A,divN/A,divN/A,False,1871614228366610432
DivN/A,divN/A,divN/A,divN/A,divN/A,divN/A,False,1689703457169543168
DivN/A,divN/A,divN/A,divN/A,divN/A,divN/A,False,1743359132143362048
DivN/A,divN/A,divN/A,divN/A,divN/A,divN/A,False,1825187568834753024
DivN/A,divN/A,divN/A,divN/A,divN/A,divN/A,False,1803910152485245184
DivN/A,divN/A,divN/A,divN/A,divN/A,divN/A,False,1789352188126339072
DivN/A,divN/A,divN/A,divN/A,divN/A,divN/A,False,1761896462491824384
DivN/A,divN/A,divN/A,divN/A,divN/A,divN/A,False,1842723396489973760
DivN/A,divN/A,divN/A,divN/A,divN/A,divN/A,False,1677042708756439040
DivN/A,divN/A,divN/A,divN/A,divN/A,divN/A,False,1842178235695538176
DivN/A,divN/A,divN/A,divN/A,divN/A,divN/A,False,1850346392172048640
DivN/A,divN/A,divN/A,divN/A,divN/A,divN/A,False,1652000709813080064
DivN/A,divN/A,divN/A,divN/A,divN/A,divN/A,False,1800889928416461056
DivN/A,divN/A,divN/A,divN/A,divN/A,divN/A,False,1857197800620015616
DivN/A,divN/A,divN/A,divN/A,divN/A,divN/A,False,1799411141845688576
DivN/A,divN/A,divN/A,divN/A,divN/A,divN/A,False,1794379691542896640
DivN/A,divN/A,divN/A,divN/A,divN/A,divN/A,False,1681404641177657344
DivN/A,divN/A,divN/A,divN/A,divN/A,divN/A,False,1688967785261502464
DivN/A,divN/A,divN/A,divN/A,divN/A,divN/A,False,1725204111455326464
DivN/A,divN/A,divN/A,divN/A,divN/A,divN/A,False,1819470706788519936
DivN/A,divN/A,divN/A,divN/A,divN/A,divN/A,False,1853370577660060160
DivN/A,divN/A,divN/A,divN/A,divN/A,divN/A,False,1843729685764813056
DivN/A,divN/A,divN/A,divN/A,divN/A,divN/A,False,1833679794883424256
"Donald Trump, Donald Trump Jr. and Ron DeSantis have all claimed Alvin Bragg is ""Soros-backed"" or aligned since the news of the indictment dropped.

In reality, Soros has “has never met or spoken to Alvin Bragg,” according to a CNBC story from last week.",4.1M,5.3K,1.3K,2.8K,73,False,1641595879265107968
DivN/A,divN/A,divN/A,divN/A,divN/A,divN/A,False,1771697984603840512
DivN/A,divN/A,divN/A,divN/A,divN/A,divN/A,False,1768435629916901888
DivN/A,divN/A,divN/A,divN/A,divN/A,divN/A,False,1676157337109946368
DivN/A,divN/A,divN/A,divN/A,divN/A,divN/A,False,1765095354633015296
DivN/A,divN/A,divN/A,divN/A,divN/A,divN/A,False,1833320587038474496
DivN/A,divN/A,divN/A,divN/A,divN/A,divN/A,False,1634350493526016000
DivN/A,divN/A,divN/A,divN/A,divN/A,divN/A,False,1780354227342127616
DivN/A,divN/A,divN/A,divN/A,divN/A,divN/A,False,1835061560957616640
DivN/A,divN/A,divN/A,divN/A,divN/A,divN/A,False,1838021324045767168
DivN/A,divN/A,divN/A,divN/A,divN/A,divN/A,False,1.842601913441e+18
DivN/A,divN/A,divN/A,divN/A,divN/A,divN/A,False,1850047696209576448
DivN/A,divN/A,divN/A,divN/A,divN/A,divN/A,False,1808994595851616768
DivN/A,divN/A,divN/A,divN/A,divN/A,divN/A,False,1836516099166274048
DivN/A,divN/A,divN/A,divN/A,divN/A,divN/A,False,1843049754613453056
DivN/A,divN/A,divN/A,divN/A,divN/A,divN/A,False,1864108632549331200
DivN/A,divN/A,divN/A,divN/A,divN/A,divN/A,False,1725646919911792896
DivN/A,divN/A,divN/A,divN/A,divN/A,divN/A,False,1731516805716320256
DivN/A,divN/A,divN/A,divN/A,divN/A,divN/A,False,1710237295842869504
DivN/A,divN/A,divN/A,divN/A,divN/A,divN/A,False,1739088606134722560
DivN/A,divN/A,divN/A,divN/A,divN/A,divN/A,False,1752748410900513024
DivN/A,divN/A,divN/A,divN/A,divN/A,divN/A,False,1694513603251241216
DivN/A,divN/A,divN/A,divN/A,divN/A,divN/A,False,1720472786760863744
DivN/A,divN/A,divN/A,divN/A,divN/A,divN/A,False,1811598858268688896
DivN/A,divN/A,divN/A,divN/A,divN/A,divN/A,False,1824210973668118784
DivN/A,divN/A,divN/A,divN/A,divN/A,divN/A,False,1.878981467336e+18
DivN/A,divN/A,divN/A,divN/A,divN/A,divN/A,False,1849475185222549760
DivN/A,divN/A,divN/A,divN/A,divN/A,divN/A,False,1869806761244340480
DivN/A,divN/A,divN/A,divN/A,divN/A,divN/A,False,1813469221843570944
DivN/A,divN/A,divN/A,divN/A,divN/A,divN/A,False,1838301886065316352
DivN/A,divN/A,divN/A,divN/A,divN/A,divN/A,False,1795142750611890176
DivN/A,divN/A,divN/A,divN/A,divN/A,divN/A,False,1798030694066819072
DivN/A,divN/A,divN/A,divN/A,divN/A,divN/A,False,1857471407564754944
DivN/A,divN/A,divN/A,divN/A,divN/A,divN/A,False,1704116766178169344
DivN/A,divN/A,divN/A,divN/A,divN/A,divN/A,False,1809219969537962496
DivN/A,divN/A,divN/A,divN/A,divN/A,divN/A,False,1796172919887811072
DivN/A,divN/A,divN/A,divN/A,divN/A,divN/A,False,1871685313673703680
DivN/A,divN/A,divN/A,divN/A,divN/A,divN/A,False,1865042190830911744
DivN/A,divN/A,divN/A,divN/A,divN/A,divN/A,False,1821239964212097280
DivN/A,divN/A,divN/A,divN/A,divN/A,divN/A,False,1854247807735214336
DivN/A,divN/A,divN/A,divN/A,divN/A,divN/A,False,1838509393253446144
DivN/A,divN/A,divN/A,divN/A,divN/A,divN/A,False,1840679558514680064
DivN/A,divN/A,divN/A,divN/A,divN/A,divN/A,False,1810692857415573760
DivN/A,divN/A,divN/A,divN/A,divN/A,divN/A,False,1738207167424122880
DivN/A,divN/A,divN/A,divN/A,divN/A,divN/A,False,1842673642448039936
DivN/A,divN/A,divN/A,divN/A,divN/A,divN/A,False,1814729444256363008
DivN/A,divN/A,divN/A,divN/A,divN/A,divN/A,False,1882118903335133440
DivN/A,divN/A,divN/A,divN/A,divN/A,divN/A,False,1685885578091352064
DivN/A,divN/A,divN/A,divN/A,divN/A,divN/A,False,1822061498845266176
DivN/A,divN/A,divN/A,divN/A,divN/A,divN/A,False,1824882793077518848
DivN/A,divN/A,divN/A,divN/A,divN/A,divN/A,False,1874646141708783616
DivN/A,divN/A,divN/A,divN/A,divN/A,divN/A,False,1879334541791478016
DivN/A,divN/A,divN/A,divN/A,divN/A,divN/A,False,1850647425326735616
DivN/A,divN/A,divN/A,divN/A,divN/A,divN/A,False,1751024975476048384
DivN/A,divN/A,divN/A,divN/A,divN/A,divN/A,False,1.787618574565e+18
DivN/A,divN/A,divN/A,divN/A,divN/A,divN/A,False,1792695549294166016
DivN/A,divN/A,divN/A,divN/A,divN/A,divN/A,False,1806698515965628416
DivN/A,divN/A,divN/A,divN/A,divN/A,divN/A,False,1814230052717859328
DivN/A,divN/A,divN/A,divN/A,divN/A,divN/A,False,1851304705491894784
DivN/A,divN/A,divN/A,divN/A,divN/A,divN/A,False,1767271783948836864
DivN/A,divN/A,divN/A,divN/A,divN/A,divN/A,False,1828082360283193344
DivN/A,divN/A,divN/A,divN/A,divN/A,divN/A,False,1853471747443659264
DivN/A,divN/A,divN/A,divN/A,divN/A,divN/A,False,1729641692771295232
DivN/A,divN/A,divN/A,divN/A,divN/A,divN/A,False,1799443309556834560
DivN/A,divN/A,divN/A,divN/A,divN/A,divN/A,False,1822355008559489280
DivN/A,divN/A,divN/A,divN/A,divN/A,divN/A,False,1881682200766431744
DivN/A,divN/A,divN/A,divN/A,divN/A,divN/A,False,1782943713053790720
DivN/A,divN/A,divN/A,divN/A,divN/A,divN/A,False,1805692157518393600
DivN/A,divN/A,divN/A,divN/A,divN/A,divN/A,False,1812272728579416320
DivN/A,divN/A,divN/A,divN/A,divN/A,divN/A,False,1791578477017084160
DivN/A,divN/A,divN/A,divN/A,divN/A,divN/A,False,1824992321336713728
DivN/A,divN/A,divN/A,divN/A,divN/A,divN/A,False,1844015525795700736
DivN/A,divN/A,divN/A,divN/A,divN/A,divN/A,False,1815094520528413184
DivN/A,divN/A,divN/A,divN/A,divN/A,divN/A,False,1755446616079675392
DivN/A,divN/A,divN/A,divN/A,divN/A,divN/A,False,1662193436684951552
DivN/A,divN/A,divN/A,divN/A,divN/A,divN/A,False,1737630463236178176
DivN/A,divN/A,divN/A,divN/A,divN/A,divN/A,False,1.792319895172e+18
DivN/A,divN/A,divN/A,divN/A,divN/A,divN/A,False,1748932823481041408
DivN/A,divN/A,divN/A,divN/A,divN/A,divN/A,False,1854497181006213376
DivN/A,divN/A,divN/A,divN/A,divN/A,divN/A,False,1829778143449698816
DivN/A,divN/A,divN/A,divN/A,divN/A,divN/A,False,1675782124413022208
DivN/A,divN/A,divN/A,divN/A,divN/A,divN/A,False,1791941721074319360
DivN/A,divN/A,divN/A,divN/A,divN/A,divN/A,False,1814046727898632704
DivN/A,divN/A,divN/A,divN/A,divN/A,divN/A,False,1866464035501478144
DivN/A,divN/A,divN/A,divN/A,divN/A,divN/A,False,1875645468103078400
DivN/A,divN/A,divN/A,divN/A,divN/A,divN/A,False,1755309231706628096
DivN/A,divN/A,divN/A,divN/A,divN/A,divN/A,False,1882084212985171968
DivN/A,divN/A,divN/A,divN/A,divN/A,divN/A,False,1775043188618658304
DivN/A,divN/A,divN/A,divN/A,divN/A,divN/A,False,1739533681973170176
DivN/A,divN/A,divN/A,divN/A,divN/A,divN/A,False,1749853408385729024
DivN/A,divN/A,divN/A,divN/A,divN/A,divN/A,False,1818573416045158656
DivN/A,divN/A,divN/A,divN/A,divN/A,divN/A,False,1868785858863939840
DivN/A,divN/A,divN/A,divN/A,divN/A,divN/A,False,1728723979450327040
DivN/A,divN/A,divN/A,divN/A,divN/A,divN/A,False,1815811228503269376
DivN/A,divN/A,divN/A,divN/A,divN/A,divN/A,False,1850327214392307712
DivN/A,divN/A,divN/A,divN/A,divN/A,divN/A,False,1850557059776876800
"Oppenheimer brought us The Bomb... and sweet corn.

Corn seeds were deliberately exposed to US atomic bomb tests in 1946, just to see what would happen. Dr. John Laughnan was sorting that mutant corn & absentmindedly ate a kernel, discovering its sweet flavor, which he then bred.",539.3K,46,423,2.3K,452,False,1680105732799180800
DivN/A,divN/A,divN/A,divN/A,divN/A,divN/A,False,1748778963260899328
DivN/A,divN/A,divN/A,divN/A,divN/A,divN/A,False,1819832009319235584
DivN/A,divN/A,divN/A,divN/A,divN/A,divN/A,False,1844060049981035008
DivN/A,divN/A,divN/A,divN/A,divN/A,divN/A,False,1743503269702287616
DivN/A,divN/A,divN/A,divN/A,divN/A,divN/A,False,1872321221347734016
DivN/A,divN/A,divN/A,divN/A,divN/A,divN/A,False,1821025225024368896
DivN/A,divN/A,divN/A,divN/A,divN/A,divN/A,False,1857697772868116480
DivN/A,divN/A,divN/A,divN/A,divN/A,divN/A,False,1816956669114405120
DivN/A,divN/A,divN/A,divN/A,divN/A,divN/A,False,1819895382790553856
DivN/A,divN/A,divN/A,divN/A,divN/A,divN/A,False,1822683805594894336
DivN/A,divN/A,divN/A,divN/A,divN/A,divN/A,False,1825567985807044608
DivN/A,divN/A,divN/A,divN/A,divN/A,divN/A,False,1715469182349767168
DivN/A,divN/A,divN/A,divN/A,divN/A,divN/A,False,1742582723095490560
DivN/A,divN/A,divN/A,divN/A,divN/A,divN/A,False,1669187098371391488
DivN/A,divN/A,divN/A,divN/A,divN/A,divN/A,False,1749191378888749056
DivN/A,divN/A,divN/A,divN/A,divN/A,divN/A,False,1800785533691429120
DivN/A,divN/A,divN/A,divN/A,divN/A,divN/A,False,1848315897204600832
DivN/A,divN/A,divN/A,divN/A,divN/A,divN/A,False,1868583109391946240
DivN/A,divN/A,divN/A,divN/A,divN/A,divN/A,False,1875126350362870016
DivN/A,divN/A,divN/A,divN/A,divN/A,divN/A,False,1853076252426396160
DivN/A,divN/A,divN/A,divN/A,divN/A,divN/A,False,1858974777228284160
DivN/A,divN/A,divN/A,divN/A,divN/A,divN/A,False,1879890231438238208
DivN/A,divN/A,divN/A,divN/A,divN/A,divN/A,False,1881409290348728576
DivN/A,divN/A,divN/A,divN/A,divN/A,divN/A,False,1842681130488914176
DivN/A,divN/A,divN/A,divN/A,divN/A,divN/A,False,1843081305652683264
DivN/A,divN/A,divN/A,divN/A,divN/A,divN/A,False,1770854755373359360
DivN/A,divN/A,divN/A,divN/A,divN/A,divN/A,False,1715398570151391232
DivN/A,divN/A,divN/A,divN/A,divN/A,divN/A,False,1760635827346903040
DivN/A,divN/A,divN/A,divN/A,divN/A,divN/A,False,1871798253941125376
DivN/A,divN/A,divN/A,divN/A,divN/A,divN/A,False,1854938248486805760
DivN/A,divN/A,divN/A,divN/A,divN/A,divN/A,False,1821784739948478720
DivN/A,divN/A,divN/A,divN/A,divN/A,divN/A,False,1854056504044744704
DivN/A,divN/A,divN/A,divN/A,divN/A,divN/A,False,1756794417304781056
DivN/A,divN/A,divN/A,divN/A,divN/A,divN/A,False,1815807123181252864
DivN/A,divN/A,divN/A,divN/A,divN/A,divN/A,False,1758599587038663168
DivN/A,divN/A,divN/A,divN/A,divN/A,divN/A,False,1857934720094421504
DivN/A,divN/A,divN/A,divN/A,divN/A,divN/A,False,1784495761058939136
DivN/A,divN/A,divN/A,divN/A,divN/A,divN/A,False,1881324197609153024
DivN/A,divN/A,divN/A,divN/A,divN/A,divN/A,False,1804626242194362624
DivN/A,divN/A,divN/A,divN/A,divN/A,divN/A,False,1842991561824776192
DivN/A,divN/A,divN/A,divN/A,divN/A,divN/A,False,1817183216706470144
DivN/A,divN/A,divN/A,divN/A,divN/A,divN/A,False,1817545547454300160
DivN/A,divN/A,divN/A,divN/A,divN/A,divN/A,False,1820497108840882688
DivN/A,divN/A,divN/A,divN/A,divN/A,divN/A,False,1765453947441991936
DivN/A,divN/A,divN/A,divN/A,divN/A,divN/A,False,1788013621504569600
DivN/A,divN/A,divN/A,divN/A,divN/A,divN/A,False,1828894798415020032
DivN/A,divN/A,divN/A,divN/A,divN/A,divN/A,False,1879478568729923840
DivN/A,divN/A,divN/A,divN/A,divN/A,divN/A,False,1762126720616759296
DivN/A,divN/A,divN/A,divN/A,divN/A,divN/A,False,1835628027037843456
DivN/A,divN/A,divN/A,divN/A,divN/A,divN/A,False,1862916682047463680
DivN/A,divN/A,divN/A,divN/A,divN/A,divN/A,False,1771705257929630208
DivN/A,divN/A,divN/A,divN/A,divN/A,divN/A,False,1794878310771778048
DivN/A,divN/A,divN/A,divN/A,divN/A,divN/A,False,1779400820603101696
DivN/A,divN/A,divN/A,divN/A,divN/A,divN/A,False,1824211351675474176
DivN/A,divN/A,divN/A,divN/A,divN/A,divN/A,False,1851632090107809792
DivN/A,divN/A,divN/A,divN/A,divN/A,divN/A,False,1866101742024241664
DivN/A,divN/A,divN/A,divN/A,divN/A,divN/A,False,1728515012061229568
DivN/A,divN/A,divN/A,divN/A,divN/A,divN/A,False,1740181926936519168
DivN/A,divN/A,divN/A,divN/A,divN/A,divN/A,False,1832773149206904832
DivN/A,divN/A,divN/A,divN/A,divN/A,divN/A,False,1847064377133871104
DivN/A,divN/A,divN/A,divN/A,divN/A,divN/A,False,1869767251706163200
DivN/A,divN/A,divN/A,divN/A,divN/A,divN/A,False,1825740952574599424
DivN/A,divN/A,divN/A,divN/A,divN/A,divN/A,False,1870123827725840640
DivN/A,divN/A,divN/A,divN/A,divN/A,divN/A,False,1814454542999671040
DivN/A,divN/A,divN/A,divN/A,divN/A,divN/A,False,1854939353929105920
DivN/A,divN/A,divN/A,divN/A,divN/A,divN/A,False,1711766843659305216
DivN/A,divN/A,divN/A,divN/A,divN/A,divN/A,False,1757153881337843712
DivN/A,divN/A,divN/A,divN/A,divN/A,divN/A,False,1811174521644225024
DivN/A,divN/A,divN/A,divN/A,divN/A,divN/A,False,1846889396416463104
DivN/A,divN/A,divN/A,divN/A,divN/A,divN/A,False,1805702961911259136
DivN/A,divN/A,divN/A,divN/A,divN/A,divN/A,False,1819673010393031168
DivN/A,divN/A,divN/A,divN/A,divN/A,divN/A,False,1835423997129072640
DivN/A,divN/A,divN/A,divN/A,divN/A,divN/A,False,1854951573752869120
DivN/A,divN/A,divN/A,divN/A,divN/A,divN/A,False,1854550692267991296
DivN/A,divN/A,divN/A,divN/A,divN/A,divN/A,False,1856387058337472512
DivN/A,divN/A,divN/A,divN/A,divN/A,divN/A,False,1748352352606712064
DivN/A,divN/A,divN/A,divN/A,divN/A,divN/A,False,1877966753147552000
DivN/A,divN/A,divN/A,divN/A,divN/A,divN/A,False,1756436701101072384
DivN/A,divN/A,divN/A,divN/A,divN/A,divN/A,False,1824623385420140800
DivN/A,divN/A,divN/A,divN/A,divN/A,divN/A,False,1880332455921828096
DivN/A,divN/A,divN/A,divN/A,divN/A,divN/A,False,1771347709997502720
DivN/A,divN/A,divN/A,divN/A,divN/A,divN/A,False,1874904369512247296
DivN/A,divN/A,divN/A,divN/A,divN/A,divN/A,False,1677171220184469504
DivN/A,divN/A,divN/A,divN/A,divN/A,divN/A,False,1854053027696480768
DivN/A,divN/A,divN/A,divN/A,divN/A,divN/A,False,1695108100146237696
DivN/A,divN/A,divN/A,divN/A,divN/A,divN/A,False,1722351053885132800
DivN/A,divN/A,divN/A,divN/A,divN/A,divN/A,False,1789219424135787008
DivN/A,divN/A,divN/A,divN/A,divN/A,divN/A,False,1858011355866935808
DivN/A,divN/A,divN/A,divN/A,divN/A,divN/A,False,1753506732486099456
DivN/A,divN/A,divN/A,divN/A,divN/A,divN/A,False,1779753281960722432
DivN/A,divN/A,divN/A,divN/A,divN/A,divN/A,False,1801887211664666880
DivN/A,divN/A,divN/A,divN/A,divN/A,divN/A,False,1837547579728376320
DivN/A,divN/A,divN/A,divN/A,divN/A,divN/A,False,1845791215582687232
DivN/A,divN/A,divN/A,divN/A,divN/A,divN/A,False,1872766712900403200
DivN/A,divN/A,divN/A,divN/A,divN/A,divN/A,False,1873254826785817088
DivN/A,divN/A,divN/A,divN/A,divN/A,divN/A,False,1851783970792341760
DivN/A,divN/A,divN/A,divN/A,divN/A,divN/A,False,1807376442180657664
DivN/A,divN/A,divN/A,divN/A,divN/A,divN/A,False,1747121224407470080
DivN/A,divN/A,divN/A,divN/A,divN/A,divN/A,False,1877560194772688896
DivN/A,divN/A,divN/A,divN/A,divN/A,divN/A,False,1766560607166157056
DivN/A,divN/A,divN/A,divN/A,divN/A,divN/A,False,1852364903857689088
DivN/A,divN/A,divN/A,divN/A,divN/A,divN/A,False,1857199147704635392
DivN/A,divN/A,divN/A,divN/A,divN/A,divN/A,False,1861146513038057984
DivN/A,divN/A,divN/A,divN/A,divN/A,divN/A,False,1863605664016449536
DivN/A,divN/A,divN/A,divN/A,divN/A,divN/A,False,1800940329035502080
DivN/A,divN/A,divN/A,divN/A,divN/A,divN/A,False,1866351996631924736
DivN/A,divN/A,divN/A,divN/A,divN/A,divN/A,False,1839872036656820736
DivN/A,divN/A,divN/A,divN/A,divN/A,divN/A,False,1864670723056295936
DivN/A,divN/A,divN/A,divN/A,divN/A,divN/A,False,1742662816082076160
DivN/A,divN/A,divN/A,divN/A,divN/A,divN/A,False,1.707029129026e+18
DivN/A,divN/A,divN/A,divN/A,divN/A,divN/A,False,1742324477323833600
DivN/A,divN/A,divN/A,divN/A,divN/A,divN/A,False,1809034694295760896
DivN/A,divN/A,divN/A,divN/A,divN/A,divN/A,False,1803890046191198464
DivN/A,divN/A,divN/A,divN/A,divN/A,divN/A,False,1767928717538644480
DivN/A,divN/A,divN/A,divN/A,divN/A,divN/A,False,1875837518031233280
DivN/A,divN/A,divN/A,divN/A,divN/A,divN/A,False,1724387518483726848
DivN/A,divN/A,divN/A,divN/A,divN/A,divN/A,False,1817407906251207168
DivN/A,divN/A,divN/A,divN/A,divN/A,divN/A,False,1856408393302561280
DivN/A,divN/A,divN/A,divN/A,divN/A,divN/A,False,1827629411140804864
DivN/A,divN/A,divN/A,divN/A,divN/A,divN/A,False,1789835165134389504
DivN/A,divN/A,divN/A,divN/A,divN/A,divN/A,False,1792929488730194176
DivN/A,divN/A,divN/A,divN/A,divN/A,divN/A,False,1793390126086619136
DivN/A,divN/A,divN/A,divN/A,divN/A,divN/A,False,1794520353810620416
DivN/A,divN/A,divN/A,divN/A,divN/A,divN/A,False,1782142404667248640
DivN/A,divN/A,divN/A,divN/A,divN/A,divN/A,False,1856664294584181248
DivN/A,divN/A,divN/A,divN/A,divN/A,divN/A,False,1760002163957268736
DivN/A,divN/A,divN/A,divN/A,divN/A,divN/A,False,1828788933830058240
DivN/A,divN/A,divN/A,divN/A,divN/A,divN/A,False,1733966347816624384
DivN/A,divN/A,divN/A,divN/A,divN/A,divN/A,False,1822330854854594816
DivN/A,divN/A,divN/A,divN/A,divN/A,divN/A,False,1746942000082108416
DivN/A,divN/A,divN/A,divN/A,divN/A,divN/A,False,1804945517144887296
DivN/A,divN/A,divN/A,divN/A,divN/A,divN/A,False,1798688498784079872
DivN/A,divN/A,divN/A,divN/A,divN/A,divN/A,False,1778098834268103168
DivN/A,divN/A,divN/A,divN/A,divN/A,divN/A,False,1829340139367096576
DivN/A,divN/A,divN/A,divN/A,divN/A,divN/A,False,1721274337188040960
DivN/A,divN/A,divN/A,divN/A,divN/A,divN/A,False,1798505679734689792
DivN/A,divN/A,divN/A,divN/A,divN/A,divN/A,False,1865063836203520256
DivN/A,divN/A,divN/A,divN/A,divN/A,divN/A,False,1851458837032612096
DivN/A,divN/A,divN/A,divN/A,divN/A,divN/A,False,1708986264588792064
DivN/A,divN/A,divN/A,divN/A,divN/A,divN/A,False,1841527981354975232
DivN/A,divN/A,divN/A,divN/A,divN/A,divN/A,False,1766861915240775936
DivN/A,divN/A,divN/A,divN/A,divN/A,divN/A,False,1812582699720196096
DivN/A,divN/A,divN/A,divN/A,divN/A,divN/A,False,1731103570932506880
DivN/A,divN/A,divN/A,divN/A,divN/A,divN/A,False,1735625954075275520
DivN/A,divN/A,divN/A,divN/A,divN/A,divN/A,False,1860024695510520320
DivN/A,divN/A,divN/A,divN/A,divN/A,divN/A,False,1840849709763870720
DivN/A,divN/A,divN/A,divN/A,divN/A,divN/A,False,1833269241400688896
DivN/A,divN/A,divN/A,divN/A,divN/A,divN/A,False,1745448813324800000
DivN/A,divN/A,divN/A,divN/A,divN/A,divN/A,False,1745960350913069568
DivN/A,divN/A,divN/A,divN/A,divN/A,divN/A,False,1855772260927164416
DivN/A,divN/A,divN/A,divN/A,divN/A,divN/A,False,1855762599574704384
DivN/A,divN/A,divN/A,divN/A,divN/A,divN/A,False,1823361200429605120
DivN/A,divN/A,divN/A,divN/A,divN/A,divN/A,False,1742261273520198144
DivN/A,divN/A,divN/A,divN/A,divN/A,divN/A,False,1850413648096969216
DivN/A,divN/A,divN/A,divN/A,divN/A,divN/A,False,1873959147185840384
DivN/A,divN/A,divN/A,divN/A,divN/A,divN/A,False,1727084079378800896
"Odoul ment. 

La «grande Terreur» commence mi-juin 1794 (loi du 22 prairial). 

Elle fait environ 1400 morts. 

Dans cette période, Robespierre est très absent à la Convention et au Comité de Salut public. 

Ses adversaires font tourner la guillotine pour lui mettre sur le dos.",878.7K,672,447,1.2K,48,False,1688121335426215936
DivN/A,divN/A,divN/A,divN/A,divN/A,divN/A,False,1857710327128862976
DivN/A,divN/A,divN/A,divN/A,divN/A,divN/A,False,1775580974878806016
DivN/A,divN/A,divN/A,divN/A,divN/A,divN/A,False,1854890221726491136
DivN/A,divN/A,divN/A,divN/A,divN/A,divN/A,False,1864367778620141824
DivN/A,divN/A,divN/A,divN/A,divN/A,divN/A,False,1711740369887785216
DivN/A,divN/A,divN/A,divN/A,divN/A,divN/A,False,1871771917012894208
DivN/A,divN/A,divN/A,divN/A,divN/A,divN/A,False,1820850115789160704
DivN/A,divN/A,divN/A,divN/A,divN/A,divN/A,False,1835347010527822336
DivN/A,divN/A,divN/A,divN/A,divN/A,divN/A,False,1852725781547376640
DivN/A,divN/A,divN/A,divN/A,divN/A,divN/A,False,1808421709084606464
DivN/A,divN/A,divN/A,divN/A,divN/A,divN/A,False,1734331339225153536
DivN/A,divN/A,divN/A,divN/A,divN/A,divN/A,False,1773993766535201024
DivN/A,divN/A,divN/A,divN/A,divN/A,divN/A,False,1799440045058949376
DivN/A,divN/A,divN/A,divN/A,divN/A,divN/A,False,1830041928169148416
DivN/A,divN/A,divN/A,divN/A,divN/A,divN/A,False,1832805912945496320
DivN/A,divN/A,divN/A,divN/A,divN/A,divN/A,False,1745186120109846784
DivN/A,divN/A,divN/A,divN/A,divN/A,divN/A,False,1820874353598152960
DivN/A,divN/A,divN/A,divN/A,divN/A,divN/A,False,1875588138522788096
DivN/A,divN/A,divN/A,divN/A,divN/A,divN/A,False,1778904526495400448
DivN/A,divN/A,divN/A,divN/A,divN/A,divN/A,False,1871358731688263936
DivN/A,divN/A,divN/A,divN/A,divN/A,divN/A,False,1756068253485735936
DivN/A,divN/A,divN/A,divN/A,divN/A,divN/A,False,1828942034620821760
DivN/A,divN/A,divN/A,divN/A,divN/A,divN/A,False,1.871149109828e+18
DivN/A,divN/A,divN/A,divN/A,divN/A,divN/A,False,1879479786504176128
DivN/A,divN/A,divN/A,divN/A,divN/A,divN/A,False,1852443707766632704
DivN/A,divN/A,divN/A,divN/A,divN/A,divN/A,False,1879260604357390848
DivN/A,divN/A,divN/A,divN/A,divN/A,divN/A,False,1867786857255432192
DivN/A,divN/A,divN/A,divN/A,divN/A,divN/A,False,1790453273071112704
DivN/A,divN/A,divN/A,divN/A,divN/A,divN/A,False,1771262443110514944
DivN/A,divN/A,divN/A,divN/A,divN/A,divN/A,False,1816523387948400896
DivN/A,divN/A,divN/A,divN/A,divN/A,divN/A,False,1819089905139744768
DivN/A,divN/A,divN/A,divN/A,divN/A,divN/A,False,1814203437275361536
DivN/A,divN/A,divN/A,divN/A,divN/A,divN/A,False,1873927502835425280
DivN/A,divN/A,divN/A,divN/A,divN/A,divN/A,False,1693756240260698624
DivN/A,divN/A,divN/A,divN/A,divN/A,divN/A,False,1864789349973528576
Did you know Apple puts a secret 30%  tax on everything you buy through their App Store?,viewsN/A,28K,44K,232K,1.3K,False,1597301968208556032
DivN/A,divN/A,divN/A,divN/A,divN/A,divN/A,False,1869714874315816960
DivN/A,divN/A,divN/A,divN/A,divN/A,divN/A,False,1810589645471645696
DivN/A,divN/A,divN/A,divN/A,divN/A,divN/A,False,1810857127117795328
DivN/A,divN/A,divN/A,divN/A,divN/A,divN/A,False,1872704038552109568
DivN/A,divN/A,divN/A,divN/A,divN/A,divN/A,False,1853137643179278336
DivN/A,divN/A,divN/A,divN/A,divN/A,divN/A,False,1788673747362443264
DivN/A,divN/A,divN/A,divN/A,divN/A,divN/A,False,1722658828733256192
DivN/A,divN/A,divN/A,divN/A,divN/A,divN/A,False,1783415688679334144
DivN/A,divN/A,divN/A,divN/A,divN/A,divN/A,False,1783555501474664704
DivN/A,divN/A,divN/A,divN/A,divN/A,divN/A,False,1860410285502112256
DivN/A,divN/A,divN/A,divN/A,divN/A,divN/A,False,1799919812367274240
DivN/A,divN/A,divN/A,divN/A,divN/A,divN/A,False,1741472039909642496
DivN/A,divN/A,divN/A,divN/A,divN/A,divN/A,False,1844018960322441728
DivN/A,divN/A,divN/A,divN/A,divN/A,divN/A,False,1741235077349081600
DivN/A,divN/A,divN/A,divN/A,divN/A,divN/A,False,1875296408468885760
DivN/A,divN/A,divN/A,divN/A,divN/A,divN/A,False,1696643892253466624
DivN/A,divN/A,divN/A,divN/A,divN/A,divN/A,False,1801260798045736960
DivN/A,divN/A,divN/A,divN/A,divN/A,divN/A,False,1716913518937788928
DivN/A,divN/A,divN/A,divN/A,divN/A,divN/A,False,1704646682921595136
DivN/A,divN/A,divN/A,divN/A,divN/A,divN/A,False,1849997019831812096
DivN/A,divN/A,divN/A,divN/A,divN/A,divN/A,False,1859664214706831616
DivN/A,divN/A,divN/A,divN/A,divN/A,divN/A,False,1754582391530684928
DivN/A,divN/A,divN/A,divN/A,divN/A,divN/A,False,1713564975308964096
DivN/A,divN/A,divN/A,divN/A,divN/A,divN/A,False,1820446201843442176
DivN/A,divN/A,divN/A,divN/A,divN/A,divN/A,False,1828760969499050240
DivN/A,divN/A,divN/A,divN/A,divN/A,divN/A,False,1858588723488678144
DivN/A,divN/A,divN/A,divN/A,divN/A,divN/A,False,1874947826335314432
DivN/A,divN/A,divN/A,divN/A,divN/A,divN/A,False,1827357743591698432
DivN/A,divN/A,divN/A,divN/A,divN/A,divN/A,False,1711808891757944832
DivN/A,divN/A,divN/A,divN/A,divN/A,divN/A,False,1792149702298804480
DivN/A,divN/A,divN/A,divN/A,divN/A,divN/A,False,1775433339639365632
DivN/A,divN/A,divN/A,divN/A,divN/A,divN/A,False,1754900132535976448
DivN/A,divN/A,divN/A,divN/A,divN/A,divN/A,False,1863339398684659712
DivN/A,divN/A,divN/A,divN/A,divN/A,divN/A,False,1842987613252390912
DivN/A,divN/A,divN/A,divN/A,divN/A,divN/A,False,1807798949832794112
DivN/A,divN/A,divN/A,divN/A,divN/A,divN/A,False,1862686169747582976
DivN/A,divN/A,divN/A,divN/A,divN/A,divN/A,False,1798783046977802752
DivN/A,divN/A,divN/A,divN/A,divN/A,divN/A,False,1882023907068461568
DivN/A,divN/A,divN/A,divN/A,divN/A,divN/A,False,1853416147225387264
DivN/A,divN/A,divN/A,divN/A,divN/A,divN/A,False,1871279727627178496
DivN/A,divN/A,divN/A,divN/A,divN/A,divN/A,False,1818714879211061760
DivN/A,divN/A,divN/A,divN/A,divN/A,divN/A,False,1805694554127187968
DivN/A,divN/A,divN/A,divN/A,divN/A,divN/A,False,1861070432377737216
DivN/A,divN/A,divN/A,divN/A,divN/A,divN/A,False,1742027063060774912
DivN/A,divN/A,divN/A,divN/A,divN/A,divN/A,False,1780978341991907584
DivN/A,divN/A,divN/A,divN/A,divN/A,divN/A,False,1787179960567832576
DivN/A,divN/A,divN/A,divN/A,divN/A,divN/A,False,1849634400851341312
DivN/A,divN/A,divN/A,divN/A,divN/A,divN/A,False,1604619833823436800
DivN/A,divN/A,divN/A,divN/A,divN/A,divN/A,False,1810038206399934720
DivN/A,divN/A,divN/A,divN/A,divN/A,divN/A,False,1805002086909952256
DivN/A,divN/A,divN/A,divN/A,divN/A,divN/A,False,1731585838058725888
DivN/A,divN/A,divN/A,divN/A,divN/A,divN/A,False,1871594713650008320
DivN/A,divN/A,divN/A,divN/A,divN/A,divN/A,False,1843672209010897408
DivN/A,divN/A,divN/A,divN/A,divN/A,divN/A,False,1843689334102470656
DivN/A,divN/A,divN/A,divN/A,divN/A,divN/A,False,1809433681326428160
DivN/A,divN/A,divN/A,divN/A,divN/A,divN/A,False,1762543649886462464
DivN/A,divN/A,divN/A,divN/A,divN/A,divN/A,False,1791424360655225344
DivN/A,divN/A,divN/A,divN/A,divN/A,divN/A,False,1873826024246702336
DivN/A,divN/A,divN/A,divN/A,divN/A,divN/A,False,1874920845711486976
DivN/A,divN/A,divN/A,divN/A,divN/A,divN/A,False,1760663612509565440
DivN/A,divN/A,divN/A,divN/A,divN/A,divN/A,False,1771242380571664640
DivN/A,divN/A,divN/A,divN/A,divN/A,divN/A,False,1758620635717419520
DivN/A,divN/A,divN/A,divN/A,divN/A,divN/A,False,1776642048319193600
DivN/A,divN/A,divN/A,divN/A,divN/A,divN/A,False,1785077479503438080
DivN/A,divN/A,divN/A,divN/A,divN/A,divN/A,False,1793772845329441024
DivN/A,divN/A,divN/A,divN/A,divN/A,divN/A,False,1858904507574259712
Donald Trump’s official Presidential portrait unveiled.,11.9M,2K,4.2K,11K,997,False,1879651075915128832
DivN/A,divN/A,divN/A,divN/A,divN/A,divN/A,False,1881425603414695936
DivN/A,divN/A,divN/A,divN/A,divN/A,divN/A,False,1812253813723521024
DivN/A,divN/A,divN/A,divN/A,divN/A,divN/A,False,1760404526643790080
DivN/A,divN/A,divN/A,divN/A,divN/A,divN/A,False,1773399172575584768
DivN/A,divN/A,divN/A,divN/A,divN/A,divN/A,False,1830798360237760512
DivN/A,divN/A,divN/A,divN/A,divN/A,divN/A,False,1847702334714896640
DivN/A,divN/A,divN/A,divN/A,divN/A,divN/A,False,1819021882160562688
DivN/A,divN/A,divN/A,divN/A,divN/A,divN/A,False,1862145723921215744
DivN/A,divN/A,divN/A,divN/A,divN/A,divN/A,False,1845916348318162944
DivN/A,divN/A,divN/A,divN/A,divN/A,divN/A,False,1861812421364453888
DivN/A,divN/A,divN/A,divN/A,divN/A,divN/A,False,1801106476414497280
DivN/A,divN/A,divN/A,divN/A,divN/A,divN/A,False,1847223946678305024
DivN/A,divN/A,divN/A,divN/A,divN/A,divN/A,False,1848070558950293760
DivN/A,divN/A,divN/A,divN/A,divN/A,divN/A,False,1814320473099980800
DivN/A,divN/A,divN/A,divN/A,divN/A,divN/A,False,1.824215589663e+18
DivN/A,divN/A,divN/A,divN/A,divN/A,divN/A,False,1847329694707757568
DivN/A,divN/A,divN/A,divN/A,divN/A,divN/A,False,1778087003646493184
DivN/A,divN/A,divN/A,divN/A,divN/A,divN/A,False,1827070743701549568
DivN/A,divN/A,divN/A,divN/A,divN/A,divN/A,False,1766548138066694400
DivN/A,divN/A,divN/A,divN/A,divN/A,divN/A,False,1727677107436749312
DivN/A,divN/A,divN/A,divN/A,divN/A,divN/A,False,1768652688504324096
DivN/A,divN/A,divN/A,divN/A,divN/A,divN/A,False,1774127881586970880
DivN/A,divN/A,divN/A,divN/A,divN/A,divN/A,False,1785585030711894528
DivN/A,divN/A,divN/A,divN/A,divN/A,divN/A,False,1849789889258381312
DivN/A,divN/A,divN/A,divN/A,divN/A,divN/A,False,1822776788835303680
DivN/A,divN/A,divN/A,divN/A,divN/A,divN/A,False,1770821491057119744
DivN/A,divN/A,divN/A,divN/A,divN/A,divN/A,False,1792330118997905408
DivN/A,divN/A,divN/A,divN/A,divN/A,divN/A,False,1845378883798909184
DivN/A,divN/A,divN/A,divN/A,divN/A,divN/A,False,1871814759018024960
DivN/A,divN/A,divN/A,divN/A,divN/A,divN/A,False,1794883315033633024
DivN/A,divN/A,divN/A,divN/A,divN/A,divN/A,False,1876380530561958400
DivN/A,divN/A,divN/A,divN/A,divN/A,divN/A,False,1836789855264657664
DivN/A,divN/A,divN/A,divN/A,divN/A,divN/A,False,1863981828043886592
DivN/A,divN/A,divN/A,divN/A,divN/A,divN/A,False,1846524357700440576
DivN/A,divN/A,divN/A,divN/A,divN/A,divN/A,False,1785619415842816256
DivN/A,divN/A,divN/A,divN/A,divN/A,divN/A,False,1785987876372812288
DivN/A,divN/A,divN/A,divN/A,divN/A,divN/A,False,1873897107502882816
DivN/A,divN/A,divN/A,divN/A,divN/A,divN/A,False,1723680858874298624
DivN/A,divN/A,divN/A,divN/A,divN/A,divN/A,False,1723737808718725632
DivN/A,divN/A,divN/A,divN/A,divN/A,divN/A,False,1742539151017492480
DivN/A,divN/A,divN/A,divN/A,divN/A,divN/A,False,1854496742474940416
DivN/A,divN/A,divN/A,divN/A,divN/A,divN/A,False,1717929334843830272
DivN/A,divN/A,divN/A,divN/A,divN/A,divN/A,False,1794377135681097984
DivN/A,divN/A,divN/A,divN/A,divN/A,divN/A,False,1851766802784965120
DivN/A,divN/A,divN/A,divN/A,divN/A,divN/A,False,1857289010172862720
DivN/A,divN/A,divN/A,divN/A,divN/A,divN/A,False,1819724668963598336
DivN/A,divN/A,divN/A,divN/A,divN/A,divN/A,False,1816989018715791616
DivN/A,divN/A,divN/A,divN/A,divN/A,divN/A,False,1827756575294886400
DivN/A,divN/A,divN/A,divN/A,divN/A,divN/A,False,1827809078208315904
DivN/A,divN/A,divN/A,divN/A,divN/A,divN/A,False,1763949517219459072
DivN/A,divN/A,divN/A,divN/A,divN/A,divN/A,False,1671591856222642176
DivN/A,divN/A,divN/A,divN/A,divN/A,divN/A,False,1852860861498486784
DivN/A,divN/A,divN/A,divN/A,divN/A,divN/A,False,1854017083807346944
DivN/A,divN/A,divN/A,divN/A,divN/A,divN/A,False,1849639215199650304
DivN/A,divN/A,divN/A,divN/A,divN/A,divN/A,False,1876265075247357952
DivN/A,divN/A,divN/A,divN/A,divN/A,divN/A,False,1854249646610391296
DivN/A,divN/A,divN/A,divN/A,divN/A,divN/A,False,1738713379714318336
DivN/A,divN/A,divN/A,divN/A,divN/A,divN/A,False,1760803758798504448
DivN/A,divN/A,divN/A,divN/A,divN/A,divN/A,False,1880229523645702400
DivN/A,divN/A,divN/A,divN/A,divN/A,divN/A,False,1704706624668184576
DivN/A,divN/A,divN/A,divN/A,divN/A,divN/A,False,1770068417631994368
DivN/A,divN/A,divN/A,divN/A,divN/A,divN/A,False,1743477792430489856
DivN/A,divN/A,divN/A,divN/A,divN/A,divN/A,False,1851916537319305216
DivN/A,divN/A,divN/A,divN/A,divN/A,divN/A,False,1876606924126617856
DivN/A,divN/A,divN/A,divN/A,divN/A,divN/A,False,1760446632678834688
DivN/A,divN/A,divN/A,divN/A,divN/A,divN/A,False,1722803868197617920
DivN/A,divN/A,divN/A,divN/A,divN/A,divN/A,False,1876178691761574144
DivN/A,divN/A,divN/A,divN/A,divN/A,divN/A,False,1815270551243337984
DivN/A,divN/A,divN/A,divN/A,divN/A,divN/A,False,1732689394493214720
DivN/A,divN/A,divN/A,divN/A,divN/A,divN/A,False,1852887210330341888
DivN/A,divN/A,divN/A,divN/A,divN/A,divN/A,False,1877166165543334144
DivN/A,divN/A,divN/A,divN/A,divN/A,divN/A,False,1763392730833498112
DivN/A,divN/A,divN/A,divN/A,divN/A,divN/A,False,1833681820421918720
DivN/A,divN/A,divN/A,divN/A,divN/A,divN/A,False,1770845706711875840
DivN/A,divN/A,divN/A,divN/A,divN/A,divN/A,False,1791223223993893120
DivN/A,divN/A,divN/A,divN/A,divN/A,divN/A,False,1797638476118286336
DivN/A,divN/A,divN/A,divN/A,divN/A,divN/A,False,1799426781692469760
DivN/A,divN/A,divN/A,divN/A,divN/A,divN/A,False,1872270958351827200
DivN/A,divN/A,divN/A,divN/A,divN/A,divN/A,False,1855686331621405184
DivN/A,divN/A,divN/A,divN/A,divN/A,divN/A,False,1738897023133478912
DivN/A,divN/A,divN/A,divN/A,divN/A,divN/A,False,1842156500006936576
DivN/A,divN/A,divN/A,divN/A,divN/A,divN/A,False,1871686320797737472
DivN/A,divN/A,divN/A,divN/A,divN/A,divN/A,False,1865060351001194496
DivN/A,divN/A,divN/A,divN/A,divN/A,divN/A,False,1.862151017825e+18
DivN/A,divN/A,divN/A,divN/A,divN/A,divN/A,False,1863944491440242688
DivN/A,divN/A,divN/A,divN/A,divN/A,divN/A,False,1866992009048728064
DivN/A,divN/A,divN/A,divN/A,divN/A,divN/A,False,1729392997714784256
DivN/A,divN/A,divN/A,divN/A,divN/A,divN/A,False,1829211532464681216
DivN/A,divN/A,divN/A,divN/A,divN/A,divN/A,False,1751976510687211520
DivN/A,divN/A,divN/A,divN/A,divN/A,divN/A,False,1881493580403052800
DivN/A,divN/A,divN/A,divN/A,divN/A,divN/A,False,1850992593485676544
DivN/A,divN/A,divN/A,divN/A,divN/A,divN/A,False,1798757407390420992
DivN/A,divN/A,divN/A,divN/A,divN/A,divN/A,False,1796974297145024512
DivN/A,divN/A,divN/A,divN/A,divN/A,divN/A,False,1817921990013108736
DivN/A,divN/A,divN/A,divN/A,divN/A,divN/A,False,1817924844941451520
DivN/A,divN/A,divN/A,divN/A,divN/A,divN/A,False,1821873579841012224
DivN/A,divN/A,divN/A,divN/A,divN/A,divN/A,False,1853709587087491584
DivN/A,divN/A,divN/A,divN/A,divN/A,divN/A,False,1857803151908204800
DivN/A,divN/A,divN/A,divN/A,divN/A,divN/A,False,1865313889916801536
DivN/A,divN/A,divN/A,divN/A,divN/A,divN/A,False,1739342755644526592
DivN/A,divN/A,divN/A,divN/A,divN/A,divN/A,False,1819068761787244800
DivN/A,divN/A,divN/A,divN/A,divN/A,divN/A,False,1854656624163721728
DivN/A,divN/A,divN/A,divN/A,divN/A,divN/A,False,1813928322705109504
DivN/A,divN/A,divN/A,divN/A,divN/A,divN/A,False,1852769572342149120
DivN/A,divN/A,divN/A,divN/A,divN/A,divN/A,False,1762201304699400192
DivN/A,divN/A,divN/A,divN/A,divN/A,divN/A,False,1792846749364568320
DivN/A,divN/A,divN/A,divN/A,divN/A,divN/A,False,1820799231277281536
DivN/A,divN/A,divN/A,divN/A,divN/A,divN/A,False,1822019041029972224
DivN/A,divN/A,divN/A,divN/A,divN/A,divN/A,False,1874729381316469248
DivN/A,divN/A,divN/A,divN/A,divN/A,divN/A,False,1818542286416101376
DivN/A,divN/A,divN/A,divN/A,divN/A,divN/A,False,1803108969080316160
DivN/A,divN/A,divN/A,divN/A,divN/A,divN/A,False,1864399471372554240
DivN/A,divN/A,divN/A,divN/A,divN/A,divN/A,False,1816191071023685632
DivN/A,divN/A,divN/A,divN/A,divN/A,divN/A,False,1873880944727470336
DivN/A,divN/A,divN/A,divN/A,divN/A,divN/A,False,1792601956189356544
DivN/A,divN/A,divN/A,divN/A,divN/A,divN/A,False,1830141943742898176
DivN/A,divN/A,divN/A,divN/A,divN/A,divN/A,False,1726283773225095424
DivN/A,divN/A,divN/A,divN/A,divN/A,divN/A,False,1.803742648966e+18
DivN/A,divN/A,divN/A,divN/A,divN/A,divN/A,False,1827508382380486656
DivN/A,divN/A,divN/A,divN/A,divN/A,divN/A,False,1874491485372190720
DivN/A,divN/A,divN/A,divN/A,divN/A,divN/A,False,1875830090535522560
DivN/A,divN/A,divN/A,divN/A,divN/A,divN/A,False,1776019079901393408
DivN/A,divN/A,divN/A,divN/A,divN/A,divN/A,False,1806515810485104896
DivN/A,divN/A,divN/A,divN/A,divN/A,divN/A,False,1712228053609238784
DivN/A,divN/A,divN/A,divN/A,divN/A,divN/A,False,1836170294932746496
DivN/A,divN/A,divN/A,divN/A,divN/A,divN/A,False,1855344190055403520
DivN/A,divN/A,divN/A,divN/A,divN/A,divN/A,False,1849255655791849472
DivN/A,divN/A,divN/A,divN/A,divN/A,divN/A,False,1869849288085516800
DivN/A,divN/A,divN/A,divN/A,divN/A,divN/A,False,1799132862928789760
DivN/A,divN/A,divN/A,divN/A,divN/A,divN/A,False,1805286455570579968
DivN/A,divN/A,divN/A,divN/A,divN/A,divN/A,False,1834215145490309632
DivN/A,divN/A,divN/A,divN/A,divN/A,divN/A,False,1840820538974801920
DivN/A,divN/A,divN/A,divN/A,divN/A,divN/A,False,1845489870547939840
DivN/A,divN/A,divN/A,divN/A,divN/A,divN/A,False,1723664047692763648
DivN/A,divN/A,divN/A,divN/A,divN/A,divN/A,False,1778131775740379648
DivN/A,divN/A,divN/A,divN/A,divN/A,divN/A,False,1866892520762020096
DivN/A,divN/A,divN/A,divN/A,divN/A,divN/A,False,1869935387038355968
DivN/A,divN/A,divN/A,divN/A,divN/A,divN/A,False,1757820290015637760
"I'm not sure if most people fully appreciate the significance of this Bud Light stuff. We made an iconic American brand toxic, virtually overnight, because it endorsed gender ideology. This is a pivotal moment. A map to follow going forward.",5.3M,3.5K,5.1K,38K,186,False,1654320121089761280
DivN/A,divN/A,divN/A,divN/A,divN/A,divN/A,False,1837658894912422144
DivN/A,divN/A,divN/A,divN/A,divN/A,divN/A,False,1869860916592030208
DivN/A,divN/A,divN/A,divN/A,divN/A,divN/A,False,1873320780739510272
DivN/A,divN/A,divN/A,divN/A,divN/A,divN/A,False,1874523665620234496
DivN/A,divN/A,divN/A,divN/A,divN/A,divN/A,False,1865224853021757440
DivN/A,divN/A,divN/A,divN/A,divN/A,divN/A,False,1758144673388855296
DivN/A,divN/A,divN/A,divN/A,divN/A,divN/A,False,1822582569721868800
DivN/A,divN/A,divN/A,divN/A,divN/A,divN/A,False,1732155563356614656
DivN/A,divN/A,divN/A,divN/A,divN/A,divN/A,False,1744131979124056064
DivN/A,divN/A,divN/A,divN/A,divN/A,divN/A,False,1815754041214845184
DivN/A,divN/A,divN/A,divN/A,divN/A,divN/A,False,1878290050519105536
DivN/A,divN/A,divN/A,divN/A,divN/A,divN/A,False,1819157864017285376
DivN/A,divN/A,divN/A,divN/A,divN/A,divN/A,False,1867145829485568000
DivN/A,divN/A,divN/A,divN/A,divN/A,divN/A,False,1811066596150202624
DivN/A,divN/A,divN/A,divN/A,divN/A,divN/A,False,1636729261745733632
DivN/A,divN/A,divN/A,divN/A,divN/A,divN/A,False,1815466689603215360
DivN/A,divN/A,divN/A,divN/A,divN/A,divN/A,False,1795964274038145280
DivN/A,divN/A,divN/A,divN/A,divN/A,divN/A,False,1784619220892062208
DivN/A,divN/A,divN/A,divN/A,divN/A,divN/A,False,1881476785197744128
DivN/A,divN/A,divN/A,divN/A,divN/A,divN/A,False,1857518046434197760
DivN/A,divN/A,divN/A,divN/A,divN/A,divN/A,False,1808256372943081984
DivN/A,divN/A,divN/A,divN/A,divN/A,divN/A,False,1767347021051289856
DivN/A,divN/A,divN/A,divN/A,divN/A,divN/A,False,1868662048256590080
DivN/A,divN/A,divN/A,divN/A,divN/A,divN/A,False,1802808437660884992
DivN/A,divN/A,divN/A,divN/A,divN/A,divN/A,False,1869288162255831296
DivN/A,divN/A,divN/A,divN/A,divN/A,divN/A,False,1715259820066922496
DivN/A,divN/A,divN/A,divN/A,divN/A,divN/A,False,1838276886008393984
DivN/A,divN/A,divN/A,divN/A,divN/A,divN/A,False,1717538058902335488
DivN/A,divN/A,divN/A,divN/A,divN/A,divN/A,False,1830706985379230208
DivN/A,divN/A,divN/A,divN/A,divN/A,divN/A,False,1831058279956701440
DivN/A,divN/A,divN/A,divN/A,divN/A,divN/A,False,1744522535662985216
DivN/A,divN/A,divN/A,divN/A,divN/A,divN/A,False,1754473717692846336
DivN/A,divN/A,divN/A,divN/A,divN/A,divN/A,False,1755365715073217024
DivN/A,divN/A,divN/A,divN/A,divN/A,divN/A,False,1799548698537677056
DivN/A,divN/A,divN/A,divN/A,divN/A,divN/A,False,1803122169658089472
DivN/A,divN/A,divN/A,divN/A,divN/A,divN/A,False,1839526272025707008
DivN/A,divN/A,divN/A,divN/A,divN/A,divN/A,False,1854463462249746432
DivN/A,divN/A,divN/A,divN/A,divN/A,divN/A,False,1878289872752095232
DivN/A,divN/A,divN/A,divN/A,divN/A,divN/A,False,1848280629722427904
DivN/A,divN/A,divN/A,divN/A,divN/A,divN/A,False,1853843675010228480
DivN/A,divN/A,divN/A,divN/A,divN/A,divN/A,False,1681804883345768448
DivN/A,divN/A,divN/A,divN/A,divN/A,divN/A,False,1714426083678851072
DivN/A,divN/A,divN/A,divN/A,divN/A,divN/A,False,1714348326412243200
DivN/A,divN/A,divN/A,divN/A,divN/A,divN/A,False,1714650039828820480
DivN/A,divN/A,divN/A,divN/A,divN/A,divN/A,False,1723015141506036224
DivN/A,divN/A,divN/A,divN/A,divN/A,divN/A,False,1725127580003521024
DivN/A,divN/A,divN/A,divN/A,divN/A,divN/A,False,1725258001526018560
DivN/A,divN/A,divN/A,divN/A,divN/A,divN/A,False,1727318514246279680
DivN/A,divN/A,divN/A,divN/A,divN/A,divN/A,False,1733572571914739712
DivN/A,divN/A,divN/A,divN/A,divN/A,divN/A,False,1742334850953101312
DivN/A,divN/A,divN/A,divN/A,divN/A,divN/A,False,1830978609370280448
DivN/A,divN/A,divN/A,divN/A,divN/A,divN/A,False,1848345660199751936
DivN/A,divN/A,divN/A,divN/A,divN/A,divN/A,False,1805709308572602624
DivN/A,divN/A,divN/A,divN/A,divN/A,divN/A,False,1822603746117145088
DivN/A,divN/A,divN/A,divN/A,divN/A,divN/A,False,1856294698798744064
DivN/A,divN/A,divN/A,divN/A,divN/A,divN/A,False,1835666922014126336
DivN/A,divN/A,divN/A,divN/A,divN/A,divN/A,False,1860928403224027648
DivN/A,divN/A,divN/A,divN/A,divN/A,divN/A,False,1838902105119272960
DivN/A,divN/A,divN/A,divN/A,divN/A,divN/A,False,1881780260729172224
DivN/A,divN/A,divN/A,divN/A,divN/A,divN/A,False,1855814221109313536
DivN/A,divN/A,divN/A,divN/A,divN/A,divN/A,False,1786574444724371968
DivN/A,divN/A,divN/A,divN/A,divN/A,divN/A,False,1748055661357720064
DivN/A,divN/A,divN/A,divN/A,divN/A,divN/A,False,1797113778980749312
DivN/A,divN/A,divN/A,divN/A,divN/A,divN/A,False,1771924289328959744
DivN/A,divN/A,divN/A,divN/A,divN/A,divN/A,False,1820921888454938624
DivN/A,divN/A,divN/A,divN/A,divN/A,divN/A,False,1865160362988826880
DivN/A,divN/A,divN/A,divN/A,divN/A,divN/A,False,1865519198383812864
DivN/A,divN/A,divN/A,divN/A,divN/A,divN/A,False,1772677887910367744
DivN/A,divN/A,divN/A,divN/A,divN/A,divN/A,False,1859775441541922816
DivN/A,divN/A,divN/A,divN/A,divN/A,divN/A,False,1.879204714166e+18
DivN/A,divN/A,divN/A,divN/A,divN/A,divN/A,False,1731855914162913536
DivN/A,divN/A,divN/A,divN/A,divN/A,divN/A,False,1831737846467600640
DivN/A,divN/A,divN/A,divN/A,divN/A,divN/A,False,1832473062236676096
DivN/A,divN/A,divN/A,divN/A,divN/A,divN/A,False,1846272337584562176
DivN/A,divN/A,divN/A,divN/A,divN/A,divN/A,False,1760827002507117056
DivN/A,divN/A,divN/A,divN/A,divN/A,divN/A,False,1848980467854266624
DivN/A,divN/A,divN/A,divN/A,divN/A,divN/A,False,1852413319887630848
DivN/A,divN/A,divN/A,divN/A,divN/A,divN/A,False,1880073645038641152
DivN/A,divN/A,divN/A,divN/A,divN/A,divN/A,False,1769127186340913152
DivN/A,divN/A,divN/A,divN/A,divN/A,divN/A,False,1775170209248117248
DivN/A,divN/A,divN/A,divN/A,divN/A,divN/A,False,1835321440121373184
DivN/A,divN/A,divN/A,divN/A,divN/A,divN/A,False,1835397234407436544
DivN/A,divN/A,divN/A,divN/A,divN/A,divN/A,False,1865239722450132992
DivN/A,divN/A,divN/A,divN/A,divN/A,divN/A,False,1875501188059214080
DivN/A,divN/A,divN/A,divN/A,divN/A,divN/A,False,1803996829434155264
DivN/A,divN/A,divN/A,divN/A,divN/A,divN/A,False,1783195659954499584
DivN/A,divN/A,divN/A,divN/A,divN/A,divN/A,False,1878530086162341888
DivN/A,divN/A,divN/A,divN/A,divN/A,divN/A,False,1853597000820027904
DivN/A,divN/A,divN/A,divN/A,divN/A,divN/A,False,1793054170251194880
DivN/A,divN/A,divN/A,divN/A,divN/A,divN/A,False,1806364601904185600
DivN/A,divN/A,divN/A,divN/A,divN/A,divN/A,False,1640477904839614464
DivN/A,divN/A,divN/A,divN/A,divN/A,divN/A,False,1762535637595389952
DivN/A,divN/A,divN/A,divN/A,divN/A,divN/A,False,1787496228928028672
DivN/A,divN/A,divN/A,divN/A,divN/A,divN/A,False,1849172387683525120
DivN/A,divN/A,divN/A,divN/A,divN/A,divN/A,False,1874908307850445056
DivN/A,divN/A,divN/A,divN/A,divN/A,divN/A,False,1728634295118430720
DivN/A,divN/A,divN/A,divN/A,divN/A,divN/A,False,1794837820131230208
DivN/A,divN/A,divN/A,divN/A,divN/A,divN/A,False,1864030115476426752
DivN/A,divN/A,divN/A,divN/A,divN/A,divN/A,False,1771443736028786944
DivN/A,divN/A,divN/A,divN/A,divN/A,divN/A,False,1794067838828720384
DivN/A,divN/A,divN/A,divN/A,divN/A,divN/A,False,1721585349577580800
DivN/A,divN/A,divN/A,divN/A,divN/A,divN/A,False,1805265132009717760
DivN/A,divN/A,divN/A,divN/A,divN/A,divN/A,False,1851551644355588096
DivN/A,divN/A,divN/A,divN/A,divN/A,divN/A,False,1860393880874549504
DivN/A,divN/A,divN/A,divN/A,divN/A,divN/A,False,1734202683995656192
DivN/A,divN/A,divN/A,divN/A,divN/A,divN/A,False,1878230052048863232
DivN/A,divN/A,divN/A,divN/A,divN/A,divN/A,False,1792623424893784320
DivN/A,divN/A,divN/A,divN/A,divN/A,divN/A,False,1822978718911856896
DivN/A,divN/A,divN/A,divN/A,divN/A,divN/A,False,1833003642388935168
DivN/A,divN/A,divN/A,divN/A,divN/A,divN/A,False,1810795037149757696
DivN/A,divN/A,divN/A,divN/A,divN/A,divN/A,False,1803818103400235264
DivN/A,divN/A,divN/A,divN/A,divN/A,divN/A,False,1800008254455468032
DivN/A,divN/A,divN/A,divN/A,divN/A,divN/A,False,1801108429617967360
DivN/A,divN/A,divN/A,divN/A,divN/A,divN/A,False,1863428102564815104
DivN/A,divN/A,divN/A,divN/A,divN/A,divN/A,False,1765044097855672576
DivN/A,divN/A,divN/A,divN/A,divN/A,divN/A,False,1776974117939400704
DivN/A,divN/A,divN/A,divN/A,divN/A,divN/A,False,1869199342617366784
DivN/A,divN/A,divN/A,divN/A,divN/A,divN/A,False,1877063248941392384
DivN/A,divN/A,divN/A,divN/A,divN/A,divN/A,False,1821286115212718080
DivN/A,divN/A,divN/A,divN/A,divN/A,divN/A,False,1752096118165365248
DivN/A,divN/A,divN/A,divN/A,divN/A,divN/A,False,1865611265382453760
DivN/A,divN/A,divN/A,divN/A,divN/A,divN/A,False,1879542381613355520
DivN/A,divN/A,divN/A,divN/A,divN/A,divN/A,False,1833891898315960320
DivN/A,divN/A,divN/A,divN/A,divN/A,divN/A,False,1855360946409197824
DivN/A,divN/A,divN/A,divN/A,divN/A,divN/A,False,1817410053806366976
DivN/A,divN/A,divN/A,divN/A,divN/A,divN/A,False,1693484886663811072
DivN/A,divN/A,divN/A,divN/A,divN/A,divN/A,False,1878065174155854080
DivN/A,divN/A,divN/A,divN/A,divN/A,divN/A,False,1860348974349320704
DivN/A,divN/A,divN/A,divN/A,divN/A,divN/A,False,1806734112587178240
DivN/A,divN/A,divN/A,divN/A,divN/A,divN/A,False,1874479677651497216
DivN/A,divN/A,divN/A,divN/A,divN/A,divN/A,False,1748562964225863680
DivN/A,divN/A,divN/A,divN/A,divN/A,divN/A,False,1712851530057961984
DivN/A,divN/A,divN/A,divN/A,divN/A,divN/A,False,1784203089659985920
DivN/A,divN/A,divN/A,divN/A,divN/A,divN/A,False,1847610588639186944
DivN/A,divN/A,divN/A,divN/A,divN/A,divN/A,False,1866187405050408960
DivN/A,divN/A,divN/A,divN/A,divN/A,divN/A,False,1847035228918894592
DivN/A,divN/A,divN/A,divN/A,divN/A,divN/A,False,1765773810551210240
DivN/A,divN/A,divN/A,divN/A,divN/A,divN/A,False,1806826556041642496
DivN/A,divN/A,divN/A,divN/A,divN/A,divN/A,False,1853247567456326144
DivN/A,divN/A,divN/A,divN/A,divN/A,divN/A,False,1848740744225345536
DivN/A,divN/A,divN/A,divN/A,divN/A,divN/A,False,1.742276751907e+18
DivN/A,divN/A,divN/A,divN/A,divN/A,divN/A,False,1813178013250691584
DivN/A,divN/A,divN/A,divN/A,divN/A,divN/A,False,1688050065624231936
DivN/A,divN/A,divN/A,divN/A,divN/A,divN/A,False,1863408461905547264
DivN/A,divN/A,divN/A,divN/A,divN/A,divN/A,False,1847703087697580544
DivN/A,divN/A,divN/A,divN/A,divN/A,divN/A,False,1782089703568613888
DivN/A,divN/A,divN/A,divN/A,divN/A,divN/A,False,1746789759177940992
DivN/A,divN/A,divN/A,divN/A,divN/A,divN/A,False,1728268149517177344
DivN/A,divN/A,divN/A,divN/A,divN/A,divN/A,False,1838359406976590080
DivN/A,divN/A,divN/A,divN/A,divN/A,divN/A,False,1845868462796603392
DivN/A,divN/A,divN/A,divN/A,divN/A,divN/A,False,1849476477554721280
DivN/A,divN/A,divN/A,divN/A,divN/A,divN/A,False,1864864992702431744
DivN/A,divN/A,divN/A,divN/A,divN/A,divN/A,False,1812683731208990976
DivN/A,divN/A,divN/A,divN/A,divN/A,divN/A,False,1882015054960414976
DivN/A,divN/A,divN/A,divN/A,divN/A,divN/A,False,1823009057630011392
DivN/A,divN/A,divN/A,divN/A,divN/A,divN/A,False,1860430056851399168
DivN/A,divN/A,divN/A,divN/A,divN/A,divN/A,False,1809181936902099200
DivN/A,divN/A,divN/A,divN/A,divN/A,divN/A,False,1828388190761144576
DivN/A,divN/A,divN/A,divN/A,divN/A,divN/A,False,1853559741546459136
DivN/A,divN/A,divN/A,divN/A,divN/A,divN/A,False,1822773713403535872
DivN/A,divN/A,divN/A,divN/A,divN/A,divN/A,False,1741813874473496576
DivN/A,divN/A,divN/A,divN/A,divN/A,divN/A,False,1817735237679665152
DivN/A,divN/A,divN/A,divN/A,divN/A,divN/A,False,1861204723887677696
DivN/A,divN/A,divN/A,divN/A,divN/A,divN/A,False,1775134863789560320
DivN/A,divN/A,divN/A,divN/A,divN/A,divN/A,False,1733512114046685440
DivN/A,divN/A,divN/A,divN/A,divN/A,divN/A,False,1761367976840683776
DivN/A,divN/A,divN/A,divN/A,divN/A,divN/A,False,1848823347037278464
DivN/A,divN/A,divN/A,divN/A,divN/A,divN/A,False,1854790993175777536
DivN/A,divN/A,divN/A,divN/A,divN/A,divN/A,False,1784306380439953920
DivN/A,divN/A,divN/A,divN/A,divN/A,divN/A,False,1719295386815197440
DivN/A,divN/A,divN/A,divN/A,divN/A,divN/A,False,1758347316560343296
DivN/A,divN/A,divN/A,divN/A,divN/A,divN/A,False,1759881579432722944
DivN/A,divN/A,divN/A,divN/A,divN/A,divN/A,False,1801741806410912000
DivN/A,divN/A,divN/A,divN/A,divN/A,divN/A,False,1858141263415116288
DivN/A,divN/A,divN/A,divN/A,divN/A,divN/A,False,1847575097714102784
DivN/A,divN/A,divN/A,divN/A,divN/A,divN/A,False,1851546555171610880
DivN/A,divN/A,divN/A,divN/A,divN/A,divN/A,False,1876994486330421760
DivN/A,divN/A,divN/A,divN/A,divN/A,divN/A,False,1795492501735801344
DivN/A,divN/A,divN/A,divN/A,divN/A,divN/A,False,1878651890453656064
DivN/A,divN/A,divN/A,divN/A,divN/A,divN/A,False,1778296742850576640
DivN/A,divN/A,divN/A,divN/A,divN/A,divN/A,False,1796688148199833856
DivN/A,divN/A,divN/A,divN/A,divN/A,divN/A,False,1878727092147462400
DivN/A,divN/A,divN/A,divN/A,divN/A,divN/A,False,1864616004510253568
DivN/A,divN/A,divN/A,divN/A,divN/A,divN/A,False,1819762698948944384
DivN/A,divN/A,divN/A,divN/A,divN/A,divN/A,False,1822750807634145536
DivN/A,divN/A,divN/A,divN/A,divN/A,divN/A,False,1.823140430722e+18
DivN/A,divN/A,divN/A,divN/A,divN/A,divN/A,False,1783224425074086400
DivN/A,divN/A,divN/A,divN/A,divN/A,divN/A,False,1840397236418626048
DivN/A,divN/A,divN/A,divN/A,divN/A,divN/A,False,1877340525503643648
DivN/A,divN/A,divN/A,divN/A,divN/A,divN/A,False,1819500942393237760
DivN/A,divN/A,divN/A,divN/A,divN/A,divN/A,False,1746555322150400256
DivN/A,divN/A,divN/A,divN/A,divN/A,divN/A,False,1857861242225836032
DivN/A,divN/A,divN/A,divN/A,divN/A,divN/A,False,1772322735298900480
DivN/A,divN/A,divN/A,divN/A,divN/A,divN/A,False,1835309131269382400
DivN/A,divN/A,divN/A,divN/A,divN/A,divN/A,False,1812585214369050880
DivN/A,divN/A,divN/A,divN/A,divN/A,divN/A,False,1860398196683321344
DivN/A,divN/A,divN/A,divN/A,divN/A,divN/A,False,1842632034230944000
DivN/A,divN/A,divN/A,divN/A,divN/A,divN/A,False,1843447413824209408
DivN/A,divN/A,divN/A,divN/A,divN/A,divN/A,False,1875654611534811136
DivN/A,divN/A,divN/A,divN/A,divN/A,divN/A,False,1878009896832049152
DivN/A,divN/A,divN/A,divN/A,divN/A,divN/A,False,1846861149339344896
DivN/A,divN/A,divN/A,divN/A,divN/A,divN/A,False,1850998058244587776
DivN/A,divN/A,divN/A,divN/A,divN/A,divN/A,False,1854052624259055616
DivN/A,divN/A,divN/A,divN/A,divN/A,divN/A,False,1855737028043772160
DivN/A,divN/A,divN/A,divN/A,divN/A,divN/A,False,1870864954376741120
DivN/A,divN/A,divN/A,divN/A,divN/A,divN/A,False,1828807357306146816
DivN/A,divN/A,divN/A,divN/A,divN/A,divN/A,False,1.84122216372e+18
DivN/A,divN/A,divN/A,divN/A,divN/A,divN/A,False,1753584221329687040
DivN/A,divN/A,divN/A,divN/A,divN/A,divN/A,False,1757067544697970944
DivN/A,divN/A,divN/A,divN/A,divN/A,divN/A,False,1778445403651731968
DivN/A,divN/A,divN/A,divN/A,divN/A,divN/A,False,1832504561602351616
DivN/A,divN/A,divN/A,divN/A,divN/A,divN/A,False,1800145342090088704
DivN/A,divN/A,divN/A,divN/A,divN/A,divN/A,False,1817207927788482560
DivN/A,divN/A,divN/A,divN/A,divN/A,divN/A,False,1831413475039723776
DivN/A,divN/A,divN/A,divN/A,divN/A,divN/A,False,1880789008869212416
DivN/A,divN/A,divN/A,divN/A,divN/A,divN/A,False,1852439354909843456
DivN/A,divN/A,divN/A,divN/A,divN/A,divN/A,False,1767594353516552192
DivN/A,divN/A,divN/A,divN/A,divN/A,divN/A,False,1868740436128678144
DivN/A,divN/A,divN/A,divN/A,divN/A,divN/A,False,1815159594529808640
DivN/A,divN/A,divN/A,divN/A,divN/A,divN/A,False,1734978853917909504
DivN/A,divN/A,divN/A,divN/A,divN/A,divN/A,False,1793910174639608064
DivN/A,divN/A,divN/A,divN/A,divN/A,divN/A,False,1875892339971101184
DivN/A,divN/A,divN/A,divN/A,divN/A,divN/A,False,1797282579776675840
DivN/A,divN/A,divN/A,divN/A,divN/A,divN/A,False,1857147105850302464
DivN/A,divN/A,divN/A,divN/A,divN/A,divN/A,False,1737567045384831488
DivN/A,divN/A,divN/A,divN/A,divN/A,divN/A,False,1798935582783225856
DivN/A,divN/A,divN/A,divN/A,divN/A,divN/A,False,1812377883991499264
DivN/A,divN/A,divN/A,divN/A,divN/A,divN/A,False,1765950131159859200
DivN/A,divN/A,divN/A,divN/A,divN/A,divN/A,False,1793008987102965760
DivN/A,divN/A,divN/A,divN/A,divN/A,divN/A,False,1807793337509785856
DivN/A,divN/A,divN/A,divN/A,divN/A,divN/A,False,1851765783937917440
DivN/A,divN/A,divN/A,divN/A,divN/A,divN/A,False,1881432438746042368
DivN/A,divN/A,divN/A,divN/A,divN/A,divN/A,False,1839641097175265536
DivN/A,divN/A,divN/A,divN/A,divN/A,divN/A,False,1837943677031010816
DivN/A,divN/A,divN/A,divN/A,divN/A,divN/A,False,1820593211179778560
DivN/A,divN/A,divN/A,divN/A,divN/A,divN/A,False,1786653524295667712
DivN/A,divN/A,divN/A,divN/A,divN/A,divN/A,False,1782486120871105024
DivN/A,divN/A,divN/A,divN/A,divN/A,divN/A,False,1733185471172210688
DivN/A,divN/A,divN/A,divN/A,divN/A,divN/A,False,1813838400706822400
DivN/A,divN/A,divN/A,divN/A,divN/A,divN/A,False,1835049489545281536
DivN/A,divN/A,divN/A,divN/A,divN/A,divN/A,False,1732031118575088128
DivN/A,divN/A,divN/A,divN/A,divN/A,divN/A,False,1759583248617799936
DivN/A,divN/A,divN/A,divN/A,divN/A,divN/A,False,1770126035788665344
DivN/A,divN/A,divN/A,divN/A,divN/A,divN/A,False,1841648255790178816
DivN/A,divN/A,divN/A,divN/A,divN/A,divN/A,False,1799107067845980160
"Texas Gov Abbott has installed circular saws between the Rio Grande border buoys to maim or kill anyone who attempts to climb over. Two bodies have already been found trapped in the floating barrier.

He wants more migrants to die.",25.7M,10K,15K,23K,2K,False,1688976652234371072
DivN/A,divN/A,divN/A,divN/A,divN/A,divN/A,False,1720199123385639424
DivN/A,divN/A,divN/A,divN/A,divN/A,divN/A,False,1805618521222586624
DivN/A,divN/A,divN/A,divN/A,divN/A,divN/A,False,1795481563129594368
DivN/A,divN/A,divN/A,divN/A,divN/A,divN/A,False,1824435003184517376
DivN/A,divN/A,divN/A,divN/A,divN/A,divN/A,False,1844019735715033344
DivN/A,divN/A,divN/A,divN/A,divN/A,divN/A,False,1863674467433508864
DivN/A,divN/A,divN/A,divN/A,divN/A,divN/A,False,1836443115827446016
DivN/A,divN/A,divN/A,divN/A,divN/A,divN/A,False,1843532697727316224
DivN/A,divN/A,divN/A,divN/A,divN/A,divN/A,False,1849445004311470080
DivN/A,divN/A,divN/A,divN/A,divN/A,divN/A,False,1791437095338414080
DivN/A,divN/A,divN/A,divN/A,divN/A,divN/A,False,1867876687423422720
DivN/A,divN/A,divN/A,divN/A,divN/A,divN/A,False,1862743838105755904
DivN/A,divN/A,divN/A,divN/A,divN/A,divN/A,False,1734940445824937984
DivN/A,divN/A,divN/A,divN/A,divN/A,divN/A,False,1741472362686566656
DivN/A,divN/A,divN/A,divN/A,divN/A,divN/A,False,1776968080432009728
DivN/A,divN/A,divN/A,divN/A,divN/A,divN/A,False,1.742202839878e+18
DivN/A,divN/A,divN/A,divN/A,divN/A,divN/A,False,1773361637879074816
DivN/A,divN/A,divN/A,divN/A,divN/A,divN/A,False,1845368068337197568
DivN/A,divN/A,divN/A,divN/A,divN/A,divN/A,False,1879304926087811584
DivN/A,divN/A,divN/A,divN/A,divN/A,divN/A,False,1823352824689836032
DivN/A,divN/A,divN/A,divN/A,divN/A,divN/A,False,1827062042139791616
DivN/A,divN/A,divN/A,divN/A,divN/A,divN/A,False,1819083423077880320
DivN/A,divN/A,divN/A,divN/A,divN/A,divN/A,False,1738159069850968576
DivN/A,divN/A,divN/A,divN/A,divN/A,divN/A,False,1761082682946044160
DivN/A,divN/A,divN/A,divN/A,divN/A,divN/A,False,1722631667335225600
DivN/A,divN/A,divN/A,divN/A,divN/A,divN/A,False,1839380091488596224
DivN/A,divN/A,divN/A,divN/A,divN/A,divN/A,False,1861420899049644544
DivN/A,divN/A,divN/A,divN/A,divN/A,divN/A,False,1767927723362497024
DivN/A,divN/A,divN/A,divN/A,divN/A,divN/A,False,1852315163094827008
DivN/A,divN/A,divN/A,divN/A,divN/A,divN/A,False,1807111108307603968
DivN/A,divN/A,divN/A,divN/A,divN/A,divN/A,False,1853079718850883840
DivN/A,divN/A,divN/A,divN/A,divN/A,divN/A,False,1854729796363653120
DivN/A,divN/A,divN/A,divN/A,divN/A,divN/A,False,1854881612455944704
DivN/A,divN/A,divN/A,divN/A,divN/A,divN/A,False,1854347577556164864
DivN/A,divN/A,divN/A,divN/A,divN/A,divN/A,False,1840976241522065664
DivN/A,divN/A,divN/A,divN/A,divN/A,divN/A,False,1849138291838231040
DivN/A,divN/A,divN/A,divN/A,divN/A,divN/A,False,1850738414800474624
DivN/A,divN/A,divN/A,divN/A,divN/A,divN/A,False,1852852593568973056
DivN/A,divN/A,divN/A,divN/A,divN/A,divN/A,False,1853389430179938560
DivN/A,divN/A,divN/A,divN/A,divN/A,divN/A,False,1870290775432683520
DivN/A,divN/A,divN/A,divN/A,divN/A,divN/A,False,1796523184319246336
DivN/A,divN/A,divN/A,divN/A,divN/A,divN/A,False,1714709247685263360
DivN/A,divN/A,divN/A,divN/A,divN/A,divN/A,False,1835004901539430656
DivN/A,divN/A,divN/A,divN/A,divN/A,divN/A,False,1870781463588934144
DivN/A,divN/A,divN/A,divN/A,divN/A,divN/A,False,1867884606952964096
DivN/A,divN/A,divN/A,divN/A,divN/A,divN/A,False,1862506930193019136
DivN/A,divN/A,divN/A,divN/A,divN/A,divN/A,False,1674789076770377728
DivN/A,divN/A,divN/A,divN/A,divN/A,divN/A,False,1795604811062407424
DivN/A,divN/A,divN/A,divN/A,divN/A,divN/A,False,1848722234807898112
DivN/A,divN/A,divN/A,divN/A,divN/A,divN/A,False,1876046481280676096
DivN/A,divN/A,divN/A,divN/A,divN/A,divN/A,False,1714062831627227136
DivN/A,divN/A,divN/A,divN/A,divN/A,divN/A,False,1800051806216577536
DivN/A,divN/A,divN/A,divN/A,divN/A,divN/A,False,1845643391473778944
DivN/A,divN/A,divN/A,divN/A,divN/A,divN/A,False,1879653816729309696
DivN/A,divN/A,divN/A,divN/A,divN/A,divN/A,False,1828689267234656768
DivN/A,divN/A,divN/A,divN/A,divN/A,divN/A,False,1875319351097880576
DivN/A,divN/A,divN/A,divN/A,divN/A,divN/A,False,1857493807496929536
DivN/A,divN/A,divN/A,divN/A,divN/A,divN/A,False,1797774453935677696
DivN/A,divN/A,divN/A,divN/A,divN/A,divN/A,False,1858706768592851456
DivN/A,divN/A,divN/A,divN/A,divN/A,divN/A,False,1853436946124574976
DivN/A,divN/A,divN/A,divN/A,divN/A,divN/A,False,1872379550979796992
DivN/A,divN/A,divN/A,divN/A,divN/A,divN/A,False,1881342025855070720
DivN/A,divN/A,divN/A,divN/A,divN/A,divN/A,False,1750624007546606080
DivN/A,divN/A,divN/A,divN/A,divN/A,divN/A,False,1782353668416958464
DivN/A,divN/A,divN/A,divN/A,divN/A,divN/A,False,1808859843287036160
DivN/A,divN/A,divN/A,divN/A,divN/A,divN/A,False,1844576825701175808
DivN/A,divN/A,divN/A,divN/A,divN/A,divN/A,False,1826329904293839104
DivN/A,divN/A,divN/A,divN/A,divN/A,divN/A,False,1756305860710539776
DivN/A,divN/A,divN/A,divN/A,divN/A,divN/A,False,1874836518306726400
"I’ve been taken through 2 Medical Boards; The Medical Board for Patient Safety and the Medical Board for Medical Ethics. For speaking the truth in my personal life! Living up to my Hippocratic Oath, giving people the Informed Consent they are missing. What has the world come to?",viewsN/A,17K,15K,76K,1.8K,False,1517787866889428992
DivN/A,divN/A,divN/A,divN/A,divN/A,divN/A,False,1751646276247080960
DivN/A,divN/A,divN/A,divN/A,divN/A,divN/A,False,1817132220210872576
DivN/A,divN/A,divN/A,divN/A,divN/A,divN/A,False,1847551467562885376
DivN/A,divN/A,divN/A,divN/A,divN/A,divN/A,False,1848917477100818944
DivN/A,divN/A,divN/A,divN/A,divN/A,divN/A,False,1715371226116370432
DivN/A,divN/A,divN/A,divN/A,divN/A,divN/A,False,1816504569410818560
DivN/A,divN/A,divN/A,divN/A,divN/A,divN/A,False,1818453433969459200
DivN/A,divN/A,divN/A,divN/A,divN/A,divN/A,False,1780177823602180608
DivN/A,divN/A,divN/A,divN/A,divN/A,divN/A,False,1777688964880617472
DivN/A,divN/A,divN/A,divN/A,divN/A,divN/A,False,1819393683751313920
DivN/A,divN/A,divN/A,divN/A,divN/A,divN/A,False,1794481862943052288
DivN/A,divN/A,divN/A,divN/A,divN/A,divN/A,False,1853658441308377344
DivN/A,divN/A,divN/A,divN/A,divN/A,divN/A,False,1856962072757621248
DivN/A,divN/A,divN/A,divN/A,divN/A,divN/A,False,1862032420532600832
DivN/A,divN/A,divN/A,divN/A,divN/A,divN/A,False,1848837314346111488
DivN/A,divN/A,divN/A,divN/A,divN/A,divN/A,False,1861463959561269504
DivN/A,divN/A,divN/A,divN/A,divN/A,divN/A,False,1880954662565904640
DivN/A,divN/A,divN/A,divN/A,divN/A,divN/A,False,1749509289998266624
DivN/A,divN/A,divN/A,divN/A,divN/A,divN/A,False,1758976951744897280
DivN/A,divN/A,divN/A,divN/A,divN/A,divN/A,False,1767226465966244096
DivN/A,divN/A,divN/A,divN/A,divN/A,divN/A,False,1713354145879486720
DivN/A,divN/A,divN/A,divN/A,divN/A,divN/A,False,1835736905541120256
DivN/A,divN/A,divN/A,divN/A,divN/A,divN/A,False,1867677154042888192
DivN/A,divN/A,divN/A,divN/A,divN/A,divN/A,False,1715406957736038400
DivN/A,divN/A,divN/A,divN/A,divN/A,divN/A,False,1864489906296508928
DivN/A,divN/A,divN/A,divN/A,divN/A,divN/A,False,1819080702002188800
DivN/A,divN/A,divN/A,divN/A,divN/A,divN/A,False,1.821947460522e+18
DivN/A,divN/A,divN/A,divN/A,divN/A,divN/A,False,1846679320896721408
DivN/A,divN/A,divN/A,divN/A,divN/A,divN/A,False,1849889802419831296
DivN/A,divN/A,divN/A,divN/A,divN/A,divN/A,False,1861279224474087680
DivN/A,divN/A,divN/A,divN/A,divN/A,divN/A,False,1844804813592367104
DivN/A,divN/A,divN/A,divN/A,divN/A,divN/A,False,1861801046949191680
DivN/A,divN/A,divN/A,divN/A,divN/A,divN/A,False,1882099687836323840
DivN/A,divN/A,divN/A,divN/A,divN/A,divN/A,False,1846973288213332480
DivN/A,divN/A,divN/A,divN/A,divN/A,divN/A,False,1813633199169581056
DivN/A,divN/A,divN/A,divN/A,divN/A,divN/A,False,1.858332146257e+18
DivN/A,divN/A,divN/A,divN/A,divN/A,divN/A,False,1764023644479541504
DivN/A,divN/A,divN/A,divN/A,divN/A,divN/A,False,1729485394826207232
DivN/A,divN/A,divN/A,divN/A,divN/A,divN/A,False,1842332395632234496
DivN/A,divN/A,divN/A,divN/A,divN/A,divN/A,False,1725976126294553088
DivN/A,divN/A,divN/A,divN/A,divN/A,divN/A,False,1737146937797657088
DivN/A,divN/A,divN/A,divN/A,divN/A,divN/A,False,1812282786419752960
DivN/A,divN/A,divN/A,divN/A,divN/A,divN/A,False,1850290875026260224
DivN/A,divN/A,divN/A,divN/A,divN/A,divN/A,False,1832396639492833536
DivN/A,divN/A,divN/A,divN/A,divN/A,divN/A,False,1852366696452935936
DivN/A,divN/A,divN/A,divN/A,divN/A,divN/A,False,1852864205369798656
DivN/A,divN/A,divN/A,divN/A,divN/A,divN/A,False,1856823771543326720
DivN/A,divN/A,divN/A,divN/A,divN/A,divN/A,False,1820347660538204416
DivN/A,divN/A,divN/A,divN/A,divN/A,divN/A,False,1777997405184557056
DivN/A,divN/A,divN/A,divN/A,divN/A,divN/A,False,1836162770066378752
DivN/A,divN/A,divN/A,divN/A,divN/A,divN/A,False,1714371254617022720
DivN/A,divN/A,divN/A,divN/A,divN/A,divN/A,False,1841186510164349184
DivN/A,divN/A,divN/A,divN/A,divN/A,divN/A,False,1878868497759154176
DivN/A,divN/A,divN/A,divN/A,divN/A,divN/A,False,1815465668567007232
DivN/A,divN/A,divN/A,divN/A,divN/A,divN/A,False,1860771593682817280
DivN/A,divN/A,divN/A,divN/A,divN/A,divN/A,False,1775833043439321344
DivN/A,divN/A,divN/A,divN/A,divN/A,divN/A,False,1872536582374466048
DivN/A,divN/A,divN/A,divN/A,divN/A,divN/A,False,1873372324365480448
DivN/A,divN/A,divN/A,divN/A,divN/A,divN/A,False,1846684026267930880
DivN/A,divN/A,divN/A,divN/A,divN/A,divN/A,False,1814361250010374400
DivN/A,divN/A,divN/A,divN/A,divN/A,divN/A,False,1819525666695795200
DivN/A,divN/A,divN/A,divN/A,divN/A,divN/A,False,1695162051075723520
DivN/A,divN/A,divN/A,divN/A,divN/A,divN/A,False,1835509790144917760
DivN/A,divN/A,divN/A,divN/A,divN/A,divN/A,False,1780052452374384640
DivN/A,divN/A,divN/A,divN/A,divN/A,divN/A,False,1704204930293092352
DivN/A,divN/A,divN/A,divN/A,divN/A,divN/A,False,1818474522124992512
DivN/A,divN/A,divN/A,divN/A,divN/A,divN/A,False,1818898308468740096
DivN/A,divN/A,divN/A,divN/A,divN/A,divN/A,False,1826332556846862336
DivN/A,divN/A,divN/A,divN/A,divN/A,divN/A,False,1840772362209251584
DivN/A,divN/A,divN/A,divN/A,divN/A,divN/A,False,1853591582424916480
DivN/A,divN/A,divN/A,divN/A,divN/A,divN/A,False,1855416391937179648
DivN/A,divN/A,divN/A,divN/A,divN/A,divN/A,False,1818990080821772544
DivN/A,divN/A,divN/A,divN/A,divN/A,divN/A,False,1732091542397985024
DivN/A,divN/A,divN/A,divN/A,divN/A,divN/A,False,1813627378297451008
DivN/A,divN/A,divN/A,divN/A,divN/A,divN/A,False,1659213336318447616
DivN/A,divN/A,divN/A,divN/A,divN/A,divN/A,False,1845526014686118400
DivN/A,divN/A,divN/A,divN/A,divN/A,divN/A,False,1742730688724336896
DivN/A,divN/A,divN/A,divN/A,divN/A,divN/A,False,1736531398209520128
DivN/A,divN/A,divN/A,divN/A,divN/A,divN/A,False,1777280690708435200
DivN/A,divN/A,divN/A,divN/A,divN/A,divN/A,False,1840421090188767744
DivN/A,divN/A,divN/A,divN/A,divN/A,divN/A,False,1799917922158063616
DivN/A,divN/A,divN/A,divN/A,divN/A,divN/A,False,1824100040064815360
DivN/A,divN/A,divN/A,divN/A,divN/A,divN/A,False,1847984248092762624
DivN/A,divN/A,divN/A,divN/A,divN/A,divN/A,False,1751958371627065600
DivN/A,divN/A,divN/A,divN/A,divN/A,divN/A,False,1821106699052163584
DivN/A,divN/A,divN/A,divN/A,divN/A,divN/A,False,1839943319079490048
DivN/A,divN/A,divN/A,divN/A,divN/A,divN/A,False,1860099746653962496
DivN/A,divN/A,divN/A,divN/A,divN/A,divN/A,False,1816210203408294400
DivN/A,divN/A,divN/A,divN/A,divN/A,divN/A,False,1786826907297906688
DivN/A,divN/A,divN/A,divN/A,divN/A,divN/A,False,1824933394335117824
DivN/A,divN/A,divN/A,divN/A,divN/A,divN/A,False,1677061896317353984
DivN/A,divN/A,divN/A,divN/A,divN/A,divN/A,False,1841884156760072192
DivN/A,divN/A,divN/A,divN/A,divN/A,divN/A,False,1847508731858214912
DivN/A,divN/A,divN/A,divN/A,divN/A,divN/A,False,1784891653121303040
DivN/A,divN/A,divN/A,divN/A,divN/A,divN/A,False,1844113704746615296
DivN/A,divN/A,divN/A,divN/A,divN/A,divN/A,False,1819139885057429760
DivN/A,divN/A,divN/A,divN/A,divN/A,divN/A,False,1834986035195133952
DivN/A,divN/A,divN/A,divN/A,divN/A,divN/A,False,1877048992850117120
DivN/A,divN/A,divN/A,divN/A,divN/A,divN/A,False,1882155180571181056
DivN/A,divN/A,divN/A,divN/A,divN/A,divN/A,False,1831431939569676800
DivN/A,divN/A,divN/A,divN/A,divN/A,divN/A,False,1818376386421424384
DivN/A,divN/A,divN/A,divN/A,divN/A,divN/A,False,1833947599155626240
DivN/A,divN/A,divN/A,divN/A,divN/A,divN/A,False,1751832160011534336
DivN/A,divN/A,divN/A,divN/A,divN/A,divN/A,False,1858199383881453824
DivN/A,divN/A,divN/A,divN/A,divN/A,divN/A,False,1878208376334602240
DivN/A,divN/A,divN/A,divN/A,divN/A,divN/A,False,1842143089214853376
DivN/A,divN/A,divN/A,divN/A,divN/A,divN/A,False,1849644824745353216
DivN/A,divN/A,divN/A,divN/A,divN/A,divN/A,False,1793843453371265280
DivN/A,divN/A,divN/A,divN/A,divN/A,divN/A,False,1731690177439875072
DivN/A,divN/A,divN/A,divN/A,divN/A,divN/A,False,1866148227927650304
DivN/A,divN/A,divN/A,divN/A,divN/A,divN/A,False,1774134500923945216
DivN/A,divN/A,divN/A,divN/A,divN/A,divN/A,False,1.822385086849e+18
DivN/A,divN/A,divN/A,divN/A,divN/A,divN/A,False,1692221165664678400
DivN/A,divN/A,divN/A,divN/A,divN/A,divN/A,False,1803003818700865536
DivN/A,divN/A,divN/A,divN/A,divN/A,divN/A,False,1838765714016256256
DivN/A,divN/A,divN/A,divN/A,divN/A,divN/A,False,1792791778959192064
DivN/A,divN/A,divN/A,divN/A,divN/A,divN/A,False,1765410763311825408
DivN/A,divN/A,divN/A,divN/A,divN/A,divN/A,False,1805378691071099136
DivN/A,divN/A,divN/A,divN/A,divN/A,divN/A,False,1828955755237564416
DivN/A,divN/A,divN/A,divN/A,divN/A,divN/A,False,1781111489924858368
DivN/A,divN/A,divN/A,divN/A,divN/A,divN/A,False,1790097233485906176
DivN/A,divN/A,divN/A,divN/A,divN/A,divN/A,False,1787502828216271104
DivN/A,divN/A,divN/A,divN/A,divN/A,divN/A,False,1745371119316587008
DivN/A,divN/A,divN/A,divN/A,divN/A,divN/A,False,1847650696025546752
DivN/A,divN/A,divN/A,divN/A,divN/A,divN/A,False,1844783346687037696
DivN/A,divN/A,divN/A,divN/A,divN/A,divN/A,False,1852728485913010688
DivN/A,divN/A,divN/A,divN/A,divN/A,divN/A,False,1880474881365807616
DivN/A,divN/A,divN/A,divN/A,divN/A,divN/A,False,1782395680431984896
DivN/A,divN/A,divN/A,divN/A,divN/A,divN/A,False,1849146123753071104
DivN/A,divN/A,divN/A,divN/A,divN/A,divN/A,False,1848167768270487552
DivN/A,divN/A,divN/A,divN/A,divN/A,divN/A,False,1643385114997522432
"I’m a Gen Z voter, and I’d happily vote for President Biden again in 2024.",viewsN/A,21K,4.4K,22K,135,False,1597411690630762496
DivN/A,divN/A,divN/A,divN/A,divN/A,divN/A,False,1652324033034067968
DivN/A,divN/A,divN/A,divN/A,divN/A,divN/A,False,1810644075202413056
DivN/A,divN/A,divN/A,divN/A,divN/A,divN/A,False,1807203210181873920
DivN/A,divN/A,divN/A,divN/A,divN/A,divN/A,False,1847260235599168000
DivN/A,divN/A,divN/A,divN/A,divN/A,divN/A,False,1880337824718704896
DivN/A,divN/A,divN/A,divN/A,divN/A,divN/A,False,1851311033178341888
DivN/A,divN/A,divN/A,divN/A,divN/A,divN/A,False,1804145758687330816
DivN/A,divN/A,divN/A,divN/A,divN/A,divN/A,False,1780309115106992640
DivN/A,divN/A,divN/A,divN/A,divN/A,divN/A,False,1845789179185082624
DivN/A,divN/A,divN/A,divN/A,divN/A,divN/A,False,1871109813503246848
DivN/A,divN/A,divN/A,divN/A,divN/A,divN/A,False,1878284671974281216
DivN/A,divN/A,divN/A,divN/A,divN/A,divN/A,False,1823890567673057536
DivN/A,divN/A,divN/A,divN/A,divN/A,divN/A,False,1735856491775824384
DivN/A,divN/A,divN/A,divN/A,divN/A,divN/A,False,1780352964705615872
DivN/A,divN/A,divN/A,divN/A,divN/A,divN/A,False,1785863393846366464
DivN/A,divN/A,divN/A,divN/A,divN/A,divN/A,False,1807496157091738112
DivN/A,divN/A,divN/A,divN/A,divN/A,divN/A,False,1817861716803260928
DivN/A,divN/A,divN/A,divN/A,divN/A,divN/A,False,1854546566758981632
DivN/A,divN/A,divN/A,divN/A,divN/A,divN/A,False,1878976235214348544
DivN/A,divN/A,divN/A,divN/A,divN/A,divN/A,False,1875607414889968128
DivN/A,divN/A,divN/A,divN/A,divN/A,divN/A,False,1856600721438753280
DivN/A,divN/A,divN/A,divN/A,divN/A,divN/A,False,1772457254609916160
DivN/A,divN/A,divN/A,divN/A,divN/A,divN/A,False,1880050182383173632
DivN/A,divN/A,divN/A,divN/A,divN/A,divN/A,False,1871271234073411840
DivN/A,divN/A,divN/A,divN/A,divN/A,divN/A,False,1833181814619251200
DivN/A,divN/A,divN/A,divN/A,divN/A,divN/A,False,1778552571634073856
DivN/A,divN/A,divN/A,divN/A,divN/A,divN/A,False,1731894227049611520
DivN/A,divN/A,divN/A,divN/A,divN/A,divN/A,False,1694773170929078272
DivN/A,divN/A,divN/A,divN/A,divN/A,divN/A,False,1743798099095474176
DivN/A,divN/A,divN/A,divN/A,divN/A,divN/A,False,1745101563386106368
DivN/A,divN/A,divN/A,divN/A,divN/A,divN/A,False,1746926238784975104
DivN/A,divN/A,divN/A,divN/A,divN/A,divN/A,False,1765498437317939200
DivN/A,divN/A,divN/A,divN/A,divN/A,divN/A,False,1715456929211044096
DivN/A,divN/A,divN/A,divN/A,divN/A,divN/A,False,1846060649983414784
DivN/A,divN/A,divN/A,divN/A,divN/A,divN/A,False,1815384641655783424
DivN/A,divN/A,divN/A,divN/A,divN/A,divN/A,False,1717320024715632896
DivN/A,divN/A,divN/A,divN/A,divN/A,divN/A,False,1742281180873916928
DivN/A,divN/A,divN/A,divN/A,divN/A,divN/A,False,1801997105122222336
DivN/A,divN/A,divN/A,divN/A,divN/A,divN/A,False,1851065668956983808
DivN/A,divN/A,divN/A,divN/A,divN/A,divN/A,False,1879000485077921792
DivN/A,divN/A,divN/A,divN/A,divN/A,divN/A,False,1812502038783152640
DivN/A,divN/A,divN/A,divN/A,divN/A,divN/A,False,1767153038832099584
DivN/A,divN/A,divN/A,divN/A,divN/A,divN/A,False,1874663154803671296
DivN/A,divN/A,divN/A,divN/A,divN/A,divN/A,False,1839789706336461056
DivN/A,divN/A,divN/A,divN/A,divN/A,divN/A,False,1771437100744733184
DivN/A,divN/A,divN/A,divN/A,divN/A,divN/A,False,1771359295902253056
DivN/A,divN/A,divN/A,divN/A,divN/A,divN/A,False,1780293078978285824
DivN/A,divN/A,divN/A,divN/A,divN/A,divN/A,False,1812290893312901120
DivN/A,divN/A,divN/A,divN/A,divN/A,divN/A,False,1818080079655874816
DivN/A,divN/A,divN/A,divN/A,divN/A,divN/A,False,1759940409533321216
DivN/A,divN/A,divN/A,divN/A,divN/A,divN/A,False,1807129668820042240
DivN/A,divN/A,divN/A,divN/A,divN/A,divN/A,False,1745490760986976768
DivN/A,divN/A,divN/A,divN/A,divN/A,divN/A,False,1817138441060061696
DivN/A,divN/A,divN/A,divN/A,divN/A,divN/A,False,1874209852698092032
DivN/A,divN/A,divN/A,divN/A,divN/A,divN/A,False,1757116265175335424
DivN/A,divN/A,divN/A,divN/A,divN/A,divN/A,False,1814748408998924544
DivN/A,divN/A,divN/A,divN/A,divN/A,divN/A,False,1704734490528973056
DivN/A,divN/A,divN/A,divN/A,divN/A,divN/A,False,1834269550785036800
DivN/A,divN/A,divN/A,divN/A,divN/A,divN/A,False,1794234233382416896
DivN/A,divN/A,divN/A,divN/A,divN/A,divN/A,False,1812256814370586880
DivN/A,divN/A,divN/A,divN/A,divN/A,divN/A,False,1862414221843341312
DivN/A,divN/A,divN/A,divN/A,divN/A,divN/A,False,1756953908835230208
DivN/A,divN/A,divN/A,divN/A,divN/A,divN/A,False,1773027522868875520
DivN/A,divN/A,divN/A,divN/A,divN/A,divN/A,False,1863512485602767104
DivN/A,divN/A,divN/A,divN/A,divN/A,divN/A,False,1743101390313095424
DivN/A,divN/A,divN/A,divN/A,divN/A,divN/A,False,1740469334734979072
DivN/A,divN/A,divN/A,divN/A,divN/A,divN/A,False,1833679787094651136
DivN/A,divN/A,divN/A,divN/A,divN/A,divN/A,False,1817476198995247360
DivN/A,divN/A,divN/A,divN/A,divN/A,divN/A,False,1861896177236816384
DivN/A,divN/A,divN/A,divN/A,divN/A,divN/A,False,1845143643142881280
DivN/A,divN/A,divN/A,divN/A,divN/A,divN/A,False,1854047363142140416
DivN/A,divN/A,divN/A,divN/A,divN/A,divN/A,False,1855937632301154304
DivN/A,divN/A,divN/A,divN/A,divN/A,divN/A,False,1815131349331956224
DivN/A,divN/A,divN/A,divN/A,divN/A,divN/A,False,1850404170932551680
DivN/A,divN/A,divN/A,divN/A,divN/A,divN/A,False,1817391683413127680
DivN/A,divN/A,divN/A,divN/A,divN/A,divN/A,False,1737956907736842496
DivN/A,divN/A,divN/A,divN/A,divN/A,divN/A,False,1866041091965038592
DivN/A,divN/A,divN/A,divN/A,divN/A,divN/A,False,1870204136878420224
DivN/A,divN/A,divN/A,divN/A,divN/A,divN/A,False,1747127549312766464
DivN/A,divN/A,divN/A,divN/A,divN/A,divN/A,False,1747274232093110784
DivN/A,divN/A,divN/A,divN/A,divN/A,divN/A,False,1744777758507504128
DivN/A,divN/A,divN/A,divN/A,divN/A,divN/A,False,1829539290545574144
DivN/A,divN/A,divN/A,divN/A,divN/A,divN/A,False,1850038109611884544
DivN/A,divN/A,divN/A,divN/A,divN/A,divN/A,False,1830197225302966272
DivN/A,divN/A,divN/A,divN/A,divN/A,divN/A,False,1852727279618519296
DivN/A,divN/A,divN/A,divN/A,divN/A,divN/A,False,1874920243904320000
DivN/A,divN/A,divN/A,divN/A,divN/A,divN/A,False,1845055035857645824
"Since the assassination of my father in 1968, candidates for president are provided Secret Service protection.  But not me.
 
Typical turnaround time for pro forma protection requests from presidential candidates is 14-days.  After 88-days of no response and after several follow-ups by our campaign, the Biden Administration just denied our request.  Secretary Mayorkas: ""I have determined that Secret Service protection for Robert F Kennedy Jr is not warranted at this time.""
 Our campaign's request included a 67-page report from the world's leading protection firm, detailing unique and well established security and safety risks aside from commonplace death threats.",30.8M,16K,36K,103K,2.6K,True,1684909385376575488
DivN/A,divN/A,divN/A,divN/A,divN/A,divN/A,False,1845244311350182400
DivN/A,divN/A,divN/A,divN/A,divN/A,divN/A,False,1770686791810523136
DivN/A,divN/A,divN/A,divN/A,divN/A,divN/A,False,1785204543472710144
DivN/A,divN/A,divN/A,divN/A,divN/A,divN/A,False,1817370065861497344
DivN/A,divN/A,divN/A,divN/A,divN/A,divN/A,False,1771653572846871040
DivN/A,divN/A,divN/A,divN/A,divN/A,divN/A,False,1734240609412489216
DivN/A,divN/A,divN/A,divN/A,divN/A,divN/A,False,1752758556535788032
DivN/A,divN/A,divN/A,divN/A,divN/A,divN/A,False,1760123918243799040
DivN/A,divN/A,divN/A,divN/A,divN/A,divN/A,False,1749098276094370304
DivN/A,divN/A,divN/A,divN/A,divN/A,divN/A,False,1796337377381875712
DivN/A,divN/A,divN/A,divN/A,divN/A,divN/A,False,1846868909796086272
DivN/A,divN/A,divN/A,divN/A,divN/A,divN/A,False,1859891280723206656
DivN/A,divN/A,divN/A,divN/A,divN/A,divN/A,False,1876066703169442304
DivN/A,divN/A,divN/A,divN/A,divN/A,divN/A,False,1879706582243840000
DivN/A,divN/A,divN/A,divN/A,divN/A,divN/A,False,1842635020655038720
DivN/A,divN/A,divN/A,divN/A,divN/A,divN/A,False,1806053566269784320
DivN/A,divN/A,divN/A,divN/A,divN/A,divN/A,False,1861510037769732096
DivN/A,divN/A,divN/A,divN/A,divN/A,divN/A,False,1746935947189489920
DivN/A,divN/A,divN/A,divN/A,divN/A,divN/A,False,1762248712116412928
DivN/A,divN/A,divN/A,divN/A,divN/A,divN/A,False,1795990962272965120
DivN/A,divN/A,divN/A,divN/A,divN/A,divN/A,False,1833861144324223488
DivN/A,divN/A,divN/A,divN/A,divN/A,divN/A,False,1845621278188695552
DivN/A,divN/A,divN/A,divN/A,divN/A,divN/A,False,1822271981086994432
DivN/A,divN/A,divN/A,divN/A,divN/A,divN/A,False,1822249207064928768
DivN/A,divN/A,divN/A,divN/A,divN/A,divN/A,False,1822337261788127232
DivN/A,divN/A,divN/A,divN/A,divN/A,divN/A,False,1798023150011330816
DivN/A,divN/A,divN/A,divN/A,divN/A,divN/A,False,1741394747594318336
DivN/A,divN/A,divN/A,divN/A,divN/A,divN/A,False,1831351064852877312
DivN/A,divN/A,divN/A,divN/A,divN/A,divN/A,False,1835074196012929280
DivN/A,divN/A,divN/A,divN/A,divN/A,divN/A,False,1838256585585369344
DivN/A,divN/A,divN/A,divN/A,divN/A,divN/A,False,1877365964913709568
DivN/A,divN/A,divN/A,divN/A,divN/A,divN/A,False,1780198570974413056
DivN/A,divN/A,divN/A,divN/A,divN/A,divN/A,False,1820805335700873728
DivN/A,divN/A,divN/A,divN/A,divN/A,divN/A,False,1875238875682980096
DivN/A,divN/A,divN/A,divN/A,divN/A,divN/A,False,1871982354350354432
DivN/A,divN/A,divN/A,divN/A,divN/A,divN/A,False,1872407737168220160
DivN/A,divN/A,divN/A,divN/A,divN/A,divN/A,False,1787216518905811456
DivN/A,divN/A,divN/A,divN/A,divN/A,divN/A,False,1833693859492290560
DivN/A,divN/A,divN/A,divN/A,divN/A,divN/A,False,1849198404921954304
DivN/A,divN/A,divN/A,divN/A,divN/A,divN/A,False,1880337065767792896
DivN/A,divN/A,divN/A,divN/A,divN/A,divN/A,False,1771617993891500544
DivN/A,divN/A,divN/A,divN/A,divN/A,divN/A,False,1807689635289587712
DivN/A,divN/A,divN/A,divN/A,divN/A,divN/A,False,1726621665520652800
DivN/A,divN/A,divN/A,divN/A,divN/A,divN/A,False,1836140030420750848
DivN/A,divN/A,divN/A,divN/A,divN/A,divN/A,False,1813618282500653568
DivN/A,divN/A,divN/A,divN/A,divN/A,divN/A,False,1834211256305123328
DivN/A,divN/A,divN/A,divN/A,divN/A,divN/A,False,1780508505947926784
DivN/A,divN/A,divN/A,divN/A,divN/A,divN/A,False,1851405964723052800
DivN/A,divN/A,divN/A,divN/A,divN/A,divN/A,False,1796882290796302848
DivN/A,divN/A,divN/A,divN/A,divN/A,divN/A,False,1818669506576748800
DivN/A,divN/A,divN/A,divN/A,divN/A,divN/A,False,1862168974756336128
DivN/A,33.7M,2.2K,6.6K,131K,2.9K,False,1740876049347416064
DivN/A,divN/A,divN/A,divN/A,divN/A,divN/A,False,1724424566817054976
DivN/A,divN/A,divN/A,divN/A,divN/A,divN/A,False,1675365001836593152
DivN/A,divN/A,divN/A,divN/A,divN/A,divN/A,False,1872803457461268736
DivN/A,divN/A,divN/A,divN/A,divN/A,divN/A,False,1874542619768066560
"The former Israeli prime minister Naftali Bennett just confirmed what any rational observer could've surmised: Russia and Ukraine reached a preliminary agreement during the early phase of the war — ""Both sides very much wanted a ceasefire,"" Bennett said — but the US ""blocked it""",6.1M,1.6K,8K,28K,1.2K,False,1622636568165986304
DivN/A,divN/A,divN/A,divN/A,divN/A,divN/A,False,1726284000636092928
DivN/A,divN/A,divN/A,divN/A,divN/A,divN/A,False,1726695196044509440
DivN/A,divN/A,divN/A,divN/A,divN/A,divN/A,False,1854717077837562368
DivN/A,divN/A,divN/A,divN/A,divN/A,divN/A,False,1850594306618257920
DivN/A,divN/A,divN/A,divN/A,divN/A,divN/A,False,1.87047136203e+18
DivN/A,divN/A,divN/A,divN/A,divN/A,divN/A,False,1798867500970778880
DivN/A,divN/A,divN/A,divN/A,divN/A,divN/A,False,1856477663936033280
DivN/A,divN/A,divN/A,divN/A,divN/A,divN/A,False,1773932103899500544
DivN/A,divN/A,divN/A,divN/A,divN/A,divN/A,False,1820095474717581312
DivN/A,divN/A,divN/A,divN/A,divN/A,divN/A,False,1813743535428162048
DivN/A,divN/A,divN/A,divN/A,divN/A,divN/A,False,1821369617530700288
DivN/A,divN/A,divN/A,divN/A,divN/A,divN/A,False,1881547412772175872
DivN/A,divN/A,divN/A,divN/A,divN/A,divN/A,False,1868866807253418240
DivN/A,divN/A,divN/A,divN/A,divN/A,divN/A,False,1796061802146533376
DivN/A,divN/A,divN/A,divN/A,divN/A,divN/A,False,1797432763622084864
DivN/A,divN/A,divN/A,divN/A,divN/A,divN/A,False,1876058907732320256
DivN/A,divN/A,divN/A,divN/A,divN/A,divN/A,False,1809294204419403776
DivN/A,divN/A,divN/A,divN/A,divN/A,divN/A,False,1858702565359170048
DivN/A,divN/A,divN/A,divN/A,divN/A,divN/A,False,1847383043209908480
DivN/A,divN/A,divN/A,divN/A,divN/A,divN/A,False,1699424362669940736
DivN/A,divN/A,divN/A,divN/A,divN/A,divN/A,False,1713236998498947072
DivN/A,divN/A,divN/A,divN/A,divN/A,divN/A,False,1757264224512798976
DivN/A,divN/A,divN/A,divN/A,divN/A,divN/A,False,1875169828962800128
DivN/A,divN/A,divN/A,divN/A,divN/A,divN/A,False,1807102181964689664
DivN/A,divN/A,divN/A,divN/A,divN/A,divN/A,False,1511311385543815168
DivN/A,divN/A,divN/A,divN/A,divN/A,divN/A,False,1818130187630027264
DivN/A,divN/A,divN/A,divN/A,divN/A,divN/A,False,1862022929808322816
DivN/A,divN/A,divN/A,divN/A,divN/A,divN/A,False,1802857824244113920
DivN/A,divN/A,divN/A,divN/A,divN/A,divN/A,False,1737210875923054592
DivN/A,divN/A,divN/A,divN/A,divN/A,divN/A,False,1762498719914537216
DivN/A,divN/A,divN/A,divN/A,divN/A,divN/A,False,1807664427023695872
DivN/A,divN/A,divN/A,divN/A,divN/A,divN/A,False,1750835792233034240
DivN/A,divN/A,divN/A,divN/A,divN/A,divN/A,False,1722372372722790656
DivN/A,divN/A,divN/A,divN/A,divN/A,divN/A,False,1628117788857405440
DivN/A,divN/A,divN/A,divN/A,divN/A,divN/A,False,1870140845388919296
DivN/A,divN/A,divN/A,divN/A,divN/A,divN/A,False,1879213198223790336
"10 wars.                             0 wars.
0 charges.                         78 charges.",7M,1.3K,19K,132K,1.8K,False,1686597172135899136
DivN/A,divN/A,divN/A,divN/A,divN/A,divN/A,False,1858524650336367104
DivN/A,divN/A,divN/A,divN/A,divN/A,divN/A,False,1801031333461762304
DivN/A,divN/A,divN/A,divN/A,divN/A,divN/A,False,1875926804365709824
DivN/A,divN/A,divN/A,divN/A,divN/A,divN/A,False,1820189616445550592
DivN/A,divN/A,divN/A,divN/A,divN/A,divN/A,False,1811894902231642624
DivN/A,divN/A,divN/A,divN/A,divN/A,divN/A,False,1818494744969798144
DivN/A,divN/A,divN/A,divN/A,divN/A,divN/A,False,1844495625913761792
DivN/A,divN/A,divN/A,divN/A,divN/A,divN/A,False,1774403988265320704
DivN/A,divN/A,divN/A,divN/A,divN/A,divN/A,False,1817929708421497344
DivN/A,divN/A,divN/A,divN/A,divN/A,divN/A,False,1866240747386659328
DivN/A,divN/A,divN/A,divN/A,divN/A,divN/A,False,1827189497467199744
DivN/A,divN/A,divN/A,divN/A,divN/A,divN/A,False,1870935430960677120
DivN/A,divN/A,divN/A,divN/A,divN/A,divN/A,False,1843750892451069952
DivN/A,divN/A,divN/A,divN/A,divN/A,divN/A,False,1881443087194693632
DivN/A,divN/A,divN/A,divN/A,divN/A,divN/A,False,1851281926549565696
DivN/A,divN/A,divN/A,divN/A,divN/A,divN/A,False,1842527607780504064
DivN/A,divN/A,divN/A,divN/A,divN/A,divN/A,False,1711468666728939776
DivN/A,divN/A,divN/A,divN/A,divN/A,divN/A,False,1815150185300759040
DivN/A,divN/A,divN/A,divN/A,divN/A,divN/A,False,1863482482605351424
DivN/A,divN/A,divN/A,divN/A,divN/A,divN/A,False,1714299235787506176
DivN/A,divN/A,divN/A,divN/A,divN/A,divN/A,False,1839037286576697856
DivN/A,divN/A,divN/A,divN/A,divN/A,divN/A,False,1793992394028810496
DivN/A,divN/A,divN/A,divN/A,divN/A,divN/A,False,1879333802113376768
DivN/A,divN/A,divN/A,divN/A,divN/A,divN/A,False,1813615898822918656
DivN/A,divN/A,divN/A,divN/A,divN/A,divN/A,False,1862656660721840640
"J'avais lancé l'alerte sur France 2 avec Caroline Roux en janvier. Mais la France est absente du sommet ""forêt"" lancé par Lula et le Brésil. Pourtant ",664.4K,619,1K,2.3K,12,False,1688857800791797760
DivN/A,divN/A,divN/A,divN/A,divN/A,divN/A,False,1766563207001362432
DivN/A,divN/A,divN/A,divN/A,divN/A,divN/A,False,1819870429558743040
DivN/A,divN/A,divN/A,divN/A,divN/A,divN/A,False,1787604418956754944
DivN/A,divN/A,divN/A,divN/A,divN/A,divN/A,False,1869377395041644544
DivN/A,divN/A,divN/A,divN/A,divN/A,divN/A,False,1870895620367733248
DivN/A,divN/A,divN/A,divN/A,divN/A,divN/A,False,1835358499548602624
DivN/A,divN/A,divN/A,divN/A,divN/A,divN/A,False,1839456242793689344
DivN/A,divN/A,divN/A,divN/A,divN/A,divN/A,False,1801017863102173440
DivN/A,divN/A,divN/A,divN/A,divN/A,divN/A,False,1809530356783071232
DivN/A,divN/A,divN/A,divN/A,divN/A,divN/A,False,1810362604591747072
DivN/A,divN/A,divN/A,divN/A,divN/A,divN/A,False,1745524322138017792
DivN/A,divN/A,divN/A,divN/A,divN/A,divN/A,False,1878940681965838848
DivN/A,divN/A,divN/A,divN/A,divN/A,divN/A,False,1852136539586974208
DivN/A,divN/A,divN/A,divN/A,divN/A,divN/A,False,1806109741040431360
DivN/A,divN/A,divN/A,divN/A,divN/A,divN/A,False,1836561790995706368
DivN/A,divN/A,divN/A,divN/A,divN/A,divN/A,False,1750520049855787264
DivN/A,divN/A,divN/A,divN/A,divN/A,divN/A,False,1789680307127366144
DivN/A,divN/A,divN/A,divN/A,divN/A,divN/A,False,1805849135494414336
DivN/A,divN/A,divN/A,divN/A,divN/A,divN/A,False,1806537884159369728
DivN/A,divN/A,divN/A,divN/A,divN/A,divN/A,False,1754959497561321472
DivN/A,divN/A,divN/A,divN/A,divN/A,divN/A,False,1790524991483609344
DivN/A,divN/A,divN/A,divN/A,divN/A,divN/A,False,1815472193855258880
DivN/A,divN/A,divN/A,divN/A,divN/A,divN/A,False,1858721571952582656
DivN/A,divN/A,divN/A,divN/A,divN/A,divN/A,False,1776205998895608320
DivN/A,divN/A,divN/A,divN/A,divN/A,divN/A,False,1867352272101158912
DivN/A,divN/A,divN/A,divN/A,divN/A,divN/A,False,1872385071111692544
DivN/A,divN/A,divN/A,divN/A,divN/A,divN/A,False,1866778832394727424
DivN/A,divN/A,divN/A,divN/A,divN/A,divN/A,False,1831902550783824384
DivN/A,divN/A,divN/A,divN/A,divN/A,divN/A,False,1870742589336666624
DivN/A,divN/A,divN/A,divN/A,divN/A,divN/A,False,1712479655956279808
DivN/A,divN/A,divN/A,divN/A,divN/A,divN/A,False,1799142778154393856
DivN/A,divN/A,divN/A,divN/A,divN/A,divN/A,False,1870922780956406016
DivN/A,divN/A,divN/A,divN/A,divN/A,divN/A,False,1822628084899549440
DivN/A,divN/A,divN/A,divN/A,divN/A,divN/A,False,1848895964204974336
DivN/A,divN/A,divN/A,divN/A,divN/A,divN/A,False,1861584507914117376
DivN/A,divN/A,divN/A,divN/A,divN/A,divN/A,False,1794463000574726400
DivN/A,divN/A,divN/A,divN/A,divN/A,divN/A,False,1812263469518885120
DivN/A,divN/A,divN/A,divN/A,divN/A,divN/A,False,1820269766054936576
DivN/A,divN/A,divN/A,divN/A,divN/A,divN/A,False,1791801321680748800
DivN/A,divN/A,divN/A,divN/A,divN/A,divN/A,False,1869812967484862720
DivN/A,divN/A,divN/A,divN/A,divN/A,divN/A,False,1814089706566824448
DivN/A,divN/A,divN/A,divN/A,divN/A,divN/A,False,1806996662726033664
DivN/A,divN/A,divN/A,divN/A,divN/A,divN/A,False,1848842804270928384
DivN/A,divN/A,divN/A,divN/A,divN/A,divN/A,False,1845227293633020160
DivN/A,divN/A,divN/A,divN/A,divN/A,divN/A,False,1852142245635666176
DivN/A,divN/A,divN/A,divN/A,divN/A,divN/A,False,1812926884302450944
DivN/A,divN/A,divN/A,divN/A,divN/A,divN/A,False,1778157381907513856
DivN/A,divN/A,divN/A,divN/A,divN/A,divN/A,False,1806989904624099584
DivN/A,divN/A,divN/A,divN/A,divN/A,divN/A,False,1807961678119948800
DivN/A,divN/A,divN/A,divN/A,divN/A,divN/A,False,1815567564694515712
DivN/A,divN/A,divN/A,divN/A,divN/A,divN/A,False,1817911706313748736
DivN/A,divN/A,divN/A,divN/A,divN/A,divN/A,False,1840538712356065536
DivN/A,divN/A,divN/A,divN/A,divN/A,divN/A,False,1853156069461414400
DivN/A,divN/A,divN/A,divN/A,divN/A,divN/A,False,1818391870101176320
DivN/A,divN/A,divN/A,divN/A,divN/A,divN/A,False,1859045375858143232
DivN/A,divN/A,divN/A,divN/A,divN/A,divN/A,False,1823002844204507648
DivN/A,divN/A,divN/A,divN/A,divN/A,divN/A,False,1852470909711613952
DivN/A,divN/A,divN/A,divN/A,divN/A,divN/A,False,1878477378520801536
DivN/A,divN/A,divN/A,divN/A,divN/A,divN/A,False,1822644981015687424
DivN/A,divN/A,divN/A,divN/A,divN/A,divN/A,False,1822029397815181312
DivN/A,divN/A,divN/A,divN/A,divN/A,divN/A,False,1839977582445347328
DivN/A,divN/A,divN/A,divN/A,divN/A,divN/A,False,1813784250032005376
DivN/A,divN/A,divN/A,divN/A,divN/A,divN/A,False,1836919702527910144
DivN/A,divN/A,divN/A,divN/A,divN/A,divN/A,False,1799511655426236928
DivN/A,divN/A,divN/A,divN/A,divN/A,divN/A,False,1844129995159228416
DivN/A,divN/A,divN/A,divN/A,divN/A,divN/A,False,1824958128796156160
DivN/A,divN/A,divN/A,divN/A,divN/A,divN/A,False,1831817666535068160
DivN/A,divN/A,divN/A,divN/A,divN/A,divN/A,False,1747316347195826176
DivN/A,divN/A,divN/A,divN/A,divN/A,divN/A,False,1878189450817130496
DivN/A,divN/A,divN/A,divN/A,divN/A,divN/A,False,1879307719234015232
DivN/A,divN/A,divN/A,divN/A,divN/A,divN/A,False,1816080050942353920
DivN/A,divN/A,divN/A,divN/A,divN/A,divN/A,False,1711540504674902528
DivN/A,divN/A,divN/A,divN/A,divN/A,divN/A,False,1841675979539824896
DivN/A,divN/A,divN/A,divN/A,divN/A,divN/A,False,1853141102314062080
DivN/A,divN/A,divN/A,divN/A,divN/A,divN/A,False,1807575928069083648
DivN/A,divN/A,divN/A,divN/A,divN/A,divN/A,False,1819769458677706752
DivN/A,divN/A,divN/A,divN/A,divN/A,divN/A,False,1858529330705432576
DivN/A,divN/A,divN/A,divN/A,divN/A,divN/A,False,1859702203247943680
DivN/A,divN/A,divN/A,divN/A,divN/A,divN/A,False,1843711635523023360
DivN/A,divN/A,divN/A,divN/A,divN/A,divN/A,False,1813952375075549440
DivN/A,divN/A,divN/A,divN/A,divN/A,divN/A,False,1881597780147441920
DivN/A,divN/A,divN/A,divN/A,divN/A,divN/A,False,1835783747742159360
DivN/A,divN/A,divN/A,divN/A,divN/A,divN/A,False,1856927328405750016
DivN/A,divN/A,divN/A,divN/A,divN/A,divN/A,False,1776658313981149440
DivN/A,divN/A,divN/A,divN/A,divN/A,divN/A,False,1845447426066317312
DivN/A,divN/A,divN/A,divN/A,divN/A,divN/A,False,1803265349586149376
DivN/A,divN/A,divN/A,divN/A,divN/A,divN/A,False,1714799965191430400
DivN/A,divN/A,divN/A,divN/A,divN/A,divN/A,False,1726352120922964224
DivN/A,divN/A,divN/A,divN/A,divN/A,divN/A,False,1840757758527705344
DivN/A,divN/A,divN/A,divN/A,divN/A,divN/A,False,1767140799135781120
DivN/A,divN/A,divN/A,divN/A,divN/A,divN/A,False,1822294737677606912
DivN/A,divN/A,divN/A,divN/A,divN/A,divN/A,False,1851670477028081920
DivN/A,divN/A,divN/A,divN/A,divN/A,divN/A,False,1870453252233584896
DivN/A,divN/A,divN/A,divN/A,divN/A,divN/A,False,1817207958540890624
DivN/A,divN/A,divN/A,divN/A,divN/A,divN/A,False,1799498298358694144
DivN/A,divN/A,divN/A,divN/A,divN/A,divN/A,False,1844885164004163840
DivN/A,divN/A,divN/A,divN/A,divN/A,divN/A,False,1802739719693808128
DivN/A,divN/A,divN/A,divN/A,divN/A,divN/A,False,1818260482416914432
DivN/A,divN/A,divN/A,divN/A,divN/A,divN/A,False,1822284209085448704
DivN/A,divN/A,divN/A,divN/A,divN/A,divN/A,False,1822230691960049664
DivN/A,divN/A,divN/A,divN/A,divN/A,divN/A,False,1711311486067388416
DivN/A,divN/A,divN/A,divN/A,divN/A,divN/A,False,1817807767010460160
DivN/A,divN/A,divN/A,divN/A,divN/A,divN/A,False,1800801751622119680
DivN/A,divN/A,divN/A,divN/A,divN/A,divN/A,False,1.803527995619e+18
DivN/A,divN/A,divN/A,divN/A,divN/A,divN/A,False,1854252717285474816
DivN/A,divN/A,divN/A,divN/A,divN/A,divN/A,False,1877427059456188416
DivN/A,divN/A,divN/A,divN/A,divN/A,divN/A,False,1761035686004559872
DivN/A,divN/A,divN/A,divN/A,divN/A,divN/A,False,1854257196227555584
DivN/A,divN/A,divN/A,divN/A,divN/A,divN/A,False,1723462648577081600
DivN/A,divN/A,divN/A,divN/A,divN/A,divN/A,False,1874588966915383296
DivN/A,divN/A,divN/A,divN/A,divN/A,divN/A,False,1875507383616606720
DivN/A,divN/A,divN/A,divN/A,divN/A,divN/A,False,1780145732017664000
DivN/A,divN/A,divN/A,divN/A,divN/A,divN/A,False,1731886113692725760
DivN/A,divN/A,divN/A,divN/A,divN/A,divN/A,False,1818380458574348288
DivN/A,divN/A,divN/A,divN/A,divN/A,divN/A,False,1826569165194363136
DivN/A,divN/A,divN/A,divN/A,divN/A,divN/A,False,1786816771921715456
DivN/A,divN/A,divN/A,divN/A,divN/A,divN/A,False,1867280969407115520
DivN/A,divN/A,divN/A,divN/A,divN/A,divN/A,False,1767321233949896960
DivN/A,divN/A,divN/A,divN/A,divN/A,divN/A,False,1860685082173866496
DivN/A,divN/A,divN/A,divN/A,divN/A,divN/A,False,1750821503795347968
DivN/A,divN/A,divN/A,divN/A,divN/A,divN/A,False,1751345422918959104
DivN/A,divN/A,divN/A,divN/A,divN/A,divN/A,False,1751316255649173760
DivN/A,divN/A,divN/A,divN/A,divN/A,divN/A,False,1766918920529715456
DivN/A,divN/A,divN/A,divN/A,divN/A,divN/A,False,1781096830119370752
DivN/A,divN/A,divN/A,divN/A,divN/A,divN/A,False,1871261993740722688
DivN/A,divN/A,divN/A,divN/A,divN/A,divN/A,False,1874200813155090432
DivN/A,divN/A,divN/A,divN/A,divN/A,divN/A,False,1864946044162715904
DivN/A,divN/A,divN/A,divN/A,divN/A,divN/A,False,1788231230405718528
DivN/A,divN/A,divN/A,divN/A,divN/A,divN/A,False,1866091232033640960
DivN/A,divN/A,divN/A,divN/A,divN/A,divN/A,False,1848704086369317376
DivN/A,divN/A,divN/A,divN/A,divN/A,divN/A,False,1819702668756918272
DivN/A,divN/A,divN/A,divN/A,divN/A,divN/A,False,1819765605207253504
DivN/A,divN/A,divN/A,divN/A,divN/A,divN/A,False,1880125880468643840
DivN/A,divN/A,divN/A,divN/A,divN/A,divN/A,False,1804625333494141184
DivN/A,divN/A,divN/A,divN/A,divN/A,divN/A,False,1838909171430727936
DivN/A,divN/A,divN/A,divN/A,divN/A,divN/A,False,1837130946048319744
DivN/A,divN/A,divN/A,divN/A,divN/A,divN/A,False,1818665917729194240
DivN/A,divN/A,divN/A,divN/A,divN/A,divN/A,False,1862341937082073344
DivN/A,divN/A,divN/A,divN/A,divN/A,divN/A,False,1806357914283631104
DivN/A,divN/A,divN/A,divN/A,divN/A,divN/A,False,1859457844044497408
DivN/A,divN/A,divN/A,divN/A,divN/A,divN/A,False,1875585282197856256
DivN/A,divN/A,divN/A,divN/A,divN/A,divN/A,False,1814042277972492544
DivN/A,divN/A,divN/A,divN/A,divN/A,divN/A,False,1730026325803422208
DivN/A,divN/A,divN/A,divN/A,divN/A,divN/A,False,1869701632809898240
DivN/A,divN/A,divN/A,divN/A,divN/A,divN/A,False,1795511836671984128
DivN/A,divN/A,divN/A,divN/A,divN/A,divN/A,False,1844173786133987584
DivN/A,divN/A,divN/A,divN/A,divN/A,divN/A,False,1831067867288318464
DivN/A,divN/A,divN/A,divN/A,divN/A,divN/A,False,1818371770153349120
DivN/A,divN/A,divN/A,divN/A,divN/A,divN/A,False,1793279644923265280
DivN/A,divN/A,divN/A,divN/A,divN/A,divN/A,False,1790997972592816384
DivN/A,divN/A,divN/A,divN/A,divN/A,divN/A,False,1805168686376112640
DivN/A,divN/A,divN/A,divN/A,divN/A,divN/A,False,1692579964875321600
DivN/A,divN/A,divN/A,divN/A,divN/A,divN/A,False,1882111950626205696
DivN/A,divN/A,divN/A,divN/A,divN/A,divN/A,False,1803380837334831360
DivN/A,divN/A,divN/A,divN/A,divN/A,divN/A,False,1781840900903276800
DivN/A,divN/A,divN/A,divN/A,divN/A,divN/A,False,1805085854823600384
DivN/A,divN/A,divN/A,divN/A,divN/A,divN/A,False,1824846946839966208
DivN/A,divN/A,divN/A,divN/A,divN/A,divN/A,False,1881541470362165760
DivN/A,divN/A,divN/A,divN/A,divN/A,divN/A,False,1765573100492423424
DivN/A,divN/A,divN/A,divN/A,divN/A,divN/A,False,1685255488139849728
DivN/A,divN/A,divN/A,divN/A,divN/A,divN/A,False,1744238843648249856
DivN/A,divN/A,divN/A,divN/A,divN/A,divN/A,False,1786720505166237696
DivN/A,divN/A,divN/A,divN/A,divN/A,divN/A,False,1723665392525021440
DivN/A,divN/A,divN/A,divN/A,divN/A,divN/A,False,1859814646280294912
DivN/A,divN/A,divN/A,divN/A,divN/A,divN/A,False,1844748175963292160
DivN/A,divN/A,divN/A,divN/A,divN/A,divN/A,False,1849340515734663424
DivN/A,divN/A,divN/A,divN/A,divN/A,divN/A,False,1877160486338167040
DivN/A,divN/A,divN/A,divN/A,divN/A,divN/A,False,1877627785495126016
DivN/A,divN/A,divN/A,divN/A,divN/A,divN/A,False,1753975869075280384
DivN/A,divN/A,divN/A,divN/A,divN/A,divN/A,False,1874821767786889728
DivN/A,divN/A,divN/A,divN/A,divN/A,divN/A,False,1763773501616328704
DivN/A,divN/A,divN/A,divN/A,divN/A,divN/A,False,1749034858280608000
DivN/A,divN/A,divN/A,divN/A,divN/A,divN/A,False,1786154787009945856
DivN/A,divN/A,divN/A,divN/A,divN/A,divN/A,False,1881696965068574976
DivN/A,divN/A,divN/A,divN/A,divN/A,divN/A,False,1771857751452324096
DivN/A,divN/A,divN/A,divN/A,divN/A,divN/A,False,1852739675988897792
DivN/A,divN/A,divN/A,divN/A,divN/A,divN/A,False,1741455085908193792
DivN/A,divN/A,divN/A,divN/A,divN/A,divN/A,False,1852833708048281600
DivN/A,divN/A,divN/A,divN/A,divN/A,divN/A,False,1654525763394351104
DivN/A,divN/A,divN/A,divN/A,divN/A,divN/A,False,1718953425952505856
DivN/A,divN/A,divN/A,divN/A,divN/A,divN/A,False,1748212102911951104
DivN/A,divN/A,divN/A,divN/A,divN/A,divN/A,False,1760062586668687360
DivN/A,divN/A,divN/A,divN/A,divN/A,divN/A,False,1769550316968567040
DivN/A,divN/A,divN/A,divN/A,divN/A,divN/A,False,1844422846983938304
DivN/A,divN/A,divN/A,divN/A,divN/A,divN/A,False,1728519216893182464
DivN/A,divN/A,divN/A,divN/A,divN/A,divN/A,False,1806361983744176384
DivN/A,divN/A,divN/A,divN/A,divN/A,divN/A,False,1852113635872772608
DivN/A,divN/A,divN/A,divN/A,divN/A,divN/A,False,1734461532950671360
DivN/A,divN/A,divN/A,divN/A,divN/A,divN/A,False,1845469559286825216
DivN/A,divN/A,divN/A,divN/A,divN/A,divN/A,False,1695567547913908480
DivN/A,divN/A,divN/A,divN/A,divN/A,divN/A,False,1870190239039533568
DivN/A,divN/A,divN/A,divN/A,divN/A,divN/A,False,1672981094902185984
DivN/A,divN/A,divN/A,divN/A,divN/A,divN/A,False,1848711253880905984
DivN/A,divN/A,divN/A,divN/A,divN/A,divN/A,False,1795538612345573376
DivN/A,divN/A,divN/A,divN/A,divN/A,divN/A,False,1680756838449696768
DivN/A,divN/A,divN/A,divN/A,divN/A,divN/A,False,1787564048214630400
DivN/A,divN/A,divN/A,divN/A,divN/A,divN/A,False,1881451556656345344
DivN/A,divN/A,divN/A,divN/A,divN/A,divN/A,False,1841175862093496320
DivN/A,divN/A,divN/A,divN/A,divN/A,divN/A,False,1872126138656739328
DivN/A,divN/A,divN/A,divN/A,divN/A,divN/A,False,1791469507187278336
DivN/A,divN/A,divN/A,divN/A,divN/A,divN/A,False,1814045381518340608
DivN/A,divN/A,divN/A,divN/A,divN/A,divN/A,False,1759778711023333376
DivN/A,divN/A,divN/A,divN/A,divN/A,divN/A,False,1802066326099546112
DivN/A,divN/A,divN/A,divN/A,divN/A,divN/A,False,1806977511609278464
DivN/A,divN/A,divN/A,divN/A,divN/A,divN/A,False,1853048265710686464
DivN/A,divN/A,divN/A,divN/A,divN/A,divN/A,False,1873138151486833152
DivN/A,divN/A,divN/A,divN/A,divN/A,divN/A,False,1818963801695535104
DivN/A,divN/A,divN/A,divN/A,divN/A,divN/A,False,1874794237373649408
DivN/A,divN/A,divN/A,divN/A,divN/A,divN/A,False,1847040766927163392
DivN/A,divN/A,divN/A,divN/A,divN/A,divN/A,False,1796583049595170816
DivN/A,divN/A,divN/A,divN/A,divN/A,divN/A,False,1853529483774501120
DivN/A,divN/A,divN/A,divN/A,divN/A,divN/A,False,1873242107101757696
DivN/A,divN/A,divN/A,divN/A,divN/A,divN/A,False,1738289583756882176
DivN/A,divN/A,divN/A,divN/A,divN/A,divN/A,False,1822723531949629440
DivN/A,divN/A,divN/A,divN/A,divN/A,divN/A,False,1822041315724444160
DivN/A,divN/A,divN/A,divN/A,divN/A,divN/A,False,1822031578077524224
DivN/A,divN/A,divN/A,divN/A,divN/A,divN/A,False,1834965062072570368
DivN/A,divN/A,divN/A,divN/A,divN/A,divN/A,False,1660767397303791616
DivN/A,divN/A,divN/A,divN/A,divN/A,divN/A,False,1875271122398376448
DivN/A,divN/A,divN/A,divN/A,divN/A,divN/A,False,1800287174065115648
DivN/A,divN/A,divN/A,divN/A,divN/A,divN/A,False,1853982401124290816
DivN/A,divN/A,divN/A,divN/A,divN/A,divN/A,False,1824959728104948224
DivN/A,divN/A,divN/A,divN/A,divN/A,divN/A,False,1860699904395645184
DivN/A,divN/A,divN/A,divN/A,divN/A,divN/A,False,1833708798143234560
DivN/A,divN/A,divN/A,divN/A,divN/A,divN/A,False,1667253869934522368
DivN/A,divN/A,divN/A,divN/A,divN/A,divN/A,False,1837648003164717568
DivN/A,divN/A,divN/A,divN/A,divN/A,divN/A,False,1840526130031317504
DivN/A,divN/A,divN/A,divN/A,divN/A,divN/A,False,1846171954425794816
DivN/A,divN/A,divN/A,divN/A,divN/A,divN/A,False,1875250043629772800
DivN/A,divN/A,divN/A,divN/A,divN/A,divN/A,False,1881771569149837312
DivN/A,divN/A,divN/A,divN/A,divN/A,divN/A,False,1779512049464131840
DivN/A,divN/A,divN/A,divN/A,divN/A,divN/A,False,1880639343347568640
DivN/A,divN/A,divN/A,divN/A,divN/A,divN/A,False,1879378122606522624
DivN/A,divN/A,divN/A,divN/A,divN/A,divN/A,False,1795067296584446464
DivN/A,divN/A,divN/A,divN/A,divN/A,divN/A,False,1813334052117835776
DivN/A,divN/A,divN/A,divN/A,divN/A,divN/A,False,1839340909923885056
DivN/A,divN/A,divN/A,divN/A,divN/A,divN/A,False,1797757633535062016
DivN/A,divN/A,divN/A,divN/A,divN/A,divN/A,False,1834431923017712128
DivN/A,divN/A,divN/A,divN/A,divN/A,divN/A,False,1842051774263239168
DivN/A,divN/A,divN/A,divN/A,divN/A,divN/A,False,1855001614316454400
DivN/A,divN/A,divN/A,divN/A,divN/A,divN/A,False,1738816087620289024
DivN/A,divN/A,divN/A,divN/A,divN/A,divN/A,False,1738690445641986560
DivN/A,divN/A,divN/A,divN/A,divN/A,divN/A,False,1833872150270300160
DivN/A,divN/A,divN/A,divN/A,divN/A,divN/A,False,1834253544402063360
DivN/A,divN/A,divN/A,divN/A,divN/A,divN/A,False,1844139737352896512
DivN/A,divN/A,divN/A,divN/A,divN/A,divN/A,False,1870625267414183936
DivN/A,divN/A,divN/A,divN/A,divN/A,divN/A,False,1770753962150396160
DivN/A,divN/A,divN/A,divN/A,divN/A,divN/A,False,1830925578809102336
DivN/A,divN/A,divN/A,divN/A,divN/A,divN/A,False,1835428301189329408
DivN/A,divN/A,divN/A,divN/A,divN/A,divN/A,False,1850982018064269312
DivN/A,divN/A,divN/A,divN/A,divN/A,divN/A,False,1836833087273172992
DivN/A,divN/A,divN/A,divN/A,divN/A,divN/A,False,1866925151217910016
DivN/A,divN/A,divN/A,divN/A,divN/A,divN/A,False,1871046575973134848
DivN/A,divN/A,divN/A,divN/A,divN/A,divN/A,False,1820877866332041216
DivN/A,divN/A,divN/A,divN/A,divN/A,divN/A,False,1751302245348438528
DivN/A,divN/A,divN/A,divN/A,divN/A,divN/A,False,1823491550778941952
DivN/A,divN/A,divN/A,divN/A,divN/A,divN/A,False,1823174142080012800
DivN/A,divN/A,divN/A,divN/A,divN/A,divN/A,False,1770343241713332736
DivN/A,divN/A,divN/A,divN/A,divN/A,divN/A,False,1864645644574707712
DivN/A,divN/A,divN/A,divN/A,divN/A,divN/A,False,1799205115846660608
DivN/A,divN/A,divN/A,divN/A,divN/A,divN/A,False,1719911692740481280
DivN/A,divN/A,divN/A,divN/A,divN/A,divN/A,False,1847646875370786816
DivN/A,divN/A,divN/A,divN/A,divN/A,divN/A,False,1813721814797078528
DivN/A,divN/A,divN/A,divN/A,divN/A,divN/A,False,1835216246943760640
DivN/A,divN/A,divN/A,divN/A,divN/A,divN/A,False,1757472222283760128
DivN/A,divN/A,divN/A,divN/A,divN/A,divN/A,False,1709048664709358080
DivN/A,divN/A,divN/A,divN/A,divN/A,divN/A,False,1746422806970261760
DivN/A,divN/A,divN/A,divN/A,divN/A,divN/A,False,1816518706551226880
DivN/A,divN/A,divN/A,divN/A,divN/A,divN/A,False,1402674407324229632
DivN/A,divN/A,divN/A,divN/A,divN/A,divN/A,False,1873066430561710336
DivN/A,divN/A,divN/A,divN/A,divN/A,divN/A,False,1779446926133379584
DivN/A,divN/A,divN/A,divN/A,divN/A,divN/A,False,1881264397425025024
DivN/A,divN/A,divN/A,divN/A,divN/A,divN/A,False,1651976364650635264
DivN/A,divN/A,divN/A,divN/A,divN/A,divN/A,False,1740170907036049920
DivN/A,divN/A,divN/A,divN/A,divN/A,divN/A,False,1745542296152702976
DivN/A,divN/A,divN/A,divN/A,divN/A,divN/A,False,1807471579518980608
DivN/A,divN/A,divN/A,divN/A,divN/A,divN/A,False,1879607243890733568
DivN/A,divN/A,divN/A,divN/A,divN/A,divN/A,False,1856396150011768832
Looks like crap to me ,25.9M,6.4K,4.9K,24K,2.5K,True,1836177025822064640
DivN/A,divN/A,divN/A,divN/A,divN/A,divN/A,False,1864126849552372224
DivN/A,divN/A,divN/A,divN/A,divN/A,divN/A,False,1819527511791096064
DivN/A,divN/A,divN/A,divN/A,divN/A,divN/A,False,1881692356006797312
"“We’re here, we’re queer, we’re coming for your children.”

Yeah, we know.",16.1M,8.7K,16K,53K,4.9K,False,1672422582073847808
DivN/A,divN/A,divN/A,divN/A,divN/A,divN/A,False,1843078764420297216
DivN/A,divN/A,divN/A,divN/A,divN/A,divN/A,False,1870846758047437056
DivN/A,divN/A,divN/A,divN/A,divN/A,divN/A,False,1785383758574620672
DivN/A,divN/A,divN/A,divN/A,divN/A,divN/A,False,1835389597573865472
DivN/A,divN/A,divN/A,divN/A,divN/A,divN/A,False,1829925703690686976
DivN/A,divN/A,divN/A,divN/A,divN/A,divN/A,False,1871946034336989440
DivN/A,divN/A,divN/A,divN/A,divN/A,divN/A,False,1836188721663873280
DivN/A,divN/A,divN/A,divN/A,divN/A,divN/A,False,1814012971359621376
DivN/A,divN/A,divN/A,divN/A,divN/A,divN/A,False,1881375590026187264
DivN/A,divN/A,divN/A,divN/A,divN/A,divN/A,False,1856015982646423552
DivN/A,divN/A,divN/A,divN/A,divN/A,divN/A,False,1869829347802263552
DivN/A,divN/A,divN/A,divN/A,divN/A,divN/A,False,1872928325825692160
DivN/A,divN/A,divN/A,divN/A,divN/A,divN/A,False,1764939209146577408
DivN/A,divN/A,divN/A,divN/A,divN/A,divN/A,False,1875535279387468288
DivN/A,divN/A,divN/A,divN/A,divN/A,divN/A,False,1818976532922024448
DivN/A,divN/A,divN/A,divN/A,divN/A,divN/A,False,1867971849562243072
DivN/A,divN/A,divN/A,divN/A,divN/A,divN/A,False,1833834546141213184
DivN/A,divN/A,divN/A,divN/A,divN/A,divN/A,False,1846198264204247296
DivN/A,divN/A,divN/A,divN/A,divN/A,divN/A,False,1857734822799540736
DivN/A,divN/A,divN/A,divN/A,divN/A,divN/A,False,1853090936391074304
DivN/A,divN/A,divN/A,divN/A,divN/A,divN/A,False,1879256963235893760
DivN/A,divN/A,divN/A,divN/A,divN/A,divN/A,False,1766473716970488320
DivN/A,divN/A,divN/A,divN/A,divN/A,divN/A,False,1799118418085380608
DivN/A,divN/A,divN/A,divN/A,divN/A,divN/A,False,1783847511356215808
DivN/A,divN/A,divN/A,divN/A,divN/A,divN/A,False,1838456204474872064
DivN/A,divN/A,divN/A,divN/A,divN/A,divN/A,False,1743872743131471872
DivN/A,divN/A,divN/A,divN/A,divN/A,divN/A,False,1833966997421314304
DivN/A,divN/A,divN/A,divN/A,divN/A,divN/A,False,1862630797213143296
The three most expensive Premier League players in history ,5.8M,1.1K,2.7K,55K,187,False,1691449669422084096
DivN/A,divN/A,divN/A,divN/A,divN/A,divN/A,False,1851007945137443328
DivN/A,divN/A,divN/A,divN/A,divN/A,divN/A,False,1854429029941596416
DivN/A,divN/A,divN/A,divN/A,divN/A,divN/A,False,1782428840087671040
DivN/A,divN/A,divN/A,divN/A,divN/A,divN/A,False,1842025724657730048
DivN/A,divN/A,divN/A,divN/A,divN/A,divN/A,False,1807949910504796160
DivN/A,divN/A,divN/A,divN/A,divN/A,divN/A,False,1792795213041430784
DivN/A,divN/A,divN/A,divN/A,divN/A,divN/A,False,1794735723083595776
DivN/A,divN/A,divN/A,divN/A,divN/A,divN/A,False,1848442097499873536
DivN/A,divN/A,divN/A,divN/A,divN/A,divN/A,False,1745457545236611072
DivN/A,divN/A,divN/A,divN/A,divN/A,divN/A,False,1797668724008488960
DivN/A,divN/A,divN/A,divN/A,divN/A,divN/A,False,1850019758717981184
DivN/A,divN/A,divN/A,divN/A,divN/A,divN/A,False,1692919259817521664
DivN/A,divN/A,divN/A,divN/A,divN/A,divN/A,False,1722657412551721472
DivN/A,divN/A,divN/A,divN/A,divN/A,divN/A,False,1834055450267959808
DivN/A,divN/A,divN/A,divN/A,divN/A,divN/A,False,1844119100458688512
DivN/A,divN/A,divN/A,divN/A,divN/A,divN/A,False,1.78163745037e+18
DivN/A,divN/A,divN/A,divN/A,divN/A,divN/A,False,1877440958377103616
DivN/A,divN/A,divN/A,divN/A,divN/A,divN/A,False,1785251902986612736
DivN/A,divN/A,divN/A,divN/A,divN/A,divN/A,False,1853147774017274368
DivN/A,divN/A,divN/A,divN/A,divN/A,divN/A,False,1838956586242301952
DivN/A,divN/A,divN/A,divN/A,divN/A,divN/A,False,1767382382829514752
DivN/A,divN/A,divN/A,divN/A,divN/A,divN/A,False,1808671300283503104
DivN/A,divN/A,divN/A,divN/A,divN/A,divN/A,False,1812984015919718656
DivN/A,divN/A,divN/A,divN/A,divN/A,divN/A,False,1813295504891019520
DivN/A,divN/A,divN/A,divN/A,divN/A,divN/A,False,1815439295643009280
DivN/A,divN/A,divN/A,divN/A,divN/A,divN/A,False,1881096494826045696
DivN/A,divN/A,divN/A,divN/A,divN/A,divN/A,False,1695035013702500864
DivN/A,divN/A,divN/A,divN/A,divN/A,divN/A,False,1722121806889287936
DivN/A,divN/A,divN/A,divN/A,divN/A,divN/A,False,1830081393289736704
DivN/A,divN/A,divN/A,divN/A,divN/A,divN/A,False,1837543682058162688
DivN/A,divN/A,divN/A,divN/A,divN/A,divN/A,False,1842921206779150336
DivN/A,divN/A,divN/A,divN/A,divN/A,divN/A,False,1829296604689596928
DivN/A,divN/A,divN/A,divN/A,divN/A,divN/A,False,1856413015232716800
DivN/A,divN/A,divN/A,divN/A,divN/A,divN/A,False,1754530919728271872
DivN/A,divN/A,divN/A,divN/A,divN/A,divN/A,False,1757840768923021312
DivN/A,divN/A,divN/A,divN/A,divN/A,divN/A,False,1735621448373256192
DivN/A,divN/A,divN/A,divN/A,divN/A,divN/A,False,1849647567107179008
DivN/A,divN/A,divN/A,divN/A,divN/A,divN/A,False,1771306955031859456
DivN/A,divN/A,divN/A,divN/A,divN/A,divN/A,False,1830078669269745920
DivN/A,divN/A,divN/A,divN/A,divN/A,divN/A,False,1854692922932752640
DivN/A,divN/A,divN/A,divN/A,divN/A,divN/A,False,1882299322206724096
DivN/A,divN/A,divN/A,divN/A,divN/A,divN/A,False,1871963187165507840
DivN/A,divN/A,divN/A,divN/A,divN/A,divN/A,False,1725689665330761984
DivN/A,divN/A,divN/A,divN/A,divN/A,divN/A,False,1858640146104807936
DivN/A,divN/A,divN/A,divN/A,divN/A,divN/A,False,1882084041492418816
DivN/A,divN/A,divN/A,divN/A,divN/A,divN/A,False,1786966939199537152
DivN/A,divN/A,divN/A,divN/A,divN/A,divN/A,False,1869874908898967552
DivN/A,divN/A,divN/A,divN/A,divN/A,divN/A,False,1624885466469175296
DivN/A,divN/A,divN/A,divN/A,divN/A,divN/A,False,1858208281677685248
DivN/A,divN/A,divN/A,divN/A,divN/A,divN/A,False,1802772992826429696
DivN/A,divN/A,divN/A,divN/A,divN/A,divN/A,False,1852347419205227008
DivN/A,divN/A,divN/A,divN/A,divN/A,divN/A,False,1754617679007400448
DivN/A,divN/A,divN/A,divN/A,divN/A,divN/A,False,1829654880971026432
DivN/A,divN/A,divN/A,divN/A,divN/A,divN/A,False,1836492489915592960
DivN/A,divN/A,divN/A,divN/A,divN/A,divN/A,False,1639960392175697920
DivN/A,divN/A,divN/A,divN/A,divN/A,divN/A,False,1748388234210545920
DivN/A,divN/A,divN/A,divN/A,divN/A,divN/A,False,1820175882742312960
DivN/A,divN/A,divN/A,divN/A,divN/A,divN/A,False,1851079673918451712
DivN/A,divN/A,divN/A,divN/A,divN/A,divN/A,False,1868749097655845120
DivN/A,divN/A,divN/A,divN/A,divN/A,divN/A,False,1863068039937413376
DivN/A,divN/A,divN/A,divN/A,divN/A,divN/A,False,1768846395060953600
DivN/A,divN/A,divN/A,divN/A,divN/A,divN/A,False,1846877290879504896
DivN/A,divN/A,divN/A,divN/A,divN/A,divN/A,False,1762936687884198400
DivN/A,divN/A,divN/A,divN/A,divN/A,divN/A,False,1879612117881634816
DivN/A,divN/A,divN/A,divN/A,divN/A,divN/A,False,1861110377292911104
DivN/A,divN/A,divN/A,divN/A,divN/A,divN/A,False,1823940372667511040
DivN/A,divN/A,divN/A,divN/A,divN/A,divN/A,False,1749167332130185728
DivN/A,divN/A,divN/A,divN/A,divN/A,divN/A,False,1859579686785069056
DivN/A,divN/A,divN/A,divN/A,divN/A,divN/A,False,1836686803144970752
DivN/A,divN/A,divN/A,divN/A,divN/A,divN/A,False,1853831582865318144
DivN/A,divN/A,divN/A,divN/A,divN/A,divN/A,False,1882103158220185600
DivN/A,divN/A,divN/A,divN/A,divN/A,divN/A,False,1803470772297670656
DivN/A,divN/A,divN/A,divN/A,divN/A,divN/A,False,1811612249481707520
DivN/A,divN/A,divN/A,divN/A,divN/A,divN/A,False,1859784711037399296
DivN/A,divN/A,divN/A,divN/A,divN/A,divN/A,False,1828742167881236480
DivN/A,divN/A,divN/A,divN/A,divN/A,divN/A,False,1833978321971163648
DivN/A,divN/A,divN/A,divN/A,divN/A,divN/A,False,1753807564591050752
DivN/A,divN/A,divN/A,divN/A,divN/A,divN/A,False,1756061925710909696
DivN/A,divN/A,divN/A,divN/A,divN/A,divN/A,False,1871452287874555904
DivN/A,divN/A,divN/A,divN/A,divN/A,divN/A,False,1773074053437243392
DivN/A,divN/A,divN/A,divN/A,divN/A,divN/A,False,1820075724138586112
DivN/A,divN/A,divN/A,divN/A,divN/A,divN/A,False,1803719963930161664
DivN/A,divN/A,divN/A,divN/A,divN/A,divN/A,False,1779722652757983232
DivN/A,divN/A,divN/A,divN/A,divN/A,divN/A,False,1780772952545583616
DivN/A,divN/A,divN/A,divN/A,divN/A,divN/A,False,1805400288830046464
DivN/A,divN/A,divN/A,divN/A,divN/A,divN/A,False,1808658559359725824
DivN/A,divN/A,divN/A,divN/A,divN/A,divN/A,False,1822982886125096960
DivN/A,divN/A,divN/A,divN/A,divN/A,divN/A,False,1831262914445250816
DivN/A,divN/A,divN/A,divN/A,divN/A,divN/A,False,1842768087466086656
DivN/A,divN/A,divN/A,divN/A,divN/A,divN/A,False,1802209574914859264
DivN/A,divN/A,divN/A,divN/A,divN/A,divN/A,False,1857587662711882240
DivN/A,divN/A,divN/A,divN/A,divN/A,divN/A,False,1804517403528945664
DivN/A,divN/A,divN/A,divN/A,divN/A,divN/A,False,1813983202996085248
DivN/A,divN/A,divN/A,divN/A,divN/A,divN/A,False,1854810564100272384
DivN/A,divN/A,divN/A,divN/A,divN/A,divN/A,False,1719632633150177536
DivN/A,divN/A,divN/A,divN/A,divN/A,divN/A,False,1872787575313973504
DivN/A,divN/A,divN/A,divN/A,divN/A,divN/A,False,1873043697656578304
DivN/A,divN/A,divN/A,divN/A,divN/A,divN/A,False,1692564300865449984
DivN/A,divN/A,divN/A,divN/A,divN/A,divN/A,False,1799728236383134208
DivN/A,divN/A,divN/A,divN/A,divN/A,divN/A,False,1873186152980857344
DivN/A,divN/A,divN/A,divN/A,divN/A,divN/A,False,1732765533722791936
DivN/A,divN/A,divN/A,divN/A,divN/A,divN/A,False,1881568062442492416
DivN/A,divN/A,divN/A,divN/A,divN/A,divN/A,False,1863700032924295424
DivN/A,divN/A,divN/A,divN/A,divN/A,divN/A,False,1791733140815278336
DivN/A,divN/A,divN/A,divN/A,divN/A,divN/A,False,1743792224020619520
DivN/A,divN/A,divN/A,divN/A,divN/A,divN/A,False,1743767283887964416
DivN/A,divN/A,divN/A,divN/A,divN/A,divN/A,False,1748505290901770496
DivN/A,divN/A,divN/A,divN/A,divN/A,divN/A,False,1748499099702178304
DivN/A,divN/A,divN/A,divN/A,divN/A,divN/A,False,1749982152530272768
DivN/A,divN/A,divN/A,divN/A,divN/A,divN/A,False,1759751835621982720
DivN/A,divN/A,divN/A,divN/A,divN/A,divN/A,False,1760175364574527744
DivN/A,divN/A,divN/A,divN/A,divN/A,divN/A,False,1765515842991673600
DivN/A,divN/A,divN/A,divN/A,divN/A,divN/A,False,1812256646153822720
DivN/A,divN/A,divN/A,divN/A,divN/A,divN/A,False,1804219935045857536
DivN/A,divN/A,divN/A,divN/A,divN/A,divN/A,False,1836268545728221440
DivN/A,divN/A,divN/A,divN/A,divN/A,divN/A,False,1847087752438743296
DivN/A,divN/A,divN/A,divN/A,divN/A,divN/A,False,1816800404396794368
DivN/A,divN/A,divN/A,divN/A,divN/A,divN/A,False,1791101176609435904
DivN/A,divN/A,divN/A,divN/A,divN/A,divN/A,False,1870992349800886272
DivN/A,divN/A,divN/A,divN/A,divN/A,divN/A,False,1836475482625446400
DivN/A,divN/A,divN/A,divN/A,divN/A,divN/A,False,1865839958163894272
DivN/A,divN/A,divN/A,divN/A,divN/A,divN/A,False,1874799488768016640
DivN/A,divN/A,divN/A,divN/A,divN/A,divN/A,False,1878858975657291776
DivN/A,divN/A,divN/A,divN/A,divN/A,divN/A,False,1777168882572103936
DivN/A,divN/A,divN/A,divN/A,divN/A,divN/A,False,1817982383536357888
DivN/A,divN/A,divN/A,divN/A,divN/A,divN/A,False,1723411435240235520
DivN/A,divN/A,divN/A,divN/A,divN/A,divN/A,False,1793302321549468160
DivN/A,divN/A,divN/A,divN/A,divN/A,divN/A,False,1814035229436240384
DivN/A,divN/A,divN/A,divN/A,divN/A,divN/A,False,1781241979080184064
DivN/A,divN/A,divN/A,divN/A,divN/A,divN/A,False,1806991154623508480
DivN/A,divN/A,divN/A,divN/A,divN/A,divN/A,False,1858930596229378560
DivN/A,divN/A,divN/A,divN/A,divN/A,divN/A,False,1790102705043812352
DivN/A,divN/A,divN/A,divN/A,divN/A,divN/A,False,1769461729971360000
DivN/A,divN/A,divN/A,divN/A,divN/A,divN/A,False,1797383529065496576
DivN/A,divN/A,divN/A,divN/A,divN/A,divN/A,False,1859868343097815040
DivN/A,divN/A,divN/A,divN/A,divN/A,divN/A,False,1749971573845393408
DivN/A,divN/A,divN/A,divN/A,divN/A,divN/A,False,1729610840884531456
DivN/A,divN/A,divN/A,divN/A,divN/A,divN/A,False,1851658527187550720
DivN/A,divN/A,divN/A,divN/A,divN/A,divN/A,False,1753841777931403520
DivN/A,divN/A,divN/A,divN/A,divN/A,divN/A,False,1845026804894961664
DivN/A,divN/A,divN/A,divN/A,divN/A,divN/A,False,1855033112255750144
DivN/A,divN/A,divN/A,divN/A,divN/A,divN/A,False,1865217093706059776
"If the woman really loves the man, as soon as her genitals reach the man's, she silently sucks up his organ within herself.

The man has no need to make any effort.

If the woman's love is strong, her body sucks up his organ as air is sucked up into an empty space.",6.2M,1.2K,2.9K,736,677,True,1649324609622163456
DivN/A,divN/A,divN/A,divN/A,divN/A,divN/A,False,1789239062093529344
DivN/A,divN/A,divN/A,divN/A,divN/A,divN/A,False,1829775030349070848
DivN/A,divN/A,divN/A,divN/A,divN/A,divN/A,False,1860480830746841600
DivN/A,divN/A,divN/A,divN/A,divN/A,divN/A,False,1787402665468539392
DivN/A,divN/A,divN/A,divN/A,divN/A,divN/A,False,1812316223859839488
DivN/A,divN/A,divN/A,divN/A,divN/A,divN/A,False,1815209606567911680
DivN/A,divN/A,divN/A,divN/A,divN/A,divN/A,False,1840798944055427072
DivN/A,divN/A,divN/A,divN/A,divN/A,divN/A,False,1868143974801723392
DivN/A,divN/A,divN/A,divN/A,divN/A,divN/A,False,1871945406160216064
DivN/A,divN/A,divN/A,divN/A,divN/A,divN/A,False,1872187060917797120
DivN/A,divN/A,divN/A,divN/A,divN/A,divN/A,False,1872477560522912256
DivN/A,divN/A,divN/A,divN/A,divN/A,divN/A,False,1872625229216068096
DivN/A,divN/A,divN/A,divN/A,divN/A,divN/A,False,1872811016540585984
DivN/A,divN/A,divN/A,divN/A,divN/A,divN/A,False,1875963826010836992
DivN/A,divN/A,divN/A,divN/A,divN/A,divN/A,False,1740117904539140608
DivN/A,divN/A,divN/A,divN/A,divN/A,divN/A,False,1790402426731901184
DivN/A,divN/A,divN/A,divN/A,divN/A,divN/A,False,1840157502958166528
DivN/A,divN/A,divN/A,divN/A,divN/A,divN/A,False,1882092950118920192
DivN/A,divN/A,divN/A,divN/A,divN/A,divN/A,False,1880352010178032128
DivN/A,divN/A,divN/A,divN/A,divN/A,divN/A,False,1881394651464339456
DivN/A,divN/A,divN/A,divN/A,divN/A,divN/A,False,1882045188786593792
DivN/A,divN/A,divN/A,divN/A,divN/A,divN/A,False,1727015324719964160
DivN/A,divN/A,divN/A,divN/A,divN/A,divN/A,False,1812661254550663424
DivN/A,divN/A,divN/A,divN/A,divN/A,divN/A,False,1771262041669423360
DivN/A,divN/A,divN/A,divN/A,divN/A,divN/A,False,1799266162389491712
DivN/A,divN/A,divN/A,divN/A,divN/A,divN/A,False,1714040534543609856
DivN/A,divN/A,divN/A,divN/A,divN/A,divN/A,False,1721261628707029504
DivN/A,divN/A,divN/A,divN/A,divN/A,divN/A,False,1869904404242928128
DivN/A,divN/A,divN/A,divN/A,divN/A,divN/A,False,1851665473240187136
DivN/A,divN/A,divN/A,divN/A,divN/A,divN/A,False,1865865124201836800
DivN/A,divN/A,divN/A,divN/A,divN/A,divN/A,False,1831364108903662080
DivN/A,divN/A,divN/A,divN/A,divN/A,divN/A,False,1812632482589872640
DivN/A,divN/A,divN/A,divN/A,divN/A,divN/A,False,1729171832430027264
DivN/A,divN/A,divN/A,divN/A,divN/A,divN/A,False,1729323794567970816
DivN/A,divN/A,divN/A,divN/A,divN/A,divN/A,False,1833203905272103424
DivN/A,divN/A,divN/A,divN/A,divN/A,divN/A,False,1848667121372242176
DivN/A,divN/A,divN/A,divN/A,divN/A,divN/A,False,1760178576769569280
DivN/A,divN/A,divN/A,divN/A,divN/A,divN/A,False,1854268961841406464
DivN/A,divN/A,divN/A,divN/A,divN/A,divN/A,False,1818819892138668032
DivN/A,divN/A,divN/A,divN/A,divN/A,divN/A,False,1878781542484640000
DivN/A,divN/A,divN/A,divN/A,divN/A,divN/A,False,1769035076996648960
DivN/A,divN/A,divN/A,divN/A,divN/A,divN/A,False,1844076417623130112
DivN/A,divN/A,divN/A,divN/A,divN/A,divN/A,False,1862732460192313600
DivN/A,divN/A,divN/A,divN/A,divN/A,divN/A,False,1847703068462162176
DivN/A,divN/A,divN/A,divN/A,divN/A,divN/A,False,1865008417569718784
DivN/A,divN/A,divN/A,divN/A,divN/A,divN/A,False,1875142605744619776
DivN/A,divN/A,divN/A,divN/A,divN/A,divN/A,False,1879320812324364544
DivN/A,divN/A,divN/A,divN/A,divN/A,divN/A,False,1.754444582434e+18
DivN/A,divN/A,divN/A,divN/A,divN/A,divN/A,False,1808995817711128576
DivN/A,divN/A,divN/A,divN/A,divN/A,divN/A,False,1753083389979074816
DivN/A,divN/A,divN/A,divN/A,divN/A,divN/A,False,1713236248947819008
DivN/A,divN/A,divN/A,divN/A,divN/A,divN/A,False,1769364263041187840
DivN/A,divN/A,divN/A,divN/A,divN/A,divN/A,False,1802174885243814144
DivN/A,divN/A,divN/A,divN/A,divN/A,divN/A,False,1835176477375279360
DivN/A,divN/A,divN/A,divN/A,divN/A,divN/A,False,1861556469449269504
DivN/A,divN/A,divN/A,divN/A,divN/A,divN/A,False,1807151471932391424
DivN/A,divN/A,divN/A,divN/A,divN/A,divN/A,False,1835512981922156800
DivN/A,divN/A,divN/A,divN/A,divN/A,divN/A,False,1779909800534646784
DivN/A,divN/A,divN/A,divN/A,divN/A,divN/A,False,1814220684605665536
DivN/A,divN/A,divN/A,divN/A,divN/A,divN/A,False,1880015270959608320
DivN/A,divN/A,divN/A,divN/A,divN/A,divN/A,False,1845595719740060160
DivN/A,divN/A,divN/A,divN/A,divN/A,divN/A,False,1865941644807475712
DivN/A,divN/A,divN/A,divN/A,divN/A,divN/A,False,1.803112405444e+18
DivN/A,divN/A,divN/A,divN/A,divN/A,divN/A,False,1851977039277891584
DivN/A,divN/A,divN/A,divN/A,divN/A,divN/A,False,1870427168800382976
DivN/A,divN/A,divN/A,divN/A,divN/A,divN/A,False,1805441312180814080
DivN/A,divN/A,divN/A,divN/A,divN/A,divN/A,False,1872020351661776896
DivN/A,divN/A,divN/A,divN/A,divN/A,divN/A,False,1850670596117373184
DivN/A,divN/A,divN/A,divN/A,divN/A,divN/A,False,1818717647418064896
DivN/A,divN/A,divN/A,divN/A,divN/A,divN/A,False,1772516965438939136
DivN/A,divN/A,divN/A,divN/A,divN/A,divN/A,False,1836103263529374208
DivN/A,divN/A,divN/A,divN/A,divN/A,divN/A,False,1861535465779634688
DivN/A,divN/A,divN/A,divN/A,divN/A,divN/A,False,1846913988132483072
DivN/A,divN/A,divN/A,divN/A,divN/A,divN/A,False,1833965281838006272
DivN/A,divN/A,divN/A,divN/A,divN/A,divN/A,False,1857237396993061120
DivN/A,divN/A,divN/A,divN/A,divN/A,divN/A,False,1814945428305035776
DivN/A,divN/A,divN/A,divN/A,divN/A,divN/A,False,1742548301474312704
DivN/A,divN/A,divN/A,divN/A,divN/A,divN/A,False,1784900117859889152
DivN/A,divN/A,divN/A,divN/A,divN/A,divN/A,False,1835430813652885504
DivN/A,divN/A,divN/A,divN/A,divN/A,divN/A,False,1815228480717488384
DivN/A,divN/A,divN/A,divN/A,divN/A,divN/A,False,1819057804079943936
DivN/A,divN/A,divN/A,divN/A,divN/A,divN/A,False,1848467092116254976
DivN/A,divN/A,divN/A,divN/A,divN/A,divN/A,False,1749380251019247616
DivN/A,divN/A,divN/A,divN/A,divN/A,divN/A,False,1858997448418497024
DivN/A,divN/A,divN/A,divN/A,divN/A,divN/A,False,1732769629070655744
DivN/A,divN/A,divN/A,divN/A,divN/A,divN/A,False,1867619464155435520
DivN/A,divN/A,divN/A,divN/A,divN/A,divN/A,False,1822055303132631040
DivN/A,divN/A,divN/A,divN/A,divN/A,divN/A,False,1845452521898188800
DivN/A,divN/A,divN/A,divN/A,divN/A,divN/A,False,1841610784582877440
DivN/A,divN/A,divN/A,divN/A,divN/A,divN/A,False,1867576860571287552
DivN/A,divN/A,divN/A,divN/A,divN/A,divN/A,False,1805093686247604480
DivN/A,divN/A,divN/A,divN/A,divN/A,divN/A,False,1858929973429481472
DivN/A,divN/A,divN/A,divN/A,divN/A,divN/A,False,1842294145005596672
DivN/A,divN/A,divN/A,divN/A,divN/A,divN/A,False,1818983590887342080
DivN/A,divN/A,divN/A,divN/A,divN/A,divN/A,False,1878722012350464256
DivN/A,divN/A,divN/A,divN/A,divN/A,divN/A,False,1.79547268539e+18
DivN/A,divN/A,divN/A,divN/A,divN/A,divN/A,False,1854548897882145280
DivN/A,divN/A,divN/A,divN/A,divN/A,divN/A,False,1753493148683145216
DivN/A,divN/A,divN/A,divN/A,divN/A,divN/A,False,1791564331693302016
DivN/A,divN/A,divN/A,divN/A,divN/A,divN/A,False,1.833163853058e+18
DivN/A,divN/A,divN/A,divN/A,divN/A,divN/A,False,1874476886572650496
DivN/A,divN/A,divN/A,divN/A,divN/A,divN/A,False,1860587441419177984
DivN/A,divN/A,divN/A,divN/A,divN/A,divN/A,False,1661502529207775232
DivN/A,divN/A,divN/A,divN/A,divN/A,divN/A,False,1755244426396356864
DivN/A,divN/A,divN/A,divN/A,divN/A,divN/A,False,1679476186626285568
DivN/A,divN/A,divN/A,divN/A,divN/A,divN/A,False,1869832597003710720
DivN/A,divN/A,divN/A,divN/A,divN/A,divN/A,False,1712205160070455296
DivN/A,divN/A,divN/A,divN/A,divN/A,divN/A,False,1807474536318685440
DivN/A,divN/A,divN/A,divN/A,divN/A,divN/A,False,1828782250114351616
DivN/A,divN/A,divN/A,divN/A,divN/A,divN/A,False,1869941705270583808
DivN/A,divN/A,divN/A,divN/A,divN/A,divN/A,False,1830284719533232640
DivN/A,divN/A,divN/A,divN/A,divN/A,divN/A,False,1851672098303021056
DivN/A,divN/A,divN/A,divN/A,divN/A,divN/A,False,1786695237080879360
DivN/A,divN/A,divN/A,divN/A,divN/A,divN/A,False,1803909244548456704
DivN/A,divN/A,divN/A,divN/A,divN/A,divN/A,False,1804424757384823296
DivN/A,divN/A,divN/A,divN/A,divN/A,divN/A,False,1709763765900558848
DivN/A,divN/A,divN/A,divN/A,divN/A,divN/A,False,1767922494856466944
DivN/A,divN/A,divN/A,divN/A,divN/A,divN/A,False,1820505150244413440
DivN/A,divN/A,divN/A,divN/A,divN/A,divN/A,False,1751044359569490432
DivN/A,divN/A,divN/A,divN/A,divN/A,divN/A,False,1841292941320679680
DivN/A,divN/A,divN/A,divN/A,divN/A,divN/A,False,1822614420356219136
DivN/A,divN/A,divN/A,divN/A,divN/A,divN/A,False,1836394123407835648
DivN/A,divN/A,divN/A,divN/A,divN/A,divN/A,False,1806442794120097792
DivN/A,divN/A,divN/A,divN/A,divN/A,divN/A,False,1835475169093042688
DivN/A,divN/A,divN/A,divN/A,divN/A,divN/A,False,1789659241348727040
DivN/A,divN/A,divN/A,divN/A,divN/A,divN/A,False,1866562153898971136
DivN/A,divN/A,divN/A,divN/A,divN/A,divN/A,False,1772485574751871488
DivN/A,divN/A,divN/A,divN/A,divN/A,divN/A,False,1637136790208356352
DivN/A,divN/A,divN/A,divN/A,divN/A,divN/A,False,1832462592821940480
DivN/A,divN/A,divN/A,divN/A,divN/A,divN/A,False,1833692547589575168
DivN/A,divN/A,divN/A,divN/A,divN/A,divN/A,False,1813090163981230336
DivN/A,divN/A,divN/A,divN/A,divN/A,divN/A,False,1807522590111764736
DivN/A,divN/A,divN/A,divN/A,divN/A,divN/A,False,1800685317911142656
DivN/A,divN/A,divN/A,divN/A,divN/A,divN/A,False,1799153732661194752
DivN/A,divN/A,divN/A,divN/A,divN/A,divN/A,False,1769742872071335936
DivN/A,divN/A,divN/A,divN/A,divN/A,divN/A,False,1821320890950304000
DivN/A,divN/A,divN/A,divN/A,divN/A,divN/A,False,1859353052731539968
DivN/A,divN/A,divN/A,divN/A,divN/A,divN/A,False,1838603523958739200
DivN/A,divN/A,divN/A,divN/A,divN/A,divN/A,False,1856726533194322176
DivN/A,divN/A,divN/A,divN/A,divN/A,divN/A,False,1807444032982778368
DivN/A,divN/A,divN/A,divN/A,divN/A,divN/A,False,1810533443534721280
DivN/A,divN/A,divN/A,divN/A,divN/A,divN/A,False,1821132104056410112
DivN/A,divN/A,divN/A,divN/A,divN/A,divN/A,False,1781453928887915008
"holy fucking shit, if an actor accidentally discharging a gun while rehearsing for a movie has you shitting bricks, wait until you hear about the teenager who asked his mommy to drive him across state lines so he could deliberately fire into a crowd of protestors",2.4M,7.7K,10K,64K,196,False,1616451045244248064
"We have a sacred obligation to care for the men and women who fought to protect our freedom.
 
This is how MAGA Republicans in Congress have chosen to repay them.",7.5M,8.4K,14K,40K,353,False,1652802509038141440
DivN/A,divN/A,divN/A,divN/A,divN/A,divN/A,False,1727322506275516416
DivN/A,divN/A,divN/A,divN/A,divN/A,divN/A,False,1742937024913707520
DivN/A,divN/A,divN/A,divN/A,divN/A,divN/A,False,1754473191219568640
DivN/A,divN/A,divN/A,divN/A,divN/A,divN/A,False,1773364768209822208
DivN/A,divN/A,divN/A,divN/A,divN/A,divN/A,False,1814705804349743360
DivN/A,divN/A,divN/A,divN/A,divN/A,divN/A,False,1765037261064925440
DivN/A,divN/A,divN/A,divN/A,divN/A,divN/A,False,1788874238117523456
DivN/A,divN/A,divN/A,divN/A,divN/A,divN/A,False,1791280753600262400
DivN/A,divN/A,divN/A,divN/A,divN/A,divN/A,False,1807105499839513088
DivN/A,divN/A,divN/A,divN/A,divN/A,divN/A,False,1877373859071959296
DivN/A,divN/A,divN/A,divN/A,divN/A,divN/A,False,1870200627063578880
DivN/A,divN/A,divN/A,divN/A,divN/A,divN/A,False,1867564432655806464
DivN/A,divN/A,divN/A,divN/A,divN/A,divN/A,False,1872340765353074688
DivN/A,divN/A,divN/A,divN/A,divN/A,divN/A,False,1841695723034714624
DivN/A,divN/A,divN/A,divN/A,divN/A,divN/A,False,1862708828912902144
DivN/A,divN/A,divN/A,divN/A,divN/A,divN/A,False,1875353956437709312
DivN/A,divN/A,divN/A,divN/A,divN/A,divN/A,False,1815718899943432192
DivN/A,divN/A,divN/A,divN/A,divN/A,divN/A,False,1816317229417292288
DivN/A,divN/A,divN/A,divN/A,divN/A,divN/A,False,1881369969742548992
DivN/A,divN/A,divN/A,divN/A,divN/A,divN/A,False,1859843962724548864
DivN/A,divN/A,divN/A,divN/A,divN/A,divN/A,False,1742622022973157888
DivN/A,divN/A,divN/A,divN/A,divN/A,divN/A,False,1857205624171368704
DivN/A,divN/A,divN/A,divN/A,divN/A,divN/A,False,1849589825701281792
DivN/A,divN/A,divN/A,divN/A,divN/A,divN/A,False,1845944097951175168
DivN/A,divN/A,divN/A,divN/A,divN/A,divN/A,False,1781130364922056704
DivN/A,divN/A,divN/A,divN/A,divN/A,divN/A,False,1792937569799291136
DivN/A,divN/A,divN/A,divN/A,divN/A,divN/A,False,1726671956152365568
DivN/A,divN/A,divN/A,divN/A,divN/A,divN/A,False,1852410203486183680
DivN/A,divN/A,divN/A,divN/A,divN/A,divN/A,False,1794432135400476672
DivN/A,divN/A,divN/A,divN/A,divN/A,divN/A,False,1803176039603957760
DivN/A,divN/A,divN/A,divN/A,divN/A,divN/A,False,1738245648862810624
DivN/A,divN/A,divN/A,divN/A,divN/A,divN/A,False,1740878634184061440
DivN/A,divN/A,divN/A,divN/A,divN/A,divN/A,False,1806509152673624320
DivN/A,divN/A,divN/A,divN/A,divN/A,divN/A,False,1814233715641389568
DivN/A,divN/A,divN/A,divN/A,divN/A,divN/A,False,1868827574270672896
DivN/A,divN/A,divN/A,divN/A,divN/A,divN/A,False,1832800591975792896
DivN/A,divN/A,divN/A,divN/A,divN/A,divN/A,False,1872367710656733440
DivN/A,divN/A,divN/A,divN/A,divN/A,divN/A,False,1881434489051816448
DivN/A,divN/A,divN/A,divN/A,divN/A,divN/A,False,1845857977460556288
DivN/A,divN/A,divN/A,divN/A,divN/A,divN/A,False,1865463729829085440
DivN/A,divN/A,divN/A,divN/A,divN/A,divN/A,False,1842680684173033472
DivN/A,divN/A,divN/A,divN/A,divN/A,divN/A,False,1758588191261495296
DivN/A,divN/A,divN/A,divN/A,divN/A,divN/A,False,1777350436280008704
DivN/A,divN/A,divN/A,divN/A,divN/A,divN/A,False,1781139047941104128
DivN/A,divN/A,divN/A,divN/A,divN/A,divN/A,False,1879079498358063360
DivN/A,divN/A,divN/A,divN/A,divN/A,divN/A,False,1693973626075402496
DivN/A,divN/A,divN/A,divN/A,divN/A,divN/A,False,1746883350571168000
DivN/A,divN/A,divN/A,divN/A,divN/A,divN/A,False,1816081132707856640
DivN/A,divN/A,divN/A,divN/A,divN/A,divN/A,False,1870958921521016832
DivN/A,divN/A,divN/A,divN/A,divN/A,divN/A,False,1881259535362351360
DivN/A,divN/A,divN/A,divN/A,divN/A,divN/A,False,1753938483515666944
DivN/A,divN/A,divN/A,divN/A,divN/A,divN/A,False,1729100256309121536
DivN/A,divN/A,divN/A,divN/A,divN/A,divN/A,False,1809605815608750592
DivN/A,divN/A,divN/A,divN/A,divN/A,divN/A,False,1816948917667246592
DivN/A,divN/A,divN/A,divN/A,divN/A,divN/A,False,1812276380115316736
DivN/A,divN/A,divN/A,divN/A,divN/A,divN/A,False,1812328127877566720
DivN/A,divN/A,divN/A,divN/A,divN/A,divN/A,False,1852945058305114112
DivN/A,divN/A,divN/A,divN/A,divN/A,divN/A,False,1837892747639881984
DivN/A,divN/A,divN/A,divN/A,divN/A,divN/A,False,1838384355397243136
DivN/A,divN/A,divN/A,divN/A,divN/A,divN/A,False,1840299545399291904
DivN/A,divN/A,divN/A,divN/A,divN/A,divN/A,False,1850887881469894656
DivN/A,divN/A,divN/A,divN/A,divN/A,divN/A,False,1877178396519641600
DivN/A,divN/A,divN/A,divN/A,divN/A,divN/A,False,1877415144088654080
DivN/A,divN/A,divN/A,divN/A,divN/A,divN/A,False,1863122664455614976
DivN/A,divN/A,divN/A,divN/A,divN/A,divN/A,False,1.871163247594e+18
DivN/A,divN/A,divN/A,divN/A,divN/A,divN/A,False,1796062186021810176
DivN/A,divN/A,divN/A,divN/A,divN/A,divN/A,False,1818156690484904448
DivN/A,divN/A,divN/A,divN/A,divN/A,divN/A,False,1692601402751685120
DivN/A,divN/A,divN/A,divN/A,divN/A,divN/A,False,1714313312127655936
DivN/A,divN/A,divN/A,divN/A,divN/A,divN/A,False,1766157902543568896
DivN/A,divN/A,divN/A,divN/A,divN/A,divN/A,False,1816103299764085248
DivN/A,divN/A,divN/A,divN/A,divN/A,divN/A,False,1839151840342269952
DivN/A,divN/A,divN/A,divN/A,divN/A,divN/A,False,1838264641660592384
DivN/A,divN/A,divN/A,divN/A,divN/A,divN/A,False,1728890532754231808
DivN/A,divN/A,divN/A,divN/A,divN/A,divN/A,False,1861551440231293184
DivN/A,divN/A,divN/A,divN/A,divN/A,divN/A,False,1733263774499377152
DivN/A,divN/A,divN/A,divN/A,divN/A,divN/A,False,1855064127007318016
DivN/A,divN/A,divN/A,divN/A,divN/A,divN/A,False,1863516532367663104
DivN/A,divN/A,divN/A,divN/A,divN/A,divN/A,False,1862849445253042688
DivN/A,divN/A,divN/A,divN/A,divN/A,divN/A,False,1714650380729040896
DivN/A,divN/A,divN/A,divN/A,divN/A,divN/A,False,1757361003027730432
DivN/A,divN/A,divN/A,divN/A,divN/A,divN/A,False,1846469063293190144
DivN/A,divN/A,divN/A,divN/A,divN/A,divN/A,False,1745614952855949824
DivN/A,divN/A,divN/A,divN/A,divN/A,divN/A,False,1819800464172650496
DivN/A,divN/A,divN/A,divN/A,divN/A,divN/A,False,1859673301162906112
DivN/A,divN/A,divN/A,divN/A,divN/A,divN/A,False,1854898968293261824
DivN/A,divN/A,divN/A,divN/A,divN/A,divN/A,False,1877425858702397696
DivN/A,divN/A,divN/A,divN/A,divN/A,divN/A,False,1815080881981190400
DivN/A,divN/A,divN/A,divN/A,divN/A,divN/A,False,1844397137238327808
DivN/A,divN/A,divN/A,divN/A,divN/A,divN/A,False,1882112073448218880
DivN/A,divN/A,divN/A,divN/A,divN/A,divN/A,False,1819785675450839040
DivN/A,divN/A,divN/A,divN/A,divN/A,divN/A,False,1866669428940685824
DivN/A,divN/A,divN/A,divN/A,divN/A,divN/A,False,1867698852784222464
DivN/A,divN/A,divN/A,divN/A,divN/A,divN/A,False,1875049777186136320
DivN/A,divN/A,divN/A,divN/A,divN/A,divN/A,False,1876823690811191808
DivN/A,divN/A,divN/A,divN/A,divN/A,divN/A,False,1880458698730139904
DivN/A,divN/A,divN/A,divN/A,divN/A,divN/A,False,1881954567207944192
DivN/A,divN/A,divN/A,divN/A,divN/A,divN/A,False,1833679768929112320
DivN/A,divN/A,divN/A,divN/A,divN/A,divN/A,False,1755069412032553216
DivN/A,divN/A,divN/A,divN/A,divN/A,divN/A,False,1836222842368557568
DivN/A,divN/A,divN/A,divN/A,divN/A,divN/A,False,1869144402977075200
DivN/A,divN/A,divN/A,divN/A,divN/A,divN/A,False,1875505273298620928
DivN/A,divN/A,divN/A,divN/A,divN/A,divN/A,False,1822316145698804224
DivN/A,divN/A,divN/A,divN/A,divN/A,divN/A,False,1822375229760664064
DivN/A,divN/A,divN/A,divN/A,divN/A,divN/A,False,1809984667728199936
DivN/A,divN/A,divN/A,divN/A,divN/A,divN/A,False,1868000563658440704
DivN/A,divN/A,divN/A,divN/A,divN/A,divN/A,False,1822540686471692544
DivN/A,divN/A,divN/A,divN/A,divN/A,divN/A,False,1764778254299185664
DivN/A,divN/A,divN/A,divN/A,divN/A,divN/A,False,1831910224925761536
DivN/A,divN/A,divN/A,divN/A,divN/A,divN/A,False,1815000085089882112
DivN/A,divN/A,divN/A,divN/A,divN/A,divN/A,False,1846171448072708608
DivN/A,divN/A,divN/A,divN/A,divN/A,divN/A,False,1740210964446753280
DivN/A,divN/A,divN/A,divN/A,divN/A,divN/A,False,1739341324174709248
DivN/A,divN/A,divN/A,divN/A,divN/A,divN/A,False,1848856105520112128
DivN/A,divN/A,divN/A,divN/A,divN/A,divN/A,False,1854709778515476736
DivN/A,divN/A,divN/A,divN/A,divN/A,divN/A,False,1772821772909302016
DivN/A,divN/A,divN/A,divN/A,divN/A,divN/A,False,1828606299770147328
DivN/A,divN/A,divN/A,divN/A,divN/A,divN/A,False,1813075190445699584
DivN/A,divN/A,divN/A,divN/A,divN/A,divN/A,False,1782927937739849984
DivN/A,divN/A,divN/A,divN/A,divN/A,divN/A,False,1781362094824169472
DivN/A,divN/A,divN/A,divN/A,divN/A,divN/A,False,1860307888855548416
DivN/A,divN/A,divN/A,divN/A,divN/A,divN/A,False,1860149089750647296
DivN/A,divN/A,divN/A,divN/A,divN/A,divN/A,False,1794179278827094528
DivN/A,divN/A,divN/A,divN/A,divN/A,divN/A,False,1809921947725443584
DivN/A,divN/A,divN/A,divN/A,divN/A,divN/A,False,1817679695686598656
DivN/A,divN/A,divN/A,divN/A,divN/A,divN/A,False,1732403719134753024
DivN/A,divN/A,divN/A,divN/A,divN/A,divN/A,False,1871613090854539264
DivN/A,divN/A,divN/A,divN/A,divN/A,divN/A,False,1875257689250656768
DivN/A,divN/A,divN/A,divN/A,divN/A,divN/A,False,1819311446884593920
DivN/A,divN/A,divN/A,divN/A,divN/A,divN/A,False,1802780850628510208
DivN/A,divN/A,divN/A,divN/A,divN/A,divN/A,False,1788942062731030528
DivN/A,divN/A,divN/A,divN/A,divN/A,divN/A,False,1868373631740387584
DivN/A,divN/A,divN/A,divN/A,divN/A,divN/A,False,1856410053865070592
DivN/A,divN/A,divN/A,divN/A,divN/A,divN/A,False,1864662862129397760
DivN/A,divN/A,divN/A,divN/A,divN/A,divN/A,False,1857477906454171904
DivN/A,divN/A,divN/A,divN/A,divN/A,divN/A,False,1822351879591887104
DivN/A,divN/A,divN/A,divN/A,divN/A,divN/A,False,1863604296140349696
DivN/A,divN/A,divN/A,divN/A,divN/A,divN/A,False,1795495026795201024
DivN/A,divN/A,divN/A,divN/A,divN/A,divN/A,False,1845291963060211712
DivN/A,divN/A,divN/A,divN/A,divN/A,divN/A,False,1829267471582548224
DivN/A,divN/A,divN/A,divN/A,divN/A,divN/A,False,1804707813006172416
DivN/A,divN/A,divN/A,divN/A,divN/A,divN/A,False,1851659311132692480
DivN/A,divN/A,divN/A,divN/A,divN/A,divN/A,False,1851601927122882816
DivN/A,divN/A,divN/A,divN/A,divN/A,divN/A,False,1740998800796446976
DivN/A,divN/A,divN/A,divN/A,divN/A,divN/A,False,1875965175947473408
DivN/A,divN/A,divN/A,divN/A,divN/A,divN/A,False,1806109725727281152
DivN/A,divN/A,divN/A,divN/A,divN/A,divN/A,False,1807806067503448064
DivN/A,divN/A,divN/A,divN/A,divN/A,divN/A,False,1733210476266303744
DivN/A,divN/A,divN/A,divN/A,divN/A,divN/A,False,1740372328792707584
DivN/A,divN/A,divN/A,divN/A,divN/A,divN/A,False,1767238269262012416
DivN/A,divN/A,divN/A,divN/A,divN/A,divN/A,False,1806517856605237760
DivN/A,divN/A,divN/A,divN/A,divN/A,divN/A,False,1837610466375270656
DivN/A,divN/A,divN/A,divN/A,divN/A,divN/A,False,1785605898670686464
DivN/A,divN/A,divN/A,divN/A,divN/A,divN/A,False,1725224488860602368
DivN/A,divN/A,divN/A,divN/A,divN/A,divN/A,False,1828197425171063296
DivN/A,divN/A,divN/A,divN/A,divN/A,divN/A,False,1741080203848225024
DivN/A,divN/A,divN/A,divN/A,divN/A,divN/A,False,1722926418785353984
DivN/A,divN/A,divN/A,divN/A,divN/A,divN/A,False,1732784355368444160
DivN/A,divN/A,divN/A,divN/A,divN/A,divN/A,False,1750913586480747008
DivN/A,divN/A,divN/A,divN/A,divN/A,divN/A,False,1808052812800049664
DivN/A,divN/A,divN/A,divN/A,divN/A,divN/A,False,1832880713332384256
DivN/A,divN/A,divN/A,divN/A,divN/A,divN/A,False,1842662782753194240
DivN/A,divN/A,divN/A,divN/A,divN/A,divN/A,False,1873726500605956608
DivN/A,divN/A,divN/A,divN/A,divN/A,divN/A,False,1876301450709508096
DivN/A,divN/A,divN/A,divN/A,divN/A,divN/A,False,1758824534247878656
DivN/A,divN/A,divN/A,divN/A,divN/A,divN/A,False,1771582263723012608
DivN/A,divN/A,divN/A,divN/A,divN/A,divN/A,False,1700291555888697600
DivN/A,divN/A,divN/A,divN/A,divN/A,divN/A,False,1744822606535049728
DivN/A,divN/A,divN/A,divN/A,divN/A,divN/A,False,1816431433746890752
DivN/A,divN/A,divN/A,divN/A,divN/A,divN/A,False,1866762847927046400
DivN/A,divN/A,divN/A,divN/A,divN/A,divN/A,False,1880380580698943744
DivN/A,divN/A,divN/A,divN/A,divN/A,divN/A,False,1745912961724514560
DivN/A,divN/A,divN/A,divN/A,divN/A,divN/A,False,1853737142687498752
DivN/A,divN/A,divN/A,divN/A,divN/A,divN/A,False,1760431849296302336
DivN/A,divN/A,divN/A,divN/A,divN/A,divN/A,False,1836611630278304000
DivN/A,divN/A,divN/A,divN/A,divN/A,divN/A,False,1802748906754752512
DivN/A,divN/A,divN/A,divN/A,divN/A,divN/A,False,1622286433372311552
DivN/A,divN/A,divN/A,divN/A,divN/A,divN/A,False,1800883251080208640
DivN/A,divN/A,divN/A,divN/A,divN/A,divN/A,False,1874480925935096064
DivN/A,divN/A,divN/A,divN/A,divN/A,divN/A,False,1820186906531123456
DivN/A,divN/A,divN/A,divN/A,divN/A,divN/A,False,1832803840178921472
DivN/A,divN/A,divN/A,divN/A,divN/A,divN/A,False,1805684514464923904
DivN/A,divN/A,divN/A,divN/A,divN/A,divN/A,False,1861446415056015616
DivN/A,divN/A,divN/A,divN/A,divN/A,divN/A,False,1796310438906618368
DivN/A,divN/A,divN/A,divN/A,divN/A,divN/A,False,1827450982361382912
DivN/A,divN/A,divN/A,divN/A,divN/A,divN/A,False,1810089275020517376
DivN/A,divN/A,divN/A,divN/A,divN/A,divN/A,False,1845978409257607424
DivN/A,divN/A,divN/A,divN/A,divN/A,divN/A,False,1841306128635834880
DivN/A,divN/A,divN/A,divN/A,divN/A,divN/A,False,1808627043552137728
DivN/A,divN/A,divN/A,divN/A,divN/A,divN/A,False,1815317819573129216
DivN/A,divN/A,divN/A,divN/A,divN/A,divN/A,False,1785825705110212864
DivN/A,divN/A,divN/A,divN/A,divN/A,divN/A,False,1794029892558041600
DivN/A,divN/A,divN/A,divN/A,divN/A,divN/A,False,1843013709331096064
DivN/A,divN/A,divN/A,divN/A,divN/A,divN/A,False,1799184556672647424
DivN/A,divN/A,divN/A,divN/A,divN/A,divN/A,False,1774432400287695360
DivN/A,divN/A,divN/A,divN/A,divN/A,divN/A,False,1858980267425492992
DivN/A,divN/A,divN/A,divN/A,divN/A,divN/A,False,1868649699882021120
DivN/A,divN/A,divN/A,divN/A,divN/A,divN/A,False,1710663220619313152
DivN/A,divN/A,divN/A,divN/A,divN/A,divN/A,False,1820020971694088704
DivN/A,divN/A,divN/A,divN/A,divN/A,divN/A,False,1765820872143655424
DivN/A,divN/A,divN/A,divN/A,divN/A,divN/A,False,1855387364757291264
DivN/A,divN/A,divN/A,divN/A,divN/A,divN/A,False,1.797349230434e+18
DivN/A,divN/A,divN/A,divN/A,divN/A,divN/A,False,1772329604398694656
DivN/A,divN/A,divN/A,divN/A,divN/A,divN/A,False,1863439411079237632
DivN/A,divN/A,divN/A,divN/A,divN/A,divN/A,False,1784551901880881152
DivN/A,divN/A,divN/A,divN/A,divN/A,divN/A,False,1815187468691316736
DivN/A,divN/A,divN/A,divN/A,divN/A,divN/A,False,1849566469966922240
DivN/A,divN/A,divN/A,divN/A,divN/A,divN/A,False,1854266258214342656
DivN/A,divN/A,divN/A,divN/A,divN/A,divN/A,False,1788264568252215296
DivN/A,divN/A,divN/A,divN/A,divN/A,divN/A,False,1812251719197180416
DivN/A,divN/A,divN/A,divN/A,divN/A,divN/A,False,1868418804474397184
DivN/A,divN/A,divN/A,divN/A,divN/A,divN/A,False,1802465620618833920
DivN/A,divN/A,divN/A,divN/A,divN/A,divN/A,False,1796344554133901824
DivN/A,divN/A,divN/A,divN/A,divN/A,divN/A,False,1761076552585097728
DivN/A,divN/A,divN/A,divN/A,divN/A,divN/A,False,1792626391235624960
DivN/A,divN/A,divN/A,divN/A,divN/A,divN/A,False,1813932736211480576
DivN/A,divN/A,divN/A,divN/A,divN/A,divN/A,False,1876393641075167232
DivN/A,divN/A,divN/A,divN/A,divN/A,divN/A,False,1791173454709899520
DivN/A,divN/A,divN/A,divN/A,divN/A,divN/A,False,1793558567775338496
DivN/A,divN/A,divN/A,divN/A,divN/A,divN/A,False,1879701233818337536
DivN/A,divN/A,divN/A,divN/A,divN/A,divN/A,False,1724096856450544128
DivN/A,divN/A,divN/A,divN/A,divN/A,divN/A,False,1760378849077112832
DivN/A,divN/A,divN/A,divN/A,divN/A,divN/A,False,1830557264790380800
DivN/A,divN/A,divN/A,divN/A,divN/A,divN/A,False,1797682675618320640
